id,website_id,author_id,warc_record_id,url,created_at,source_file_url,warc_date
1,3,1,<urn:uuid:500fa893-ef62-45ae-9d01-b8c774d6ae92>,https://news.abplive.com/entertainment/celebrities/bombay-high-court-quashes-fir-shekhar-suman-bharti-singh-comedy-circus-case-1839732,2026-09-29 15:00:20.3844,,
2,4,2,<urn:uuid:662224f5-7158-417a-97d2-60c15ee0a218>,https://www.law360.com/pulse/articles/2471663/buchalter-adds-engineer-turned-patent-atty-from-mintz,2026-09-29 15:00:20.3844,,
3,2,2,<urn:uuid:c8c169c3-6bbf-4c16-a5b3-cec2eda6c00d>,https://www.bizcommunity.com/article/eastern-cape-r500k-investment-to-enhance-animal-healthcare-boost-employment-392478a,2026-09-29 15:00:20.3844,,
4,1,3,<urn:uuid:9087c391-3627-44d0-8b57-49af02f292cd>,https://menafn.com/1111052504/Mumbai-Airport-Sees-Chaos-As-Spicejet-Delays-Stretch-Flights-To-Delhi-Bengaluru-And-Ahmedabad-Cancelled,2026-09-29 15:00:20.3844,,
5,3,4,<urn:uuid:2be24e0f-15d8-489c-9f52-e02d6ec4db3f>,https://news.abplive.com/entertainment/celebrities/shah-rukh-khan-king-south-africa-leak-ed-sheeran-song-deepika-padukone-1839735,2026-09-29 15:00:20.3844,,
6,4,2,<urn:uuid:e3a0d20e-3e6d-4132-9dc7-2c554bfba24a>,https://www.law360.com/pulse/articles/2471745/fbt-gibbons-plans-expansion-upgrades-in-nashville-office-,2026-09-29 15:00:20.3844,,
7,6,6,<urn:uuid:5f18b643-6d8e-4956-b9fe-50c90b7cbc2e>,https://www.koreaherald.com/article/10729829,2026-09-29 15:00:23.028009,,
8,5,2,<urn:uuid:c2b23022-7e47-4cbc-8732-be6e908276d5>,https://www.dvidshub.net/video/1004778/radio-around-region-interview-inspire-recruit-and-develop,2026-09-29 15:00:23.028009,,
9,7,7,<urn:uuid:8c8d5ea6-29c8-4ed8-9412-9fca3c6878d2>,https://censor.net/en/news/4000885/macron-says-orion-26-showed-europe-s-readiness,2026-09-29 15:00:23.028009,,
10,7,7,<urn:uuid:0cbc8f0e-afb7-4795-9f56-579deff0fc8f>,https://censor.net/en/news/4000888/butyagin-plans-new-excavations-in-occupied-crimea,2026-09-29 15:00:23.028009,,
11,10,2,<urn:uuid:b0eb18d1-a5d1-4248-adb9-2ddc07414616>,https://www.walfoot.be/news/2026-04-30/noa-lang-ne-restera-pas-au-galatasaray-mais-son-avenir-semble-trace--il-avait-ete-accueilli-comme-un-roi,2026-09-29 15:00:25.935645,,
12,8,8,<urn:uuid:4114cc9e-a17f-4f21-b5bf-9a1ad82ff7ab>,https://www.westernjournal.com/teachers-disgusting-comment-white-house-correspondents-dinner-shooting-gets-placed-leave/?utm_source=facebook&utm_medium=patriottimesusa&utm_campaign=lminetwork&utm_content=2026-05-01,2026-09-29 15:00:25.935645,,
13,9,2,<urn:uuid:b11dc767-a37c-4ab6-a84f-1ba4b3bdfe90>,https://www.goal.com/fr/listes/soudain-l-international-s-entraine-a-l-ecart-du-groupe-inquietude-pour-l-une-des-stars-du-fc-bayern-munich/blt3dc885f343005638,2026-09-29 15:00:25.935645,,
14,11,10,<urn:uuid:33ad4625-3b33-480c-a673-9e61f8c82872>,https://www.ypradio.org/2026-05-01/the-iran-war-has-caused-oil-and-gas-prices-to-skyrocket-how-its-affecting-consumers,2026-09-29 15:00:27.221845,,
15,12,2,<urn:uuid:87825a65-6717-4046-bdbc-7f7a41fb6b80>,https://www.rotowire.com/soccer/headlines/alexander-sorloth-injury-wont-play-saturday-513506,2026-09-29 15:00:29.130518,,
16,13,2,<urn:uuid:e52ef2af-903e-43f0-83fe-eabf4c6aa16c>,https://www.finanznachrichten.de/nachrichten-2026-05/68370689-find-immigration-law-is-launching-a-list-of-private-attorneys-in-the-united-states-296.htm,2026-09-29 15:00:29.130518,,
17,15,2,<urn:uuid:c2e90e1e-4c02-42f0-95a0-ab8ae9d16fee>,https://www.nasdaq.com/articles/altria-group-inc-bottom-line-advances-q1,2026-09-29 15:00:31.18899,,
18,14,2,<urn:uuid:729d7910-87b3-4712-9cbe-2a8b3c357246>,https://www.cbssports.com/nba/news/knicks-nba-record-hawks-76ers-celtics-kentucky-derby/,2026-09-29 15:00:31.18899,,
19,17,13,<urn:uuid:5e042fd8-839a-4b97-8947-2c2f912fd949>,https://www.foxnews.com/sports/best-bet-magic-take-top-seeded-pistons-orlando,2026-09-29 15:00:32.711561,,
20,16,14,<urn:uuid:4199faf7-04d3-4179-95df-ca84c28a0856>,https://www.blick.ch/fr/sport/hockey/national-league/important-detre-avec-lequipe-blesses-andrea-glauser-et-sandro-schmid-ont-fete-quand-meme-id21913954.html,2026-09-29 15:00:32.711561,,
21,18,17,<urn:uuid:78c5ef9e-1c55-4406-96b0-4ac3a95e0941>,https://www.benzinga.com/insights/news/26/04/52178418/transcript-suncoke-energy-q1-2026-earnings-conference-call,2026-09-29 15:00:34.999707,,
22,18,17,<urn:uuid:b8a1074d-3de3-497d-b335-57a8a46420bd>,https://www.benzinga.com/insights/news/26/04/52178474/transcript-martin-marietta-materials-q1-2026-earnings-conference-call,2026-09-29 15:00:34.999707,,
23,22,2,<urn:uuid:16ee5da7-6999-49e5-a6fe-1d79eb76f1bb>,https://www.nbcsports.com/watch/mlb/dont-hit-panic-button-with-boston-red-sox-yet-on-making-mlb-playoffs,2026-09-29 15:00:34.999707,,
24,20,15,<urn:uuid:1e3fac7c-34fb-4c03-88a3-44c6512674c9>,https://www.udiscovermusic.com/news/elmiene-baby-rose-honour/,2026-09-29 15:00:34.999707,,
25,19,16,<urn:uuid:a367f3fc-c71c-4c40-b320-d65afacb11fa>,https://www.echoroukonline.com/%D8%A3%D8%AD%D8%AF%D8%A7%D8%AB-%D8%A7%D9%84%D8%B4%D8%BA%D8%A8-%D9%88%D8%A7%D9%84%D8%B9%D9%86%D9%81-%D9%81%D9%8A-%D9%85%D9%84%D8%B9%D8%A8-%D8%A7%D9%84%D9%83%D8%A7%D9%84%D9%8A%D8%AA%D9%88%D8%B3-%D8%A3,2026-09-29 15:00:34.999707,,
26,21,19,<urn:uuid:68289892-e452-4aa6-9492-6feb794812e1>,https://www.revolt.tv/article/chris-brown-leon-thomas-fallin-fan-reactions,2026-09-29 15:00:34.999707,,
27,23,2,<urn:uuid:7ab1f786-8fa8-4140-9563-5e3224e7a752>,https://africa.espn.com/f1/story/_/id/48647758/justin-rose-jokes-needs-drs-struggling-new-mclaren-clubs-golf-f1,2026-09-29 15:00:34.999707,,
28,26,2,<urn:uuid:6b72a4cc-06e3-46c0-82f5-b53e0f1e08a2>,https://www.nhl.com/news/topic/playoffs/philadelphia-gained-belief-following-march-2026-road-trip,2026-09-29 15:00:39.535541,,
29,25,21,<urn:uuid:30277061-d929-4a13-b9ad-f54e5c4190e5>,https://thetab.com/2026/05/01/sydney-sweeney-shares-euphoria-nude-scenes-that-were-too-far-after-controversial-nsfw-plot,2026-09-29 15:00:39.535541,,
30,24,2,<urn:uuid:491d6b88-7acb-4638-a024-21c6b437140c>,https://fansided.com/mlb/the-mlb-records-aaron-judge-shohei-ohtani-and-more-could-break-in-2026,2026-09-29 15:00:39.535541,,
31,28,2,<urn:uuid:a890c00f-c03a-4fc1-a081-8a446a99b2e4>,https://timesofindia.indiatimes.com/city/gurgaon/woman-bludgeoned-to-death-after-threatening-police-complaint-1-arrested/articleshow/130685026.cms,2026-09-29 15:00:39.535541,,
32,27,2,<urn:uuid:fe881709-6429-473a-83be-4a97b702cb9a>,https://www.odt.co.nz/regions/north-otago/post-shop-owners-grateful-community,2026-09-29 15:00:39.535541,,
33,30,2,<urn:uuid:b5628130-27f9-45c2-96e1-146fd35ba401>,https://www.elbalad.news/6955877,2026-09-29 15:00:41.403832,,
34,32,22,<urn:uuid:de6f2bf9-76dc-4354-a112-b0466343e8dd>,https://report.az/en/foreign-politics/mp-ocampo-s-rhetoric-shows-he-s-turned-into-political-influence-tool,2026-09-29 15:00:41.403832,,
35,29,2,<urn:uuid:c573c4f3-07db-4c58-b678-ba9dcbb04732>,https://www.pulsesports.ng/story/thats-happened-to-salah-and-van-dijk-rooney-claims-age-has-affected-liverpool-stars-2026050118281810229,2026-09-29 15:00:41.403832,,
36,31,24,<urn:uuid:ecc70b81-e449-402a-867e-ce88647c43a0>,https://www.motor.com/2026/05/motor-top-20-awards-2026-entry/,2026-09-29 15:00:41.403832,,
37,28,2,<urn:uuid:0f910ced-8d09-4205-a1c5-62441a33f79e>,https://timesofindia.indiatimes.com/city/chennai/chennai-constable-held-for-sexually-assaulting-extorting-college-student-at-beach/articleshow/130684785.cms,2026-09-29 15:00:41.403832,,
38,35,2,<urn:uuid:a1255d0b-3cc7-427e-9cfc-96fae6a1f460>,https://www.cloudflare.com/en-au/application-services/products/registrar/buy-us-domains/,2026-09-29 15:00:44.532824,,
39,39,2,<urn:uuid:fd822914-7da5-4d50-8704-2b0c633a3a03>,https://www.almanar.com.lb/article/813047/,2026-09-29 15:00:44.532824,,
40,37,2,<urn:uuid:1fe86fab-4e70-4956-82bd-469cf86b0206>,https://www.kjrh.com/videos/news/local-news/full-interview-oklahomas-director-of-emergency-management-annie-vest,2026-09-29 15:00:44.532824,,
41,36,2,<urn:uuid:b29b4083-554f-4d35-9da5-26c10b94cc44>,https://www.indiatoday.in/world/story/us-to-withdraw-5000-troops-from-germany-as-trump-europe-rift-deepens-over-iran-war-2904570-2026-05-02,2026-09-29 15:00:44.532824,,
42,34,2,<urn:uuid:629f9d07-4659-4324-a0b0-d7213bf53322>,https://talkingpointsmemo.com/edblog/trump-admin-discovers-how-war-is-peace,2026-09-29 15:00:44.532824,,
43,38,2,<urn:uuid:56594acd-4f37-4653-90ba-bc75bb16bd05>,https://www.meltwater.com/en/capabilities/ai-visibility-tracking,2026-09-29 15:00:44.532824,,
44,42,2,<urn:uuid:ced17405-3584-4ddd-b279-03eb0816211c>,https://www.freepressjournal.in/entertainment/mere-favourite-artists-aise-hi-mar-gaye-samay-raina-trolls-badshahs-remote-control-private-jet-as-they-head-to-thailandvideo,2026-09-29 15:00:46.24935,,
45,41,2,<urn:uuid:8ce734ca-8e36-46c4-85d2-2ea17f911356>,https://www.oursportscentral.com/services/releases/bats-continue-winning-ways-with-9-5-victory/n-6356289,2026-09-29 15:00:46.24935,,
46,40,27,<urn:uuid:859ff7cf-5878-407a-b591-bd3a808fec79>,https://www.sentinelassam.com/topheadlines/study-links-low-birthweight-to-higher-stroke-risk-in-young-adults,2026-09-29 15:00:46.24935,,
47,42,2,<urn:uuid:1356f74a-a84e-471c-96e6-594513c9c536>,https://www.freepressjournal.in/entertainment/raja-shivaji-vs-ek-din-box-office-collection-day-1-riteish-deshmukhs-film-leads-with-1135-crore-sai-pallavi-starrer-registers-slow-start,2026-09-29 15:00:46.24935,,
48,40,27,<urn:uuid:62f21017-26d3-4d26-8021-730e45386fd8>,https://www.sentinelassam.com/topheadlines/supreme-court-grants-anticipatory-bail-to-congress-leader-pawan-khera,2026-09-29 15:00:46.24935,,
49,14,2,<urn:uuid:f3bb207b-271c-4b39-95ce-73b889dd9c81>,https://www.cbssports.com/fantasy/baseball/news/athletics-j-t-ginn-ineffective-in-loss/,2026-09-29 15:00:48.227111,,
50,44,30,<urn:uuid:be84980f-0ed6-4f96-af95-e7e23946ca89>,https://www.koimoi.com/box-office/hokum-north-america-box-office-2nd-biggest-previews-ever-for-neon-beats-immaculate/,2026-09-29 15:00:48.227111,,
51,8,28,<urn:uuid:beea6893-8768-400c-941d-5da1b00444fe>,https://www.westernjournal.com/secret-service-arrests-suspect-breaching-white-house-security-perimeter-king-charles-visit/?utm_source=facebook&utm_medium=teaparty&utm_campaign=lminetwork&utm_content=2026-05-02,2026-09-29 15:00:48.227111,,
52,49,2,<urn:uuid:53e841e0-c226-49e6-8f08-bbb8006817e0>,https://www.shawlocal.com/morris-herald-news/2026/05/02/grundy-area-vocational-center-morris-fire-department-team-to-create-path-for-new-firefighters/,2026-09-29 15:00:49.843087,,
53,46,2,<urn:uuid:232f0157-525e-4892-8ae0-1c7d8ba121c2>,https://mauinow.com/2026/05/01/maui-surf-forecast-for-may-02-2026/,2026-09-29 15:00:49.843087,,
54,48,32,<urn:uuid:7558cafa-5225-4092-9c59-b89c65bee855>,https://www.masrawy.com/autos/autos_news/details/2026/5/2/2981071/%D8%A5%D8%B7%D9%84%D8%A7%D9%82-%D8%B3%D9%8A%D8%A7%D8%B1%D8%A7%D8%AA-%D9%84%D9%83%D8%B2%D8%B3-%D8%A7%D9%84%D8%AC%D8%AF%D9%8A%D8%AF%D8%A9-%D8%A8%D8%A7%D9%84%D8%B3%D9%88%D9%82-%D8%A7%D9%84%D9%85%D8%B5%D8%B1%D9%8A-%D9%82%D8%B1%D9%8A%D8%A8-%D8%A7-%D8%AA%D8%B9%D8%B1%D9%81-%D8%B9%D9%84%D9%89-%D8%A7%D9%84%D9%85%D9%88%D8%B9%D8%AF-,2026-09-29 15:00:49.843087,,
55,47,2,<urn:uuid:a7e3bc60-6331-47f7-9fe0-4e02e31b6e07>,https://www.ctpublic.org/2026-05-01/the-expert-on-super-aging-breaks-down-the-science-and-grift-in-anti-aging,2026-09-29 15:00:49.843087,,
56,51,35,<urn:uuid:6b34a5cf-71cd-45ba-86b2-043431d6f3dd>,https://www.newindianexpress.com/entertainment/review/2026/May/02/hindireview2026may01ek-din-movie-review-sai-pallavi-is-great-junaid-khan-is-green-in-soothing-sloppy-romantic-drama,2026-09-29 15:00:51.672531,,
57,30,2,<urn:uuid:ed202e79-bc0b-4917-bfcb-730bcaee638c>,https://www.elbalad.news/6956387,2026-09-29 15:00:51.672531,,
58,52,34,<urn:uuid:d9bb4cd2-0a69-42ac-9ecf-9fa8544e9851>,https://www.footmercato.net/a4670288964388944948-kylian-mbappe-commence-a-serieusement-agacer-le-real-madrid,2026-09-29 15:00:51.672531,,
59,55,37,<urn:uuid:4810007e-fe3a-450f-b9f0-5f3430146563>,https://www.filgoal.com/articles/528340/%D8%A7%D9%84%D9%83%D8%B4%D9%81-%D8%B9%D9%86-%D8%B7%D8%A7%D9%82%D9%85-%D8%AD%D9%83%D8%A7%D9%85-%D8%A7%D9%84%D8%B2%D9%85%D8%A7%D9%84%D9%83-%D9%88%D8%A7%D8%AA%D8%AD%D8%A7%D8%AF-%D8%A7%D9%84%D8%B9%D8%A7%D8%B5%D9%85%D8%A9-%D9%81%D9%8A-%D8%A5%D9%8A%D8%A7%D8%A8-%D9%86%D9%87%D8%A7%D8%A6%D9%8A-%D8%A7%D9%84%D9%83%D9%88%D9%86%D9%81%D8%AF%D8%B1%D8%A7%D9%84%D9%8A%D8%A9,2026-09-29 15:00:53.492742,,
60,54,38,<urn:uuid:b3d92427-a9d8-4b80-a426-daf85efb2929>,https://www.news5cleveland.com/weather/dog-walking-forecast/snowy-and-chilly-saturday-dog-walking-forecast,2026-09-29 15:00:53.492742,,
61,53,36,<urn:uuid:7dcf5b7f-2277-4c2d-952a-6b67e4ee9460>,https://www.swissinfo.ch/fre/iran%3A-narges-mohammadi-transf%C3%A9r%C3%A9e-%C3%A0-l%27h%C3%B4pital%2C-selon-ses-soutiens/91354067,2026-09-29 15:00:53.492742,,
62,57,39,<urn:uuid:b82d8315-d568-4c81-adab-b43bf995fab7>,https://www.tastingtable.com/2159809/grocery-chains-donate-unsold-food/,2026-09-29 15:00:55.524065,,
63,56,2,<urn:uuid:981d7eec-d3f9-4aba-8853-658971a36c3d>,https://www.boursorama.com/actualite-economique/actualites/des-u16-ecossais-creent-la-polemique-avec-des-t-shirts-sexistes-855a77ca4c1ee6e94773e67ee6b7b7ee,2026-09-29 15:00:55.524065,,
64,58,43,<urn:uuid:e71a86d1-5bd4-4be1-8f2c-56c4a7480379>,https://www.zeffy.com/en-US/ticketing/joseph-adam-cathedral-organist,2026-09-29 15:00:58.169186,,
65,60,41,<urn:uuid:e49926d1-6d7c-4f51-acf3-54991c576a70>,https://www.aletihad.ae/news/%D8%A7%D9%84%D8%B1%D9%8A%D8%A7%D8%B6%D9%8A/4662713/%D8%AE%D9%8A%D8%A8%D8%A9-%D8%A7%D9%84%D8%A3%D9%85%D9%84-%D8%AA%D8%AD%D8%A7%D8%B5%D8%B1-%D8%A5%D9%86%D8%B1%D9%8A%D9%83%D9%8A-%D9%82%D8%A8%D9%84-%D9%85%D9%88%D8%A7%D8%AC%D9%87%D8%A9-%D8%A8%D8%A7%D9%8A%D8%B1%D9%86-%D8%A7%D9%84%D9%85%D8%B5%D9%8A%D8%B1%D9%8A%D8%A9,2026-09-29 15:00:58.169186,,
66,59,42,<urn:uuid:bddfbceb-cde1-4ba3-9f43-96c24f86036b>,https://www.womansera.com/i-worried-about-pregnancy-kanika-mann-shared-traumatic-experience-of-cousin-touching-inappropriately-from-her-childhood/,2026-09-29 15:00:58.169186,,
67,60,41,<urn:uuid:eb97506a-47d6-4f1f-ba12-0c379bc91965>,https://www.aletihad.ae/news/%D8%B9%D8%B1%D8%A8%D9%8A-%D9%88%D8%AF%D9%88%D9%84%D9%8A/4662709/%D8%A7%D9%84%D8%B3%D8%B9%D9%88%D8%AF%D9%8A%D8%A9-%D8%AA%D9%86%D8%B4%D8%B1-%D8%A8%D9%8A%D8%A7%D9%86%D8%A7-%D8%A8%D8%B4%D8%A3%D9%86-%D8%B9%D9%82%D9%88%D8%A8%D8%A7%D8%AA-%D8%A7%D9%84%D8%AD%D8%AC-%D8%A8%D8%AF%D9%88%D9%86-%D8%AA%D8%B5%D8%B1%D9%8A%D8%AD,2026-09-29 15:00:58.169186,,
68,14,2,<urn:uuid:7c40940b-7f1d-462b-9323-dbc909eb1546>,https://www.cbssports.com/fantasy/baseball/news/brewers-jackson-chourio-exits-saturdays-rehab-game/,2026-09-29 15:01:00.016003,,
69,63,46,<urn:uuid:ef0cc6f5-9fba-4554-9dd0-0ec8f7279e2a>,https://indianexpress.com/article/sports/badminton/india-tried-to-confuse-us-france-thomas-cup-win-10668136/,2026-09-29 15:01:00.016003,,
70,5,2,<urn:uuid:eaaaae31-67ba-44a5-bb4b-8a7c80d47e5d>,https://www.dvidshub.net/image/9656946/great-texas-airshow-2026,2026-09-29 15:01:00.016003,,
71,14,2,<urn:uuid:da6672ce-c673-4b82-8648-561c83670175>,https://www.cbssports.com/fantasy/baseball/news/guardians-austin-hedges-huge-day-in-saturdays-rout/,2026-09-29 15:01:00.016003,,
72,63,44,<urn:uuid:7c2663c1-a5ea-4cd3-b168-7d5a4f827f0a>,https://indianexpress.com/article/world/us-news/donald-trump-ai-image-lincoln-memorial-cabinet-reflecting-pool-viral-10668219/,2026-09-29 15:01:00.016003,,
73,65,49,<urn:uuid:a5046502-5d92-4183-8520-c4bf56298063>,https://primaryignition.com/2026/05/02/how-amds-data-center-revenue-went-from-zero-to-threatening-intels-most-profitable-business-in-36-months/,2026-09-29 15:01:01.648036,,
74,41,2,<urn:uuid:a83c6437-9b8d-4a30-bfe4-fbc262e2bea9>,https://www.oursportscentral.com/services/releases/wagners-two-homers-propel-riders-to-big-win/n-6356765,2026-09-29 15:01:01.648036,,
75,67,2,<urn:uuid:028b5abb-e3e3-41b0-9d77-996eca30338c>,https://www.thoughtworks.com/es-es/clients/konvergence,2026-09-29 15:01:01.648036,,
76,64,2,<urn:uuid:cee58f81-4cd0-48bb-80a3-8d417ca9f1d5>,https://www.nysun.com/article/pirro-in-abrupt-reversal-signals-end-of-powell-investigation,2026-09-29 15:01:01.648036,,
77,68,48,<urn:uuid:49237be5-8aa7-4d66-b39c-587ced2d2f54>,https://www.premiumtimesng.com/news/top-news/876384-pdp-dismisses-claims-of-leadership-vacuum.html,2026-09-29 15:01:01.648036,,
78,70,50,<urn:uuid:8f7c9d93-b679-400a-9854-36853db7e6a1>,https://www.jci.org/articles/view/204459,2026-09-29 15:01:05.475067,,
79,72,2,<urn:uuid:44ed1f43-dc4f-4685-8326-88668da90a29>,https://www.cpfc.co.uk/news/women/everett-on-a-second-palace-promotion-and-what-changed-at-half-time/,2026-09-29 15:01:05.475067,,
80,71,52,<urn:uuid:37452cb9-942d-4c2e-9758-d6ba80fe0fa4>,https://twistedsifter.com/2026/05/date-double-booked-why-this-bride-is-done-accommodating-her-forgetful-friend/,2026-09-29 15:01:05.475067,,
81,69,53,<urn:uuid:a20d815f-42f7-4060-95d7-43fe6b1d8e29>,https://www.mariefrance.fr/actualite/societe/barbecue-printemps-amende-france-regle-meconnnue-2026-795286.html,2026-09-29 15:01:05.475067,,
82,73,2,<urn:uuid:e28357cb-fe9b-454d-9308-9413a137a6aa>,https://www.skynewsarabia.com/business/1867483-%D8%B1%D9%88%D9%8A%D8%AA%D8%B1%D8%B2-%D8%AA%D8%AD%D8%A7%D9%84%D9%81-%D8%A3%D9%88%D8%A8%D9%83-%D8%B3%D9%8A%D9%88%D8%A7%D9%81%D9%82-%D8%B2%D9%8A%D8%A7%D8%AF%D8%A9-%D8%AC%D8%AF%D9%8A%D8%AF%D8%A9-%D9%84%D8%A5%D9%86%D8%AA%D8%A7%D8%AC-%D8%A7%D9%84%D9%86%D9%81%D8%B7,2026-09-29 15:01:05.475067,,
83,74,2,<urn:uuid:da509bbb-9daf-40e7-aa36-34b631f1bc15>,https://www.newsbytesapp.com/news/india/pm-announces-rs-2-lakh-ex-gratia-for-delhi-fire-victims-families/story,2026-09-29 15:01:07.17963,,
84,75,55,<urn:uuid:1cec6d1e-2cc2-459d-a41d-96ac84044fe5>,https://www.kucb.org/2026-05-03/ilona-bannister-discusses-her-mystery-novel-five,2026-09-29 15:01:07.17963,,
85,76,57,<urn:uuid:c3ebc7ff-e8a9-410b-a1f0-cb8d2736a614>,https://english.republika.mk/economy/salaries-in-the-tirz-industrial-zones-rose-by-6-percent-in-2025/,2026-09-29 15:01:08.912087,,
86,77,1,<urn:uuid:c3ab2ab5-ea6f-4114-9933-ea6340d1a31a>,https://ianslive.in/indias-shruti-ahlawat-emerges-champion-in-singles-final-of-itf-w15--20260503204317,2026-09-29 15:01:08.912087,,
87,78,2,<urn:uuid:b6240861-51d9-4d5c-8bdd-b5e9046585d2>,https://www.gamenguide.com/articles/107939/20260501/windrose-beginner-tips-master-blocking-stamina-ultimate-pirate-captain-guide.htm,2026-09-29 15:01:10.574622,,
88,80,2,<urn:uuid:c9db29b1-f0e7-4fb1-b89e-4557fe2a98fe>,https://www.aljazeera.com/video/counting-the-cost/2026/4/28/will-the-iran-war-push-millions-back-into-poverty,2026-09-29 15:01:10.574622,,
89,82,2,<urn:uuid:67a737ee-47f5-4823-95b5-be49cca591a2>,https://www.boston25news.com/sports/braves-place-ronald/LS5G7VVUDE53LIGAMNKLUFXRLQ/,2026-09-29 15:01:10.574622,,
90,81,2,<urn:uuid:ece64a84-3f8f-4be3-be98-fd13ba9379f9>,https://unidivers.fr/event/sentiers-plaisir-observatoires-de-la-tete-mathis-schirmeck-bas-rhin-2026-08-16/,2026-09-29 15:01:10.574622,,
91,78,2,<urn:uuid:f7efc913-5915-4a52-af4c-8d668002eb03>,https://www.gamenguide.com/articles/107942/20260501/subnautica-2-release-times-confirmed-pc-xbox-series-xs-early-access-launch-date.htm,2026-09-29 15:01:10.574622,,
92,79,2,<urn:uuid:7f70a925-1ebd-45fe-9b7f-3cbcf456df46>,https://www.aspenpublicradio.org/2026-05-03/i-just-want-to-see-her-again-says-son-of-imprisoned-myanmar-ex-leader-aung-san-suu-kyi,2026-09-29 15:01:10.574622,,
93,82,2,<urn:uuid:2756d3b5-9cb7-4924-8489-766ba0abd381>,https://www.boston25news.com/sports/man-united-beats/XWBDRRUK6Y5ZZHPBD2UZ3JCL3Q/,2026-09-29 15:01:10.574622,,
94,83,60,<urn:uuid:ca9b6bdc-6afd-45e9-bac0-8190b8b898aa>,https://sportmail.ru/news/others/70759336/,2026-09-29 15:01:12.102667,,
95,3,61,<urn:uuid:4ce6e17a-894c-46f4-a44e-4bac4033efdd>,https://news.abplive.com/elections/raidighi-election-result-2026-live-updates-constituency-vote-counting-winner-loser-tmc-bjp-congress-west-bengal-assembly-election-1840275,2026-09-29 15:01:12.102667,,
96,30,2,<urn:uuid:218e3141-a7e1-4f2d-bc25-7c4691a7f870>,https://www.elbalad.news/6958233,2026-09-29 15:01:12.102667,,
97,84,2,<urn:uuid:0510c490-9e7d-4804-818c-5866db7a0ea7>,https://www.aljazeera.net/news/2026/5/3/%D9%85%D8%A7%D9%84%D9%83-%D9%85%D8%B7%D8%B9%D9%85-%D9%88%D8%B3%D9%8A%D8%B7-%D8%B3%D8%B1%D9%8A-%D9%84%D8%AD%D8%B5%D9%88%D9%84-%D9%86%D8%AA%D9%86%D9%8A%D8%A7%D9%87%D9%88-%D8%B9%D9%84%D9%89,2026-09-29 15:01:12.102667,,
98,91,2,<urn:uuid:0fc99722-f350-4500-bbe2-52c25eecd31b>,https://www.wmot.org/2026-05-03/gas-prices-went-up-more-than-30-cents-a-gallon-last-week-how-high-could-they-go,2026-09-29 15:01:13.875563,,
99,87,64,<urn:uuid:14383dbe-5c35-4b20-9fb1-790703d90e14>,https://iphonesoft.fr/2026/05/03/watchos-27-apple-simplifier-cadran-modulaire-ultra-apple-watch,2026-09-29 15:01:13.875563,,
100,88,62,<urn:uuid:ede75f3c-b448-48d6-8cf1-b038d421c5b5>,https://www.delawarepublic.org/npr-headlines/2026-05-03/hantavirus-outbreak-kills-3-on-cruise-ship-in-the-atlantic-ocean-who-says,2026-09-29 15:01:13.875563,,
101,90,65,<urn:uuid:8dad9abd-ecb2-4e8e-8c65-dc92d6bdb00c>,https://www.latestly.com/india/news/allahabad-high-court-on-live-in-relationships-western-ideas-fuel-misuse-of-rape-laws-court-sets-aside-life-sentence-7290391.html,2026-09-29 15:01:13.875563,,
102,89,2,<urn:uuid:b5d6159e-8476-432f-b2f2-4a27e27e0686>,https://www.financialexpress.com/india-news/kaipamangalam-election-results-2026-live-updates-kerala-thrissur-kaipamangalam-election-trends-winner-up-runner-up-candidates/4226415/,2026-09-29 15:01:13.875563,,
103,89,2,<urn:uuid:035b04e3-eeea-4095-aeff-50ed16db43c0>,https://www.financialexpress.com/india-news/kakdwip-election-results-2026-live-updates-west-bengal-mathurapur-kakdwip-election-trends-winner-up-runner-up-candidates/4227153/,2026-09-29 15:01:13.875563,,
104,92,2,<urn:uuid:35d0acc6-0dfc-4854-8362-4ea690ec812f>,https://www.hindustantimes.com/india-news/over-15-000-to-be-engaged-for-counting-day-duties-in-kerala-101777835387377.html,2026-09-29 15:01:15.742225,,
105,94,69,<urn:uuid:f16dc5ee-dee5-4589-a80c-157bca8d29a4>,https://le10sport.com/football/ligue1/om/walid-acherchour-se-lache-aujourdhui-il-ny-a-plus-rien-de-roberto-de-zerbi-a-habib-beye-le-changement-qui-fait-tres-mal-a-lom-782226,2026-09-29 15:01:17.613757,,
106,93,2,<urn:uuid:3bbffcac-9e87-41f5-8274-71ff22d4268e>,https://www.timesnownews.com/business-economy/economy/suvendu-adhikari-net-worth-properties-and-asset-growth-a-detailed-look-article-154239007,2026-09-29 15:01:17.613757,,
107,96,67,<urn:uuid:4804f991-16a8-4d0a-929e-3a6e45381d5d>,https://www.business-standard.com/markets/capital-market-news/valor-estate-soars-after-favourable-bombay-high-court-verdict-126050400257_1.html,2026-09-29 15:01:17.613757,,
108,92,2,<urn:uuid:083d400c-677b-4713-a6ce-5c9ce85c0f71>,https://www.hindustantimes.com/cities/lucknow-news/akhilesh-yadav-targets-bjp-over-lpg-price-hike-smart-meters-and-evm-security-101777865036520-amp.html,2026-09-29 15:01:17.613757,,
109,56,2,<urn:uuid:47e36c90-bd94-40ce-85ef-b7705088ab7d>,https://www.boursorama.com/videos/actualites/ligue-1-lyon-bat-rennes-et-se-rapproche-de-la-ligue-des-champions-089e9d27cfd7c549eb5ea951a75a3c40,2026-09-29 15:01:19.508484,,
110,99,71,<urn:uuid:f22b9d95-58c2-4d50-bea4-6bfab8900939>,https://auto.hindustantimes.com/auto/maruti-suzuki-jimny-ev-spotted-in-wild-will-it-come-to-india-41777879050789.html,2026-09-29 15:01:21.247408,,
111,98,2,<urn:uuid:172305fa-6dfc-4021-894e-93593b85fa36>,https://www.wionews.com/india-news/puducherry-election-result-2026-who-won-where-see-full-winners-list-constituency-wise-1777872961920,2026-09-29 15:01:21.247408,,
112,100,2,<urn:uuid:0a18cdce-b45e-43e5-ab92-de49282744c9>,https://centreforaviation.com/news/icts-staff-at-glasgow-airport-balloted-over-strike-action-1357671,2026-09-29 15:01:21.247408,,
113,103,73,<urn:uuid:8ca31363-b9cb-4cf4-b9d0-7c5a503d6aed>,https://www.newsgram.com/india/2026/05/04/salim-dola-planned-massive-mephedrone-scale-up-to-flood-indian-markets,2026-09-29 15:01:22.659355,,
114,101,75,<urn:uuid:45fd65ee-b90c-4046-b6af-379f87a91e4b>,https://www.kanw.org/npr-news/2026-05-04/in-many-states-election-denying-candidates-are-running-to-control-voting,2026-09-29 15:01:22.659355,,
115,102,2,<urn:uuid:52223bfc-e94a-4135-b60e-e53817be4341>,https://zeenews.india.com/india/west-bengal-election-results-2026-bjp-s-rekha-patra-leads-in-hingalganj-how-the-sandeshkhali-face-make-her-presence-felt-in-state-politics-3044394.html,2026-09-29 15:01:22.659355,,
116,104,2,<urn:uuid:afc9e06f-6882-4d76-a86b-620852bc92f6>,https://www.k923orlando.com/fp/you-could-win-morgan-wallen-tickets-k923s-instagram-page/,2026-09-29 15:01:24.329213,,
117,105,2,<urn:uuid:a68199a3-8c61-4397-ac43-cefa19ae78bb>,https://www.wrvo.org/2026-05-04/at-the-2026-met-gala-fashion-is-art-heres-what-to-expect,2026-09-29 15:01:24.329213,,
118,42,2,<urn:uuid:08bc8fdb-a14c-4342-9ea2-a42f3f9f43b1>,https://www.freepressjournal.in/sports/nagaland-state-lottery-result-may-4-2026-8-pm-live-watch-streaming-of-winners-list-of-dear-clover-sambad-night-monday-weekly-draw,2026-09-29 15:01:25.977271,,
119,106,78,<urn:uuid:50c70968-1c4f-4320-a0fa-a5f781e6d566>,https://ghanaguardian.com/dede-ayew-took-care-of-me-kofi-kyereh/,2026-09-29 15:01:25.977271,,
120,108,2,<urn:uuid:9c5230cc-46c5-4694-9f4e-582e9d2b9a79>,https://thewest.com.au/business/markets/wall-st-mixed-as-us-iran-tensions-unsettle-investors-c-22234374,2026-09-29 15:01:27.64984,,
121,110,2,<urn:uuid:7727e70e-4d7a-4412-a87b-72c5cf201642>,https://www.heygen.com/vi-vn/translate/english-to-ukrainian,2026-09-29 15:01:27.64984,,
122,96,67,<urn:uuid:7ed8c9d2-0012-478d-8f46-bf24562212bb>,https://www.business-standard.com/amp/finance/news/rbi-cautions-public-over-fake-loan-waiver-claims-fraudulent-entities-126050401528_1.html,2026-09-29 15:01:27.64984,,
123,111,81,<urn:uuid:7c6477bb-2411-4e55-bb59-92d4e4c8f6ce>,https://www.siasat.com/three-held-for-impersonating-officials-to-obtain-ipl-tickets-in-hyderabad-3465237/,2026-09-29 15:01:27.64984,,
124,112,2,<urn:uuid:51dc9750-ca9f-470e-849f-cbd11ffe8be3>,https://www.newsanyway.com/2026/05/04/eric-wood-on-why-cold-plasma-could-reshape-us-manufacturing/,2026-09-29 15:01:29.233497,,
125,28,2,<urn:uuid:94ea0739-2056-4b5d-91c7-34cfc79901eb>,https://timesofindia.indiatimes.com/city/puducherry/puducherry-election-results-2026-ainrc-led-nda-retains-power-india-bloc-bites-the-dust/articleshow/130805546.cms,2026-09-29 15:01:29.233497,,
126,114,2,<urn:uuid:8229e418-fa8d-4d68-a732-c580cc711e4e>,https://www.eanlibya.com/%D9%85%D8%B6%D9%8A%D9%82-%D9%87%D8%B1%D9%85%D8%B2-%D8%B9%D9%84%D9%89-%D8%B5%D9%81%D9%8A%D8%AD-%D8%B3%D8%A7%D8%AE%D9%86-%D8%B7%D9%84%D9%82%D8%A7%D8%AA-%D8%A5%D9%8A%D8%B1%D8%A7%D9%86%D9%8A/,2026-09-29 15:01:29.233497,,
127,118,86,<urn:uuid:b2b41c8a-3072-40f2-a261-20289a08c760>,https://futurism.com/artificial-intelligence/grok-convinces-man-arm-himself-hammer,2026-09-29 15:01:30.903265,,
128,42,2,<urn:uuid:7217637a-a3fc-4d71-a268-7c44d0a67279>,https://www.freepressjournal.in/bhopal/35000-case-backlog-welcomes-rekha-yadav-as-new-women-panel-chief,2026-09-29 15:01:30.903265,,
129,117,2,<urn:uuid:4fcb8581-c9e9-404f-9358-766c254852c3>,https://www.1055thedove.com/entertainment/cameron-diaz-benji-madden-announce-birth-3rd-child/UVHUJAASQA3RNGKFCVYEL3ULRA/,2026-09-29 15:01:30.903265,,
130,119,83,<urn:uuid:c12e9b80-03de-4cf6-a74e-0859d46278f2>,https://gulfnews.com/uae/uae-schools-on-alert-amid-missile-threats-classes-to-continue-as-usual-safety-protocols-in-place-1.500528966,2026-09-29 15:01:30.903265,,
131,116,85,<urn:uuid:c37aaed2-52b7-4671-8eea-8b50c7d3d430>,https://www.kdll.org/2026-05-04/in-john-of-john-father-and-son-are-gay-and-theyre-keeping-it-from-each-other,2026-09-29 15:01:30.903265,,
132,115,87,<urn:uuid:d189b1d4-69bf-4a3a-a040-d5d12970ccdf>,https://www.krwg.org/2026-05-04/in-john-of-john-father-and-son-are-gay-and-theyre-keeping-it-from-each-other,2026-09-29 15:01:30.903265,,
133,81,2,<urn:uuid:76af1cad-09af-477e-b516-9c7bc4b27b8c>,https://unidivers.fr/event/conference-des-artistes-en-bord-de-mediterranee-le-boulou-pyrenees-orientales-2026-09-22/,2026-09-29 15:01:32.512605,,
134,60,41,<urn:uuid:9b1fc959-8e04-433a-82f5-1a753e641227>,https://www.aletihad.ae/news/%D8%B9%D8%B1%D8%A8%D9%8A-%D9%88%D8%AF%D9%88%D9%84%D9%8A/4663162/%D8%A7%D9%84%D8%A8%D8%AD%D8%B1%D9%8A%D9%86-%D8%AA%D8%AF%D9%8A%D9%86-%D8%A7%D9%84%D8%A7%D8%B9%D8%AA%D8%AF%D8%A7%D8%A1%D8%A7%D8%AA-%D8%A7%D9%84%D8%A5%D8%B1%D9%87%D8%A7%D8%A8%D9%8A%D8%A9-%D8%A7%D9%84%D8%A5%D9%8A%D8%B1%D8%A7%D9%86%D9%8A%D8%A9-%D8%A8%D8%A7%D9%84%D8%B5%D9%88%D8%A7%D8%B1%D9%8A%D8%AE-%D9%88%D8%A7%D9%84%D8%B7%D8%A7%D8%A6,2026-09-29 15:01:32.512605,,
135,101,2,<urn:uuid:885001bd-68aa-4b8a-b2d7-4288285ca3d7>,https://www.kanw.org/2026-05-04/supreme-court-temporarily-restores-nationwide-access-to-mifepristone,2026-09-29 15:01:32.512605,,
136,124,91,<urn:uuid:39f9ce38-bd95-40ff-8160-85ab51eb6be7>,https://www.keranews.org/news/2026-05-04/texas-ag-ken-paxton-accuses-mud-of-violating-open-meetings-law-in-new-lawsuit,2026-09-29 15:01:32.512605,,
137,121,2,<urn:uuid:b12287e9-55eb-4cac-a9c5-711873ced6d4>,https://www.si.com/nfl/giants/onsi/ny-giants-2027-mock-draft-ryan-coleman-williams-analysis-01kqt0ayd5xx,2026-09-29 15:01:32.512605,,
138,126,90,<urn:uuid:546a0c8e-a6fe-4c78-9c63-c4c95f1d2845>,https://www.tigerrag.com/jim-engster-great-expectations-for-new-kids-in-town/?utm_source=rss&utm_medium=rss&utm_campaign=jim-engster-great-expectations-for-new-kids-in-town,2026-09-29 15:01:32.512605,,
139,129,92,<urn:uuid:b4b193e9-197d-4ad3-a848-8e8a6fbdf8a9>,https://www.wuwm.com/colleagues-say-milwaukee-journal-sentinel-political-watchdog-columnist-dan-bice-left-quite-a-legacy,2026-09-29 15:01:34.150285,,
140,127,2,<urn:uuid:6fe31d24-561e-45c4-b8d0-e8666a7b82bd>,https://www.publicradiotulsa.org/2026-05-04/lacmas-sprawling-new-galleries-encourage-getting-lost-and-discovering-new-art,2026-09-29 15:01:34.150285,,
141,81,2,<urn:uuid:ac151df5-ece7-43ac-8d7f-a0a16dc9c15f>,https://unidivers.fr/event/fete-de-la-saint-pierre-sausset-les-pins-bouches-du-rhone-2026-06-28/,2026-09-29 15:01:34.150285,,
142,131,2,<urn:uuid:8186c754-63ea-467b-bf2e-84426272204f>,https://www.wvia.org/tags/derek-kichline,2026-09-29 15:01:34.150285,,
143,51,94,<urn:uuid:4d1de203-853c-4e5d-8fe9-a4636a441298>,https://www.newindianexpress.com/elections/assam-elections/2026/May/04/nda-storms-to-third-straight-assam-term-with-102-seats-as-himanta-retains-power-by-with-record-mandate,2026-09-29 15:01:34.150285,,
144,134,2,<urn:uuid:e9def9ae-8ecc-4138-9bd7-254c66b01bcf>,https://www.wskg.org/npr-news/2026-05-04/blake-lively-and-justin-baldoni-settle-dispute-weeks-before-scheduled-trial,2026-09-29 15:01:35.82728,,
145,81,2,<urn:uuid:c41d6baf-99b8-4675-849c-430c67fdec05>,https://unidivers.fr/event/brocante-et-salon-multi-collections-heming-moselle-2026-05-17/,2026-09-29 15:01:35.82728,,
146,24,2,<urn:uuid:4db4a6a8-7597-4565-abf3-00373349805e>,https://fansided.com/nba/ranking-the-4-current-nba-head-coach-openings-and-predicting-who-fills-them,2026-09-29 15:01:35.82728,,
147,136,2,<urn:uuid:484e026d-2b32-40b0-93ce-905b6448d041>,https://www.telegraphindia.com/business/sensex-declines-361-points-to-76907-in-early-trade-nifty-drops-134-points-to-23980/cid/2159076,2026-09-29 15:01:37.634773,,
148,135,2,<urn:uuid:f8c0f2ac-aa51-4910-aebd-8e6e529a9e20>,https://newsable.asianetnews.com/india/jabalpur-massive-fire-breaks-out-at-warehouses-near-katangi-bypass-articleshow-gyru68y,2026-09-29 15:01:37.634773,,
149,1,3,<urn:uuid:58b60c8a-8ea8-4350-b61a-811c82f537fe>,https://menafn.com/1111063546/Vibrant-Gujarat-Russian-Ukrainian-Delegates-Join-Meditation-Sessions,2026-09-29 15:01:39.058806,,
150,138,2,<urn:uuid:1574d5a7-5b2d-42e1-ac70-54b176b707fa>,https://www.kenyan-post.com/2026/05/who-is-this-foreign-man-selling-tea-and.html,2026-09-29 15:01:39.058806,,
151,30,2,<urn:uuid:594941a4-cf6a-42b9-9433-9c7c8faa25cc>,https://www.elbalad.news/6959883,2026-09-29 15:01:40.956605,,
152,81,2,<urn:uuid:6e1ea12d-71bf-4ce2-8d37-914108ecc2d0>,https://unidivers.fr/event/sortie-de-residence-insomaniak-au-tiers-lieu-savy-a-st-projet-saint-projet-lot-2026-05-29/,2026-09-29 15:01:40.956605,,
153,9,2,<urn:uuid:53a3c5f8-9362-4bc0-88c7-237e0e0bfebb>,https://www.goal.com/ar-eg/%D8%A3%D8%AE%D8%A8%D8%A7%D8%B1/%D9%85%D8%A7-%D8%A7%D9%84%D9%82%D9%86%D9%88%D8%A7%D8%AA-%D8%A7%D9%84%D9%86%D8%A7%D9%82%D9%84%D8%A9-%D9%84%D9%85%D8%A8%D8%A7%D8%B1%D9%8A%D8%A7%D8%AA-%D8%A7%D9%84%D9%8A%D8%A7%D8%A8%D8%A7%D9%86-%D9%81%D9%8A-%D9%83%D8%A7%D9%94%D8%B3-%D8%A7%D9%84%D8%B9%D8%A7%D9%84%D9%85-2026-%D9%88%D9%83%D9%8A%D9%81-%D8%AA%D8%B4%D8%A7%D9%87%D8%AF%D9%87%D8%A7-%D8%B9%D8%A8%D8%B1-%D8%A7%D9%84%D8%A7%D9%95%D9%86%D8%AA%D8%B1%D9%86%D8%AA/blt08fac519cf021f0f,2026-09-29 15:01:42.965054,,
154,141,100,<urn:uuid:4e674f49-430a-4abf-95d0-4ffe35cd1ba3>,https://www.nhpr.org/2026-05-05/tuesdays-election-in-indiana-puts-trumps-influence-to-the-test,2026-09-29 15:01:42.965054,,
155,15,2,<urn:uuid:a3c4f2a8-2ce3-457c-a513-24a34d0039ba>,https://www.nasdaq.com/articles/genius-sports-geni-q3-2025-earnings-transcript,2026-09-29 15:01:42.965054,,
156,56,2,<urn:uuid:7d24236d-cd6e-4e88-8055-8db083b13869>,https://www.boursorama.com/bourse/actualites/firefly-aerospace-attendu-en-forte-hausse-apres-ses-resultats-5c13ba7ddd60895bc1e8b69b5ba2b8a0,2026-09-29 15:01:44.716492,,
157,81,2,<urn:uuid:c1e5256e-6615-4961-b14a-ff98c86ab2cf>,https://unidivers.fr/event/jeudi-de-lete-la-ferte-bernard-sarthe-2026-07-02/,2026-09-29 15:01:44.716492,,
158,13,2,<urn:uuid:788284f5-aab6-4465-b666-21efbdf35d33>,https://www.finanznachrichten.de/nachrichten-2026-05/68396664-revvity-q1-earnings-rises-guides-fy26-plans-china-unit-divestiture-020.htm,2026-09-29 15:01:44.716492,,
159,145,102,<urn:uuid:0e08bbb8-6963-44f6-9e2d-2590c955c74b>,https://www.cityam.com/gen-z-dont-want-meaningless-work-but-that-might-be-a-good-thing/,2026-09-29 15:01:44.716492,,
160,148,2,<urn:uuid:6794be91-05e7-4a18-8d1d-9936e443aaa5>,https://www.bluewin.ch/fr/infos/regional/philippe-juvet-la-t-te-de-la-fondation-d-art-dramatique-gen-ve-3220679.html,2026-09-29 15:01:46.482368,,
161,149,106,<urn:uuid:8f61d440-a97f-419e-b34c-8946bf740ec6>,https://www.closermag.fr/people/chantal-nobel-combien-a-t-elle-eu-denfants-3634380,2026-09-29 15:01:48.128812,,
162,150,2,<urn:uuid:388eced9-14c4-4bb2-b9af-e5892aa4c809>,https://watananews.com/528971/,2026-09-29 15:01:48.128812,,
163,81,2,<urn:uuid:50c98bc3-88d3-4b1c-beb7-28f8fa1d7cfe>,https://unidivers.fr/event/festival-du-bien-etre-dans-le-jardin-il-giardino-della-valle-via-plinio-cernobbio-rovenna-como-2026-06-07t0900000200/,2026-09-29 15:01:49.83569,,
164,104,2,<urn:uuid:30c72447-7f6c-41b1-acd4-5a7ad885e601>,https://www.k923orlando.com/news/parents-trust-report/5QWVZGWHNE3MDDEXXDBYB5YWUA/,2026-09-29 15:01:49.83569,,
165,15,2,<urn:uuid:5f0ed2ac-9aed-4296-a165-9819be7a20d9>,https://www.nasdaq.com/articles/pfizer-pfe-reports-q1-earnings-what-key-metrics-have-say,2026-09-29 15:01:51.216535,,
166,42,2,<urn:uuid:4d4a1b76-1705-477f-8aa3-035ccddf25d3>,https://www.freepressjournal.in/mumbai/maharashtra-cm-devendra-fadnavis-orders-bmc-and-sra-to-submit-list-of-govt-flats-from-developers-amid-housing-irregularities-allegations,2026-09-29 15:01:51.216535,,
167,155,2,<urn:uuid:73d80a67-6e3a-4827-9545-1997dbcff9b7>,https://www.wsbtv.com/news/local/hate-sitting-atlanta-traffic-youll-want-avoid-i-285-westside-this-weekend/IV6N2JOX7ZFQVC2UGHJOVCF4SQ/,2026-09-29 15:01:51.216535,,
168,155,2,<urn:uuid:3b6c8ed1-bf45-4556-a68f-aa3c04cc008b>,https://www.wsbtv.com/sports/pirates-reliever/4EEN4EMBFQYXRENFIOJG2MDDZQ/,2026-09-29 15:01:52.943811,,
169,84,110,<urn:uuid:2f2cefdb-efc7-4f10-8910-da97d7edb1b9>,https://www.aljazeera.net/news/2026/5/5/%D8%A7%D9%84%D8%A3%D9%82%D9%85%D8%A7%D8%B1-%D8%A7%D9%84%D8%B5%D9%86%D8%A7%D8%B9%D9%8A%D8%A9-%D8%AA%D9%83%D8%B4%D9%81-%D9%83%D9%88%D8%A7%D9%84%D9%8A%D8%B3-%D8%B9%D9%88%D8%AF%D8%A9,2026-09-29 15:01:52.943811,,
170,108,2,<urn:uuid:27fb77b7-1806-4a14-9aa8-bde276863a1c>,https://thewest.com.au/news/regional/ronald-schoppe-kalgoorlie-builder-fined-1500-after-illegal-and-incorrect-plumbing-work-at-clients-house-c-22236742,2026-09-29 15:01:52.943811,,
171,162,2,<urn:uuid:675978cb-54b4-481b-91ec-2056f371d9d7>,https://www.lebanon24.com/news/breaking-news/1521605/%D9%88%D8%B2%D9%8A%D8%B1-%D8%AE%D8%A7%D8%B1%D8%AC%D9%8A%D8%A9-%D8%A3%D9%84%D9%85%D8%A7%D9%86%D9%8A%D8%A7-%D8%AD%D8%B2%D8%A8-%D8%A7%D9%84%D9%84%D9%87-%D9%8A%D9%82%D9%88%D8%B6-%D8%B3%D9%8A%D8%A7%D8%AF%D8%A9-%D8%A7%D9%84%D8%A3%D8%B1%D8%A7%D8%B6%D9%8A-%D8%A7%D9%84%D9%84%D8%A8%D9%86%D8%A7%D9%86%D9%8A%D8%A9-%D9%88%D8%AD%D8%B5%D8%B1%D9%8A%D8%A9-%D8%A7%D9%84%D9%82%D8%B1%D8%A7,2026-09-29 15:01:52.943811,,
172,159,2,<urn:uuid:661038ce-5dea-4a5a-a8a0-7bd455c78fd3>,https://www.newsghana.com.gh/think-tank-demands-imf-accountability-over-bank-of-ghanas-gh%E2%82%B515-6bn-loss/,2026-09-29 15:01:52.943811,,
173,15,2,<urn:uuid:7c947c9e-9352-4949-a84b-727ec2c08f5c>,https://www.nasdaq.com/articles/redwire-gears-report-q1-earnings-heres-what-expect,2026-09-29 15:01:52.943811,,
174,161,2,<urn:uuid:2c7323cc-b1a5-4517-9a31-0a144c312018>,https://www.ksut.org/2026-05-05/where-things-stand-on-iran-nuclear-negotiations,2026-09-29 15:01:52.943811,,
175,166,2,<urn:uuid:aeb03f2e-4fb2-4336-9573-dd90a7718dbf>,https://www.indiainfoline.com/company/blue-star-ltd/options/30-06-2026-ce-1680,2026-09-29 15:01:54.774466,,
176,15,2,<urn:uuid:aa19306b-49fa-4271-a48f-dbd0eb7ea3d8>,https://www.nasdaq.com/articles/harley-davidson-hog-q1-2026-earnings-transcript,2026-09-29 15:01:54.774466,,
177,18,17,<urn:uuid:b70e9382-4bb0-4cad-9540-668e5f83a9d2>,https://www.benzinga.com/insights/news/26/05/52291921/transcript-sunstone-hotel-invts-q1-2026-earnings-conference-call,2026-09-29 15:01:54.774466,,
178,81,2,<urn:uuid:28583869-f57a-47e5-8ff6-1e7cb7e5fc75>,https://unidivers.fr/event/dictee-geante-arenes-du-temperas-ales-gard-2026-06-04t1400000200/,2026-09-29 15:01:54.774466,,
179,168,2,<urn:uuid:1c409b1a-aa48-49f0-aba2-420681236667>,https://realting.com/israel/new-buildings/36368,2026-09-29 15:01:56.744157,,
180,14,2,<urn:uuid:bfd9cc73-7eec-4f3b-8c14-29bd6818f8c0>,https://www.cbssports.com/golf/news/truist-championship-2026-predictions-odds-picks-field-rankings-pga-tour-preview/,2026-09-29 15:01:56.744157,,
181,92,2,<urn:uuid:f1e7b182-56c0-4cee-a8d1-f69639b403bc>,https://www.hindustantimes.com/world-news/suspected-hantavirus-cases-to-be-evacuated-from-cruise-ship-101778017741373.html,2026-09-29 15:01:56.744157,,
182,170,2,<urn:uuid:d3e9fc38-f73d-4030-9dc6-9499fc51458b>,https://www.cbsnews.com/miami/video/hollywood-house-fire-destroys-home-triggering-roof-collapse-neighbors-evacuate-safely/,2026-09-29 15:01:56.744157,,
183,172,115,<urn:uuid:1c736426-ef38-44ca-ba4f-ae80808d82e3>,https://www.independentsentinel.com/the-new-world-order-removing-100k-troops-from-europe/,2026-09-29 15:01:58.287457,,
184,171,2,<urn:uuid:7ed25e30-c9ce-407a-b313-b81b9d670f0c>,https://www.kshb.com/videos/news/local-news/missouri/kansas-city/witness-testimony-body-camera-recounts-fairway-ofc-jonah-oswalds-last-moments,2026-09-29 15:01:58.287457,,
185,60,41,<urn:uuid:401ae231-a54d-4c62-9b01-2b50b4a57078>,https://www.aletihad.ae/news/%D8%A7%D9%84%D8%A5%D9%85%D8%A7%D8%B1%D8%A7%D8%AA/4663491/%D8%AD%D9%85%D8%AF-%D8%A7%D9%84%D8%B4%D8%B1%D9%82%D9%8A--%D8%A7%D9%84%D8%B3%D8%A7%D8%AF%D8%B3-%D9%85%D9%86-%D9%85%D8%A7%D9%8A%D9%88-%D9%8A%D9%88%D9%85-%D8%AA%D8%AA%D8%AC%D8%B3%D8%AF-%D9%81%D9%8A%D9%87-%D9%82%D9%88%D8%A9-%D8%A7%D9%84%D8%A7%D8%AA%D8%AD%D8%A7%D8%AF-%D9%88%D8%B9%D8%B2%D8%A9-%D8%A7%D9%84,2026-09-29 15:02:00.06544,,
186,177,119,<urn:uuid:01eb0228-30a4-4776-bac2-f825c1717122>,https://www.i24news.tv/en/news/innov-nation/artc-israel-faces-growing-challenge-to-bring-back-its-scientific-talent,2026-09-29 15:02:02.201808,,
187,176,118,<urn:uuid:0a99d01c-4e7e-4547-8099-ede3452688b4>,https://www.brusselstimes.com/belgium/2113918/brussels-more-sleep-deprived-than-flanders-over-zaventem-airports-noise-pollution/,2026-09-29 15:02:02.201808,,
188,175,120,<urn:uuid:a97ff307-b630-4a49-8da2-6c3d3023f70f>,https://www.arab48.com/%D9%85%D8%AD%D9%84%D9%8A%D8%A7%D8%AA/%D8%A3%D8%AE%D8%A8%D8%A7%D8%B1-%D9%85%D8%AD%D9%84%D9%8A%D8%A9/2026/05/06/%D8%AF%D8%A7%D9%84%D9%8A%D8%A9-%D8%A7%D9%84%D9%83%D8%B1%D9%85%D9%84-%D8%AA%D8%AD%D9%82%D9%8A%D9%82-%D9%81%D9%8A-%D8%A7%D8%AD%D8%AA%D8%B1%D8%A7%D9%82-%D8%B4%D8%A7%D8%AD%D9%86%D8%A7%D8%AA-%D9%88%D8%AE%D8%B2%D8%A7%D9%86%D8%A7%D8%AA-%D8%BA%D8%A7%D8%B2,2026-09-29 15:02:02.201808,,
189,96,67,<urn:uuid:cd4429d9-c9a8-4804-a55f-214a23bfbc69>,https://www.business-standard.com/economy/news/services-pmi-rises-to-58-8-in-april-from-57-5-in-march-on-strong-demand-126050600136_1.html,2026-09-29 15:02:02.201808,,
190,162,2,<urn:uuid:03b7752c-eade-4136-85f2-9a27b2d79cf6>,https://www.lebanon24.com/news/breaking-news/1521813/%D8%A7%D9%84%D8%AF%D9%81%D8%A7%D8%B9-%D8%A7%D9%84%D8%B1%D9%88%D8%B3%D9%8A%D8%A9-%D8%A3%D8%B3%D9%82%D8%B7%D9%86%D8%A7-53-%D8%B7%D8%A7%D8%A6%D8%B1%D8%A9-%D9%85%D8%B3%D9%8A%D8%B1%D8%A9-%D8%A3%D9%88%D9%83%D8%B1%D8%A7%D9%86%D9%8A%D8%A9-%D9%81%D9%88%D9%82-%D9%85%D9%86%D8%A7%D8%B7%D9%82-%D8%B9%D8%AF%D8%A9-%D9%85%D9%86-%D8%A7%D9%84%D8%A8%D9%84%D8%A7%D8%AF,2026-09-29 15:02:04.087506,,
191,179,2,<urn:uuid:254e8330-4325-44f9-811a-a50963ed4fee>,https://allafrica.com/stories/202605060156.html,2026-09-29 15:02:05.577496,,
192,180,123,<urn:uuid:77e5d3b5-41fe-4deb-a973-c7ea842ba577>,https://www.knkx.org/2026-05-06/napheesa-collier-says-her-critique-of-the-wnba-was-a-little-dramatic-but-it-worked,2026-09-29 15:02:05.577496,,
193,72,2,<urn:uuid:c6ae6584-ec75-4eef-b207-40a67998399b>,https://www.cpfc.co.uk/news/information/palace-v-shakhtar-tv-information-how-to-follow-decisive-semi-final-second-leg/,2026-09-29 15:02:07.317974,,
194,181,126,<urn:uuid:047134e1-348a-4ce5-85a4-060a27e92c13>,https://www.prnewswire.co.uk/news-releases/ai-based-research-services-market-to-surpass-usd-35-420-4-million-by-2035-as-synthetic-data-and-predictive-intelligence-transform-enterprise-decision-making-302764038.html,2026-09-29 15:02:07.317974,,
195,183,124,<urn:uuid:b69006f5-9636-4064-962f-b77c0db87cb1>,https://www.fastcompany.com/91537048/target-new-shopping-cart-built-for-stanleys-and-starbucks-exclusive?partner=rss&amp;utm_source=rss&amp;utm_medium=feed&amp;utm_campaign=rss+fastcompany&amp;utm_content=rss,2026-09-29 15:02:07.317974,,
196,112,2,<urn:uuid:7c658795-4714-47e7-b907-0a1475cd5b4a>,https://www.newsanyway.com/2026/05/06/a-world-without-call-centers-how-voice-ai-erased-2-million-jobs-in-18-months/,2026-09-29 15:02:07.317974,,
197,58,43,<urn:uuid:9eb54c6d-c4b2-436a-94c5-f052a9fb05d2>,https://www.zeffy.com/en-CA/ticketing/2026-cef-steinbach-vision-dinner-600pm-830pm,2026-09-29 15:02:09.208814,,
198,53,128,<urn:uuid:53e3cfd2-0b12-40bd-bea6-096722827836>,https://www.swissinfo.ch/fre/communaute-des-suisses-de-letranger/comment-attirer-les-jeunes-dans-les-clubs-suisses-de-france/91359489?utm_source=gn&utm_campaign=swi-rss&utm_medium=rss&utm_content=o,2026-09-29 15:02:11.247786,,
199,187,129,<urn:uuid:38c6039e-ad9a-4873-a3bf-941809a23dac>,https://www.wemu.org/wemu-news/2026-05-06/local-concern-about-finding-ticks-on-pets-rises-within-community,2026-09-29 15:02:11.247786,,
200,189,132,<urn:uuid:96594ea9-e86a-4dab-9b3b-037dc7c4d8d1>,https://www.entertainmentdaily.com/news/loose-womens-sue-cleaver-dramatic-new-haircut-phillip-schofield/,2026-09-29 15:02:12.946049,,
201,188,130,<urn:uuid:a70a7d72-c285-43f3-af8c-43cfa8dba94c>,https://www.wyso.org/2026-05-06/brash-cnn-founder-ted-turner-dies,2026-09-29 15:02:12.946049,,
202,190,131,<urn:uuid:ce21514f-b57b-44af-9b1a-f8c9d7bd0c9d>,https://www.dailysabah.com/world/mid-east/israel-again-violates-lebanon-truce-killing-9-more-across-country,2026-09-29 15:02:12.946049,,
203,191,2,<urn:uuid:7d597fe5-738e-40b2-aa27-0f3cd433610e>,https://www.modernghana.com/news/1467326/why-i-go-hard-on-them-blakk-rasta-on-his-style.html,2026-09-29 15:02:14.967653,,
204,193,134,<urn:uuid:347bae31-641f-4e59-af61-f4cbcac5ce78>,https://www.biometricupdate.com/202605/south-africa-gazettes-digital-id-draft-regulation-seeks-comments,2026-09-29 15:02:14.967653,,
205,192,2,<urn:uuid:beb2af91-7a40-4ad8-b8bb-ac45969d5fe2>,https://lecourrier.vn/le-developpement-du-secteur-economique-prive-enregistre-des-evolutions-positives/1346881.html,2026-09-29 15:02:14.967653,,
206,195,2,<urn:uuid:70d092ca-b4c8-4712-a833-6ef706d9c634>,https://fr.allafrica.com/stories/202605060692.html,2026-09-29 15:02:16.886102,,
207,12,2,<urn:uuid:d9c241af-aaac-4460-9b63-4f5c05dbb837>,https://www.rotowire.com/article/best-new-mexico-online-casinos-2026-ndash-top-sweeps-options-reviewed-113561,2026-09-29 15:02:16.886102,,
208,199,2,<urn:uuid:e5354404-ff0a-4379-b898-9746b5800ba4>,https://www.elitedaily.com/entertainment/kesha-celibate-not-when-italy,2026-09-29 15:02:18.41944,,
209,197,2,<urn:uuid:b3e2bfb9-6408-4eb2-9334-cfbcdc0abdd1>,https://www.fox13news.com/dinner-deeas/southern-soul-baked-spaghetti-catfish-tenders,2026-09-29 15:02:18.41944,,
210,198,2,<urn:uuid:b8bef8c2-9b7e-45f4-ba60-e3328567e79d>,https://www.kpax.com/videos/news/national-news/late-spring-storm-dumps-up-to-a-foot-of-snow-in-denver,2026-09-29 15:02:18.41944,,
211,196,2,<urn:uuid:8d4ffc27-2d99-4517-b65c-111baa9f8b4e>,https://empiresportsmedia.com/new-york-yankees/the-yankees-have-an-unsung-hero-in-the-bullpen-3/,2026-09-29 15:02:18.41944,,
212,14,2,<urn:uuid:3028fdfc-bb38-4cea-853e-465123e1a84a>,https://www.cbssports.com/betting/news/nba-odds-how-joel-embiid-being-ruled-out-of-76ers-knicks-game-2-has-impacted-odds-model-simulations/,2026-09-29 15:02:20.147942,,
213,200,2,<urn:uuid:64c7c98f-f0a3-48de-9b9e-fcacab472664>,https://clickup.com/templates/invoice/for-wedding-photography,2026-09-29 15:02:20.147942,,
214,205,2,<urn:uuid:e2aefc19-4114-4951-88a3-b1e97797fc89>,https://www.wired-gov.net/wg/news.nsf/articles/ypo+receives+feefo+gold+trusted+service+award+06052026090500?open,2026-09-29 15:02:21.659423,,
215,204,2,<urn:uuid:723a096e-b2d5-48b2-9d7e-ea4a80285512>,https://www.einpresswire.com/article/910901001/velnox-solutions-engaged-in-philanthropy-work-completes-successful-pet-supply-drive-for-mohawk-hudson-humane-society,2026-09-29 15:02:21.659423,,
216,203,2,<urn:uuid:abaacb7c-9053-4425-a8fd-ebaa9974faf5>,https://actualitte.com/livres/885446/extraits/fils-de-chien-vladimir-slepian-9782490356669,2026-09-29 15:02:21.659423,,
217,206,138,<urn:uuid:28722c14-19b4-4bdf-819b-d43cccf81ac2>,https://blackamericaweb.com/2026/05/06/president-barack-obama-visited-the-late-show-with-stephen-colbert/,2026-09-29 15:02:21.659423,,
218,198,2,<urn:uuid:75d94e16-177c-4573-9bfe-c83f3dfd5449>,https://www.kpax.com/videos/news/missoula-county/missoula-voters-approve-mcps-elementary-and-high-school-levies,2026-09-29 15:02:21.659423,,
219,208,141,<urn:uuid:2593a0c2-bb81-4dba-9b8b-47bd09704923>,http://oskynews.org/west-sweeps-throwing-events-as-statesmen-take-fourth-in-conference/,2026-09-29 15:02:21.659423,,
220,202,140,<urn:uuid:0822793d-1b98-4308-aa02-89bc9b8dce78>,https://www.emaratalyoum.com/life/culture/2026-05-07-1.2043302,2026-09-29 15:02:21.659423,,
221,15,2,<urn:uuid:cd153498-4472-4d7b-94ac-1ba1fc82f4c1>,https://www.nasdaq.com/articles/ibotta-ibta-q1-2026-earnings-transcript,2026-09-29 15:02:23.93199,,
222,209,143,<urn:uuid:a42b3ea6-fe55-4746-8a90-2e910f7dee8f>,https://www.lakeshorepublicmedia.org/2026-05-06/antisemitism-is-a-campaign-issue-in-uk-regional-vote,2026-09-29 15:02:23.93199,,
223,145,144,<urn:uuid:e0a51db5-a309-44fb-b42b-336f8d168b66>,https://www.cityam.com/why-democracy-needs-the-rich/,2026-09-29 15:02:25.621567,,
224,56,2,<urn:uuid:3bff6ea7-765b-495f-ac29-b1aa8074841d>,https://www.boursorama.com/bourse/actualites/swiss-re-benefice-net-en-hausse-de-19-au-1t-a-1-5-milliard-usd-995fe873d1fce332bb9a5968b32f62b4,2026-09-29 15:02:27.608122,,
225,216,147,<urn:uuid:39f6f909-e1c5-4d1a-a31c-cc5bd2eb4a47>,https://ca.headtopics.com/news/analyzing-the-risks-of-ai-sector-consolidation-and-83057824,2026-09-29 15:02:27.608122,,
226,217,2,<urn:uuid:b84a2c60-a6be-4972-b553-c325396c94f6>,https://www.hiphopgalaxy.com/blog/can-i-harden-a-pressed-powder-with-silicone-dioxide-glycerine-and-acacia-powder/,2026-09-29 15:02:27.608122,,
227,59,42,<urn:uuid:8f12b5a0-38c0-426b-a5f1-a399d4f7cd44>,https://www.womansera.com/akshay-kumar-undergoes-eye-surgery-takes-short-break-from-shooting-amid-success-of-bhoot-bangla/,2026-09-29 15:02:27.608122,,
228,212,2,<urn:uuid:d5df13f8-2861-4f82-9b0e-5693b8319af9>,https://www.androidauthority.com/qualcomm-snapdragon-4-6-gen-5-3664450/,2026-09-29 15:02:27.608122,,
229,30,2,<urn:uuid:a0d4a0b4-b0e3-4b9a-b09b-ab41acfb9284>,https://www.elbalad.news/6962130,2026-09-29 15:02:27.608122,,
230,94,69,<urn:uuid:bc838504-6b7b-497b-accf-881d6474add5>,https://le10sport.com/football/ligue1/psg/zaireemery-le-meilleur-lateral-droit-francais-deschamps-est-interpelle-sur-le-plateau-de-lequipe-du-soir-782526,2026-09-29 15:02:29.425514,,
231,219,149,<urn:uuid:5ae98866-8a4a-4f88-8e3a-5009dda4534e>,https://www.dtnext.in/news/politics/vck-chief-thirumavalavan-urges-governor-arlekar-to-invite-vijay-to-form-government,2026-09-29 15:02:29.425514,,
232,222,151,<urn:uuid:47cd3347-a931-4bb2-b0c1-2a8ea9d6ff6a>,https://www.boisestatepublicradio.org/2026-05-07/psychiatrists-say-rfk-jr-s-take-on-ssris-is-an-oversimplification-of-the-problem,2026-09-29 15:02:38.108981,,
233,221,2,<urn:uuid:6ab2d3b9-b93d-4f21-8203-ac5a28c3c0e2>,https://www.marfapublicradio.org/2026-05-07/psychiatrists-say-rfk-jr-s-take-on-ssris-is-an-oversimplification-of-the-problem,2026-09-29 15:02:38.108981,,
234,84,2,<urn:uuid:61e808cf-9b68-4155-b1c9-9a845a09777d>,https://www.aljazeera.net/tech/2026/5/7/%D8%A3%D8%AC%D9%87%D8%B2%D8%A9-%D8%A7%D9%84%D8%AA%D8%AA%D8%A8%D8%B9-%D8%A7%D9%84%D8%B0%D9%83%D9%8A-%D9%87%D9%84-%D8%AA%D8%AD%D9%85%D9%8A-%D8%A3%D8%B4%D9%8A%D8%A7%D8%A1%D9%83-%D8%AD%D9%82%D8%A7,2026-09-29 15:02:38.108981,,
235,225,2,<urn:uuid:78e91af3-6769-496e-866f-2c75c29f9c6a>,https://videobolt.net/author/hannadarling/prism-type-3d-7,2026-09-29 15:02:40.17707,,
236,93,2,<urn:uuid:0926d758-c801-4441-bb5a-bca915a3845e>,https://www.timesnownews.com/entertainment-news/korean/ador-reacts-to-minji-future-with-newjeans-band-drops-surprise-birthday-wish-for-her-why-are-bunnies-not-happy-article-154267261,2026-09-29 15:02:40.17707,,
237,176,118,<urn:uuid:86848022-975d-4035-a3d8-75096c2c17f6>,https://www.brusselstimes.com/belgium/2118421/worker-dies-after-wall-collapses-in-ghent/,2026-09-29 15:02:40.17707,,
238,227,2,<urn:uuid:bf7b5be2-a6b5-4723-b957-12b45c54bf09>,https://www.channelnewsasia.com/singapore/crocodile-sentosa-cove-caught-put-down-nparks-6107121?cid=cna_flip_070214,2026-09-29 15:02:42.289829,,
239,228,154,<urn:uuid:5ca3c592-0354-48e6-91ca-2b7bf3a1ab9f>,https://brandequity.economictimes.indiatimes.com/news/media/prime-focus-moves-nclat-after-nclt-admits-insolvency-plea-over-alleged-rs-353-79-cr-debt/130899583,2026-09-29 15:02:42.289829,,
240,226,2,<urn:uuid:c59185f8-317b-4d18-8db2-ef70a802b1d5>,https://worldsoccertalk.com/watch-on-us-tv/how-to-watch-al-shabab-vs-al-nassr-in-the-usa-live-stream-and-tv-for-2025-2026-saudi-pro-league/,2026-09-29 15:02:42.289829,,
241,229,2,<urn:uuid:85fffb8f-cfac-4791-bc66-47819d4224e4>,https://www.hot105fm.com/news/trending/recall-alert-crme-brle-sold-aldi-recalled/ZC66Z3RJCNAWDEVTCI53LDLD3U/,2026-09-29 15:02:42.289829,,
242,166,2,<urn:uuid:95d0a0fc-2543-4571-9776-0032c767391b>,https://www.indiainfoline.com/company/vedanta-ltd/options/30-06-2026-ce-400,2026-09-29 15:02:49.386444,,
243,230,2,<urn:uuid:6a001f69-b6be-4186-aede-a97734e1cf53>,https://www.99jamzmiami.com/news/trending/kodak-black-arrested-faces-drug-charges/BYEFSPSWM5D7DJCAAEQTQHZEOQ/,2026-09-29 15:02:49.386444,,
244,96,67,<urn:uuid:26f9949b-cc36-4416-94ef-8ca74dad505b>,https://www.business-standard.com/amp/cricket/ipl/ipl-2026-dc-vs-kkr-playing-11-live-toss-and-match-time-streaming-126050701484_1.html,2026-09-29 15:02:49.386444,,
245,234,2,<urn:uuid:918d44cc-fb6a-44a4-bcae-b94733626ce0>,https://www.zawya.com/en/projects/construction/egypts-monterra-to-deliver-first-phase-of-474mln-north-coast-project-within-3-years-tdm8j5ca,2026-09-29 15:02:51.510926,,
246,235,160,<urn:uuid:3d208e5c-c556-4eee-b9ad-aa1d40c22dc1>,https://standard.gm/experts-validate-gamren-needs-assessment-report/,2026-09-29 15:02:51.510926,,
247,233,158,<urn:uuid:0b6c28be-f94f-4581-93ce-e1530e69c616>,https://www.wcpo.com/marketplace/cincylifestyle/ai-tools-helping-entrepreneurs-save-time,2026-09-29 15:02:51.510926,,
248,237,2,<urn:uuid:057237bd-9068-491f-bc7a-ad539460111f>,https://www.marketbeat.com/instant-alerts/rosenblatt-securities-increases-miami-international-nysemiax-price-target-to-6100-2026-05-07/,2026-09-29 15:02:53.732735,,
249,236,2,<urn:uuid:ceb79531-9fe2-4cb9-80ea-36bc00be2fe7>,https://www.advanced-television.com/2026/05/07/google-sponsoring-itvs-2026-world-cup-coverage/,2026-09-29 15:02:53.732735,,
250,240,163,<urn:uuid:0abff7a0-80f0-4c4a-9e10-80ec8bef2ac2>,https://www.planetf1.com/news/lewis-hamilton-footage-double-standards-next-few-rounds-prediction,2026-09-29 15:02:55.643174,,
251,241,2,<urn:uuid:571ecbd0-6e09-4fcf-9543-735f09bd3129>,https://www.shorouknews.com/news/view.aspx?cdate=07052026&id=240e962d-8d3b-46cd-af45-d41e243ed9a4,2026-09-29 15:02:55.643174,,
252,239,2,<urn:uuid:2fbd6f5e-f725-4cfe-8a52-789df2390b59>,https://www.apr.org/science-health/2026-05-07/health-officials-track-dozens-who-left-hantavirus-stricken-ship-after-1st-fatality,2026-09-29 15:02:55.643174,,
253,241,2,<urn:uuid:0f5fb424-6cf2-4c6c-9232-b61582ef5497>,https://www.shorouknews.com/news/view.aspx?cdate=07052026&id=29f42801-1f9e-4f8c-8664-1baa980a38d8,2026-09-29 15:02:55.643174,,
254,241,2,<urn:uuid:22e2fd6c-5e98-4fa1-8ee5-add7ac436f6c>,https://www.shorouknews.com/news/view.aspx?cdate=07052026&id=376eb3a4-c798-4ab2-aa2e-e8f806ba67e7,2026-09-29 15:02:55.643174,,
255,81,2,<urn:uuid:984384ca-82fb-4213-9f2c-c5e85585a2d5>,https://unidivers.fr/event/grande-foire-florale-artisanale-gastronomique-et-vide-grenier-noaillan-gironde-2026-05-24/,2026-09-29 15:02:55.643174,,
256,41,2,<urn:uuid:c34dc88d-8253-4429-9c66-60dd93f6f36a>,https://www.oursportscentral.com/services/releases/echl-transactions--may-7/n-6358791,2026-09-29 15:02:57.507488,,
257,242,165,<urn:uuid:28f28f21-f73b-4ffb-ae2e-ed49fe96e764>,https://www.okaz.com.sa/culture/culture/2247628,2026-09-29 15:02:57.507488,,
258,244,2,<urn:uuid:e471988d-338c-4191-bdc5-82aab6e7d02f>,https://www.kxlh.com/videos/news/national-news/high-mortgage-rates-create-divided-housing-market,2026-09-29 15:02:57.507488,,
259,245,2,<urn:uuid:d8911a08-0465-49b1-957c-db22696cc07e>,https://www.wtxl.com/videos/weather/first-to-know-forecast-fewer-showers-tonight-as-clouds-remain-05-07-2026,2026-09-29 15:02:57.507488,,
260,246,2,<urn:uuid:7b9ee412-5661-477c-b2bd-88873c6d36f4>,https://www.wkyufm.org/2026-04-14/special-rural-health-funding-not-enough-to-keep-some-health-facilities-open,2026-09-29 15:02:58.809733,,
261,248,166,<urn:uuid:e17ff7be-bc1b-4bfc-afe3-8c692284e8ab>,https://theurbandaily.com/3708577/dj-whoo-kid-says-hip-hop-has-been-missing-drakes-presence/,2026-09-29 15:02:58.809733,,
262,246,2,<urn:uuid:bf00959d-a37b-47a5-9a6e-e07ae99478e6>,https://www.wkyufm.org/2026-04-15/georgia-jail-uses-drones-to-block-dangerous-deliveries-to-inmates,2026-09-29 15:02:58.809733,,
263,15,2,<urn:uuid:1b0ffe23-0d9e-4e9f-8f6d-09258ddf899b>,https://www.nasdaq.com/articles/wheat-posting-thursday-losses,2026-09-29 15:02:58.809733,,
264,250,169,<urn:uuid:79b4d78d-b308-4086-9f5b-a005e209ed44>,https://www.wrtv.com/news/local-news/construction-season-kicks-off-in-indianapolis-neighbors-ready-for-repairs,2026-09-29 15:03:05.448156,,
265,251,2,<urn:uuid:b2a13675-dfe5-40b9-a147-e0116b80714a>,https://www.kpbs.org/news/health/2026/05/07/alcohol-warning-labels-that-link-drinking-to-cancer-are-effective-study-says,2026-09-29 15:03:05.448156,,
266,249,2,<urn:uuid:440a3712-671c-4fd3-a589-debeb9b1fb05>,https://www.thisdaylive.com/2026/05/08/accommodation-crisis-fg-commits-over-n250bn-in-tertiary-institutions/,2026-09-29 15:03:05.448156,,
267,51,170,<urn:uuid:df1fb0a4-af17-48d4-981a-a041ba02d99f>,https://www.newindianexpress.com/states/telangana/2026/May/08/consultant-to-oversee-metro-phase-2-works-in-telangana,2026-09-29 15:03:07.718057,,
268,252,2,<urn:uuid:70e10875-0837-4a79-a450-7cd20f682766>,https://www.tolerance.ca/ArticleExt.aspx?ID=602955&L=en,2026-09-29 15:03:07.718057,,
269,200,2,<urn:uuid:6486123e-e780-4d50-9b3d-15c79d1c8557>,https://clickup.com/p/time-tracking-software/thesis-writing,2026-09-29 15:03:10.187893,,
270,255,173,<urn:uuid:fdae97e9-ec17-46c6-b80d-921bff435594>,http://en.people.cn/n3/2026/0506/c90000-20453244.html,2026-09-29 15:03:10.187893,,
271,257,174,<urn:uuid:f0515ca5-9ac0-431e-af65-e2ed7b269cf9>,https://www.kawc.org/npr-news/2026-05-08/morning-news-brief,2026-09-29 15:03:12.242604,,
272,166,2,<urn:uuid:1ac83c5d-4d10-4d2b-9066-f355d20db44e>,https://www.indiainfoline.com/company/polycab-india-ltd/options/30-06-2026-pe-7700,2026-09-29 15:03:12.242604,,
273,256,2,<urn:uuid:1172046b-ef37-48db-849f-cf38be22ecf4>,https://www.republicworld.com/india/suspense-over-west-bengal-cm-at-its-peak-amit-shah-lands-in-kolkata-legislative-party-meet-at-4-pm,2026-09-29 15:03:12.242604,,
274,261,2,<urn:uuid:4dbb7b50-381c-4ca4-82ed-6b0e10fbbc62>,https://en.interfax.com.ua/news/general/1165817.html,2026-09-29 15:03:14.368149,,
275,200,2,<urn:uuid:bdee591c-b9c9-4760-a7f1-0d3a27923830>,https://clickup.com/compare/vs/bonita,2026-09-29 15:03:14.368149,,
276,77,1,<urn:uuid:f05ef466-4b96-4c76-8039-e3b39aeb6415>,https://ianslive.in/im-game-to-be-dulquer-salmaans-most-stylish-film--20260508134003,2026-09-29 15:03:14.368149,,
277,260,2,<urn:uuid:a64316a5-e740-4181-a695-ce2fa87e012b>,https://tass.com/politics/2128379,2026-09-29 15:03:14.368149,,
278,263,178,<urn:uuid:21e18132-395d-4bde-8174-bc308a750b1d>,https://arynews.tv/justin-baldonis-lawyer-reveals-the-real-reason-behind-the-deal,2026-09-29 15:03:14.368149,,
279,92,2,<urn:uuid:bb765020-9476-44a3-b2b8-64ac6bc1317b>,https://www.hindustantimes.com/real-estate/1-lakh-sq-ft-office-space-deals-dominate-commercial-leasing-at-19-5-msf-bengaluru-leads-demand-101778238354629-amp.html,2026-09-29 15:03:16.275303,,
280,58,43,<urn:uuid:90be4d55-a470-47c5-9972-337eb68fca52>,https://www.zeffy.com/en-US/ticketing/norwood-parents-music-association-incs-annual-raffle--2026,2026-09-29 15:03:16.275303,,
281,195,2,<urn:uuid:ff413c21-64c8-4ba3-aa90-1309127bfe64>,https://fr.allafrica.com/stories/202605080203.html,2026-09-29 15:03:16.275303,,
282,266,2,<urn:uuid:c3cf6cfd-5812-44a8-81dd-b6b53a6b0439>,https://www.catholicculture.org/news/headlines/index.cfm?storyid=69347,2026-09-29 15:03:16.275303,,
283,268,182,<urn:uuid:4272d37d-3377-4917-85aa-6f9fb93fed9d>,https://www.wam.ae/ar/article/c03xyte-%D8%B3%D9%84%D8%B7%D8%A7%D9%86-%D8%A8%D9%86-%D8%AD%D9%85%D8%AF%D8%A7%D9%86-%D8%AE%D8%AA%D8%A7%D9%85%D9%8A-%D8%A7%D9%84%D9%88%D8%AB%D8%A8%D8%A9-%D9%85%D9%87%D8%B1%D8%AC%D8%A7%D9%86-%D8%AA%D8%B1%D8%A7%D8%AB%D9%8A-%D9%8A%D8%AC%D8%B3%D8%AF-%D9%82%D9%8A%D9%85,2026-09-29 15:03:18.378111,,
284,269,181,<urn:uuid:e905ded9-6f3c-4d30-a05d-67f059ae6d49>,https://www.edexlive.com/news/tamil-nadu-class-12-result-2024-check-scores-online,2026-09-29 15:03:18.378111,,
285,271,183,<urn:uuid:4d3a9df2-27ee-41bc-854b-552a23a15501>,https://businessnewswales.com/tramshed-tech-to-host-welsh-launch-of-500m-uk-sovereign-ai-fund/?utm_source=rss&utm_medium=rss&utm_campaign=tramshed-tech-to-host-welsh-launch-of-500m-uk-sovereign-ai-fund,2026-09-29 15:03:20.396096,,
286,270,184,<urn:uuid:3da64ae4-c002-4cfd-817c-089b598cb7df>,https://gulf365.net/business/13210468/%D8%A7%D9%84%D9%86%D9%81%D8%B7-%D9%8A%D9%87%D8%A8%D8%B7-%D8%AF%D9%88%D9%86-100-%D8%AF%D9%88%D9%84%D8%A7%D8%B1-%D9%84%D9%84%D8%A8%D8%B1%D9%85%D9%8A%D9%84-%D9%88%D8%B3%D8%B7-%D8%A2%D9%85%D8%A7%D9%84-%D8%A8%D8%A7%D8%AA%D9%81%D8%A7%D9%82-%D8%B3%D9%84%D8%A7%D9%85-%D9%81%D9%8A-%D8%A7%D9%84%D8%B4%D8%B1%D9%82-%D8%A7%D9%84%D8%A3%D9%88%D8%B3%D8%B7.html,2026-09-29 15:03:20.396096,,
287,9,2,<urn:uuid:0fd277e8-16a0-40ce-b996-b123b7419886>,https://www.goal.com/en-ug/lists/arsenal-injury-blow-jurrien-timber-out-for-season/blt82309151196fae25,2026-09-29 15:03:22.682245,,
288,273,186,<urn:uuid:9152aaf9-b09d-476f-a12a-52c958f293be>,https://www.albayan.ae/sports/world-cup-2026/1261171,2026-09-29 15:03:22.682245,,
289,170,2,<urn:uuid:51a0adeb-7697-4f89-b1c7-d4d6e24a908a>,https://www.cbsnews.com/atlanta/news/gwinnett-county-man-sentenced-to-life-for-deadly-double-shooting-over-perceived-slight/,2026-09-29 15:03:24.700947,,
290,275,187,<urn:uuid:035cd26d-8a70-40ef-9897-a34a0a03ef2f>,https://rickeysmileymorningshow.com/3929554/ne-yo-tired-of-being-canceled-over-his-polyamorous-relationship/,2026-09-29 15:03:24.700947,,
291,274,2,<urn:uuid:2bfaed51-2b60-4545-9b97-3166af7bafd2>,https://www.informaticien.be/index.ks?page=news_item&id=42721,2026-09-29 15:03:24.700947,,
292,280,191,<urn:uuid:af93ebf6-6ee6-49b8-bb9d-4a3cfcd8acdd>,https://pjmedia.com/eric-florack/2026/05/08/after-every-weapond-the-left-used-against-trump-hes-still-here-n4952640,2026-09-29 15:03:27.023577,,
293,277,2,<urn:uuid:8412b0c4-6bcb-4661-aaf6-fe7564d4bf88>,https://tvovermind.com/bill-kreutzmann-bio-and-career-highlights-8/,2026-09-29 15:03:27.023577,,
294,237,2,<urn:uuid:6f0907d1-dfe0-4a36-a8b2-a010a6c16800>,https://www.marketbeat.com/instant-alerts/murray-income-trust-lonmut-insider-jane-lewis-acquires-2000-shares-2026-05-08/,2026-09-29 15:03:27.023577,,
295,278,189,<urn:uuid:77cf4e35-ae8c-446e-8e1c-3bf1004b9cd7>,https://americansongwriter.com/3-songs-from-the-1960s-that-predicted-the-future-of-rock-music/,2026-09-29 15:03:27.023577,,
296,30,2,<urn:uuid:5ce6a083-8595-4318-a6eb-03103e9c3267>,https://www.elbalad.news/6963962,2026-09-29 15:03:28.787284,,
297,281,2,<urn:uuid:9710b45f-363d-43f0-bc56-eba9fe1187eb>,https://www.wbjb.org/2026-05-08/ufo-files-spanning-decades-are-released-by-defense-department,2026-09-29 15:03:28.787284,,
298,49,2,<urn:uuid:d14a7bc4-572a-4b0c-a1e4-d7ee02d74f27>,https://www.shawlocal.com/the-herald-news/2026/05/08/prime-healthcare-touts-state-board-praise-amid-criticism-from-illinois-nurses-association/,2026-09-29 15:03:28.787284,,
299,284,2,<urn:uuid:b6fd9209-a6d3-4dde-a4a2-b1037b534148>,https://www.geekzone.co.nz/forums.asp?forumid=77&topicid=324659,2026-09-29 15:03:30.54556,,
300,13,2,<urn:uuid:dcf77fc8-0464-420f-8905-b7715e9c1433>,https://www.finanznachrichten.de/nachrichten-2026-05/68442582-flag-ship-acquisition-corporation-enters-into-letter-of-intent-with-bluechip-co-holdings-399.htm,2026-09-29 15:03:30.54556,,
301,204,2,<urn:uuid:eca8c212-4de0-412c-8c51-68edac086a86>,https://www.einpresswire.com/article/911482569/fort-lee-honors-military-spouses-during-acs-sip-and-soir-e,2026-09-29 15:03:30.54556,,
302,13,2,<urn:uuid:2d1dc518-6cbf-4858-833e-a2b924065a68>,https://www.finanznachrichten.de/nachrichten-2026-05/68442583-idt-corporation-nrsinsights-april-2026-retail-same-store-sales-report-399.htm,2026-09-29 15:03:30.54556,,
303,289,194,<urn:uuid:7fc71b9f-5b6b-4e06-8fa8-dfb4259ab113>,https://blog.sentry.io/open-pr-comments/,2026-09-29 15:03:32.662743,,
304,15,2,<urn:uuid:5050528d-eb3c-4013-aa9e-931675066d8d>,https://www.nasdaq.com/articles/callaway-golf-caly-q1-2026-earnings-transcript,2026-09-29 15:03:32.662743,,
305,287,2,<urn:uuid:c3aa68f8-f602-4bcb-8c0f-746a698ad631>,https://www.leafly.com/dispensaries/michigan/twin-lake?filter%5Bdiscounts%5D=veteran-discount,2026-09-29 15:03:32.662743,,
306,290,2,<urn:uuid:59b9a78c-2b17-4860-be7f-58b3e67dedb7>,https://racerxonline.com/2026/05/08/watch-pulpmx-yamaha-lcq-challenge-live,2026-09-29 15:03:32.662743,,
307,289,196,<urn:uuid:92ece2dc-396a-4c2d-b8f8-5cbe8b3fbba8>,https://blog.sentry.io/performance-score-improvements/,2026-09-29 15:03:32.662743,,
308,12,2,<urn:uuid:95d973de-7394-46b1-94a7-5cef09b1857d>,https://www.rotowire.com/wnba/article/wnba-dfs-picks-may-9-2026-113872,2026-09-29 15:03:34.790576,,
309,294,199,<urn:uuid:3352ed4f-0a08-4059-bec5-1b8700ebb4eb>,https://www.upworthy.com/sally-field-memories-robin-williams/,2026-09-29 15:03:34.790576,,
310,292,198,<urn:uuid:c1e5c38a-faa7-4f62-abdc-a7bdda9e0c33>,https://be.headtopics.com/news/une-ecole-d-anvers-retire-une-liste-de-lecture-apres-une-83107556,2026-09-29 15:03:34.790576,,
311,14,2,<urn:uuid:4618f5dc-2aad-49b7-af75-bc3d1588819a>,https://www.cbssports.com/fantasy/baseball/news/cubs-pete-crow-armstrong-two-more-hits-stolen-base-friday/,2026-09-29 15:03:34.790576,,
312,18,200,<urn:uuid:c6595f67-ea41-4b0a-bbdf-a495793ff155>,https://www.benzinga.com/markets/tech/26/05/52434312/anthropic-signs-1-8-billion-akamai-cloud-deal-amid-surging-claude-ai-demand-report,2026-09-29 15:03:36.780184,,
313,115,201,<urn:uuid:431b0e44-e347-45c7-9169-debb057c1aea>,https://www.krwg.org/national-news/2026-05-06/new-book-reimagines-hans-christian-andersens-visit-with-charles-dickens-and-family,2026-09-29 15:03:39.063969,,
314,296,203,<urn:uuid:4c5663b8-c41a-4e7b-9e04-606c50134636>,https://mycolumbusmagic.com/3911958/austin-reaves-argue-referee-thunder-lebron-meme/,2026-09-29 15:03:39.063969,,
315,297,202,<urn:uuid:47b206b2-1d27-4a07-8c0e-91f380f51ffb>,https://combatpress.com/2026/05/one-friday-fights-153-results-worapon-takes-decision-over-casse/?utm_source=rss&utm_medium=rss&utm_campaign=one-friday-fights-153-results-worapon-takes-decision-over-casse,2026-09-29 15:03:39.063969,,
316,300,205,<urn:uuid:0b66a16d-7343-4218-b2c5-73a09d44e968>,https://www.ospreyobserver.com/2026/05/firehouse-cultural-center-offers-10-weeks-of-summer-camps/?utm_source=rss&utm_medium=rss&utm_campaign=firehouse-cultural-center-offers-10-weeks-of-summer-camps,2026-09-29 15:03:41.009384,,
317,22,2,<urn:uuid:a493b998-85ea-4fdb-b774-ba6a8ab740d1>,https://www.nbcsports.com/wnba/ndjakalenga-mwenentanda/0000019e-0c4a-dfc6-a7be-6cea52cf0000,2026-09-29 15:03:41.009384,,
318,98,2,<urn:uuid:d8266c8b-b0ab-4e1a-9e31-afffe68e6ec5>,https://www.wionews.com/world/bahrain-dismantles-spy-network-linked-to-iran-s-revolutionary-guards-arrests-41-1778331669360,2026-09-29 15:03:42.683135,,
319,303,2,<urn:uuid:687960d4-db26-4b56-9e4d-fa0f09e72260>,https://topdeals.zeenews.india.com/top-deals/accessories/mother-s-day-sunglasses-gifts-for-stylish-everyday-fashion-3045890.html,2026-09-29 15:03:42.683135,,
320,237,2,<urn:uuid:6e23ae35-f371-4612-9836-ea267341a0cb>,https://www.marketbeat.com/instant-alerts/filing-vanguard-group-inc-raises-holdings-in-vicor-corporation-vicr-2026-05-09/,2026-09-29 15:03:42.683135,,
321,301,2,<urn:uuid:08bce925-d991-4380-b018-138ae4b2f690>,https://www.carpages.ca/used-cars/ontario/london/2013-hyundai-elantra-14073444/,2026-09-29 15:03:42.683135,,
322,304,2,<urn:uuid:6ba4990d-696d-4730-9e47-22b58439e08f>,https://www.khaleejtimes.com/uae/watch-speeding-dubai-driver-narrowly-misses-woman-with-stroller-jumps-red-light,2026-09-29 15:03:42.683135,,
323,306,207,<urn:uuid:46f95eeb-c5f3-4ec9-bbfe-08ba56b7a9b6>,https://sixactualites.fr/automobile-transports/denver-un-pieton-tragiquement-happe-par-le-reacteur-dun-airbus-a321-lors-du-decollage/114831/,2026-09-29 15:03:42.683135,,
324,307,209,<urn:uuid:8d1d27e5-8d1d-47ab-b0a9-f68ab0aaa239>,https://tribune.net.ph/2026/05/09/loco-palaca-9-may-2026,2026-09-29 15:03:44.727739,,
325,309,210,<urn:uuid:34b48e93-299d-4b7d-a2ed-989b6dc6c189>,https://www.dnaindia.com/cricket/report-punjab-kings-management-to-discuss-bcci-s-latest-rules-with-squad-after-arshdeep-singh-social-media-chatter-3209702,2026-09-29 15:03:44.727739,,
326,312,2,<urn:uuid:cc47f4c5-ae2a-455b-9d6f-d8b6c7afbf7f>,https://www.straitstimes.com/sport/football/chelsea-end-six-game-losing-run-with-1-1-draw-at-liverpool,2026-09-29 15:03:44.727739,,
327,311,2,<urn:uuid:01deb713-ac26-42a1-8fbb-cca0bf5d1377>,https://news.az/tag/future_operation,2026-09-29 15:03:44.727739,,
328,121,2,<urn:uuid:a88e8a5a-73f0-4d0d-9d92-d7fd47c0e34d>,https://www.si.com/nba/joel-embiid-begged-76ers-fans-not-to-sell-tickets-it-may-have-backfired-vs-knicks,2026-09-29 15:03:44.727739,,
329,310,2,<urn:uuid:362aa1b0-fe90-44d9-9eef-ad0537c5fbd5>,https://www.aa.com.tr/en/europe/italian-foreign-minister-urges-de-escalation-in-mideast-in-call-with-iranian-counterpart/3925253,2026-09-29 15:03:44.727739,,
330,12,2,<urn:uuid:aac72a40-e178-4d86-8ccb-beffbdd0eb9c>,https://www.rotowire.com/soccer/headlines/david-raum-news-assists-in-return-to-xi-514934,2026-09-29 15:03:46.602441,,
331,317,2,<urn:uuid:11217d96-bf9c-4817-bba3-c1c25c5a49b2>,https://www.babnet.net/cadredetail-328977.asp,2026-09-29 15:03:46.602441,,
332,310,2,<urn:uuid:a14eef70-3b7f-4eae-8d93-b6bd51aac335>,https://www.aa.com.tr/fr/afrique/alg%C3%A9rie-justice-l-%C3%A9crivain-kamel-daoud-condamn%C3%A9-par-contumace-%C3%A0-trois-ans-de-prison-ferme/3915011,2026-09-29 15:03:46.602441,,
333,9,2,<urn:uuid:728d1eca-49fd-432a-8a89-0bc226df9497>,https://www.goal.com/en-au/lists/pierre-emerick-aubameyang-marseille-crazy-fire-extinguisher-prank-arsenal-striker-action/blt487e74004fe39bd2,2026-09-29 15:03:46.602441,,
334,316,2,<urn:uuid:f59698eb-9f0d-46cc-8007-6cf45cf5e14c>,https://www.finanzen.at/nachrichten/aktien/u-s-stocks-may-see-early-strength-following-upbeat-jobs-data-1036129633,2026-09-29 15:03:46.602441,,
335,319,213,<urn:uuid:cad8efa9-3ca7-4209-94c9-77da363fd365>,https://www.nbc26.com/howard/howard-house-fire-causes-150-000-in-damage,2026-09-29 15:03:47.986979,,
336,155,2,<urn:uuid:edc2e601-4b07-4faf-8676-7f80491b30d7>,https://www.wsbtv.com/sports/uclas-megan-grant/CAEVWVIB2I7DLJ5QHYKG4YEUFE/,2026-09-29 15:03:47.986979,,
337,9,2,<urn:uuid:7b504b57-3da5-4276-812e-7d712c1ddcf5>,https://www.goal.com/en-za/lists/jeremy-doku-man-city-instinct-player-style-brentford-goal-improved-form-interview/blt28c9ce5d551ed247,2026-09-29 15:03:47.986979,,
338,273,186,<urn:uuid:4effd590-ac58-479b-885e-47f4fbc4e07f>,https://www.albayan.ae/news/uae/health/1264959,2026-09-29 15:03:47.986979,,
339,319,213,<urn:uuid:cd05b9a2-3c53-4923-96ca-3e828892890c>,https://www.nbc26.com/neenah/wrong-way-driver-causes-multi-vehicle-crash-on-i-41-in-neenah,2026-09-29 15:03:47.986979,,
340,323,2,<urn:uuid:c73c0806-9975-4e6a-898d-50ae92bcad76>,https://www.golfchannel.com/watch/golf-central/cam-young-was-pleased-with-his-resolve-in-the-third-round,2026-09-29 15:03:50.176903,,
341,39,2,<urn:uuid:dd61b594-73cf-4a57-837f-1f3efe11fab9>,https://almanar.com.lb/article/838057/,2026-09-29 15:03:50.176903,,
342,324,216,<urn:uuid:c35f3cad-f17d-4007-82e2-ffbbb7849bfd>,https://www.indiatvnews.com/lifestyle/events/last-minute-mothers-day-plans-gift-ideas-2026-05-10-1040555,2026-09-29 15:03:52.136488,,
343,237,2,<urn:uuid:80b613f5-9cfc-4600-8acc-16748dce5dc0>,https://www.marketbeat.com/instant-alerts/blend-labs-q1-earnings-call-highlights-2026-05-09/,2026-09-29 15:03:52.136488,,
344,306,207,<urn:uuid:bbc8a1fb-ce01-49e6-8b0b-051055047201>,https://sixactualites.fr/automobile-transports/tesla-etend-ses-superchargeurs-en-france-en-toute-discretion-mais-la-hausse-des-tarifs-suscite-linquietude-chez-les-conducteurs/114323/,2026-09-29 15:03:52.136488,,
345,324,216,<urn:uuid:457f0ba7-2ce0-45a7-a4da-3cbee9e5eae4>,https://www.indiatvnews.com/madhya-pradesh/congress-launches-project-m-in-madhya-pradesh-with-eye-on-2028-elections-latest-updates-2026-05-10-1040552,2026-09-29 15:03:52.136488,,
346,84,2,<urn:uuid:9f30d38d-1545-4250-a8f3-52f47f2f1153>,https://www.aljazeera.net/encyclopedia/2026/5/10/%D8%A7%D9%84%D8%A8%D8%A7%D8%B2%D9%88%D9%83%D8%A7-%D8%A7%D9%84%D8%A3%D9%88%D8%B1%D9%88%D8%A8%D9%8A%D8%A9-%D8%B3%D9%84%D8%A7%D8%AD-%D8%A7%D9%84%D8%A7%D8%AA%D8%AD%D8%A7%D8%AF?traffic_source=rss,2026-09-29 15:03:54.041957,,
347,328,2,<urn:uuid:043ce917-9b17-4e9b-b2f6-e7e33bcfdf14>,https://www.y100fm.com/entertainment/dave-coulier-shares-emotional-health-update-amid-cancer-battle/OEJRD3A2JY3UHNXT6JJECWF3JY/,2026-09-29 15:03:54.041957,,
348,329,220,<urn:uuid:a8d7eacb-9968-4e6f-bd21-50681fe86d2f>,https://sundayworld.co.za/news/opinion/editorial/wishful-thinking-is-not-a-dependable-strategy-in-war/?utm_source=rss&utm_medium=rss&utm_campaign=wishful-thinking-is-not-a-dependable-strategy-in-war,2026-09-29 15:03:55.865315,,
349,334,223,<urn:uuid:66d47f0b-05a6-4100-8649-4a0fef80c612>,https://samanews.ps/ar/post/618624/%D8%A7%D9%84%D9%85%D9%88%D8%B3%D8%A7%D8%AF-%D8%A7%D9%84%D8%AD%D8%B1%D8%B3-%D8%A7%D9%84%D8%AB%D9%88%D8%B1%D9%8A-%D8%A8%D8%A7%D8%AA-%D9%85%D9%86%D9%87%D9%83%D8%A7-%D9%88%D8%A7%D9%84%D9%85%D9%81%D8%A7%D9%88%D8%B6%D8%A7%D8%AA-%D8%A8%D9%8A%D9%86-%D8%A7%D9%8A%D8%B1%D8%A7%D9%86-%D9%88%D8%A3%D9%85%D8%B1%D9%8A%D9%83%D8%A7-%D8%B3%D8%AA%D9%86%D9%81%D8%AC%D8%B1,2026-09-29 15:03:55.865315,,
350,336,2,<urn:uuid:819302ef-b82d-4ea8-a570-9a92200f77d8>,https://www.kmuw.org/2026-05-10/gas-groceries-and-getting-by-how-voters-in-one-ohio-district-see-affordability,2026-09-29 15:03:55.865315,,
351,333,222,<urn:uuid:979412e5-bc39-478f-b6bf-dd0db65d7e1e>,https://www.essentiallysports.com/nba-active-basketball-news-desperate-lebron-james-gives-in-to-league-wide-narrative-against-okc-as-playoff-humiliation-awaits-lakers/,2026-09-29 15:03:55.865315,,
352,330,2,<urn:uuid:65072f6f-7632-4007-b5c3-9d484b84961b>,https://www.klcc.org/npr-news/2026-05-10/cape-verde-tiny-nation-massive-world-cup-dream,2026-09-29 15:03:55.865315,,
353,312,2,<urn:uuid:9ad75630-e2a6-4572-bd23-a54e085840b9>,https://www.straitstimes.com/asia/se-asia/hantavirus-screening-ramped-up-at-malaysias-maritime-entry-points-over-20000-vessels-inspected,2026-09-29 15:03:55.865315,,
354,309,221,<urn:uuid:3bd1beba-ab65-48ee-8764-779a0235a67a>,https://www.dnaindia.com/bollywood/report-mir-yar-baloch-is-deeply-wounded-disturbed-with-ranveer-singh-s-dhurandhar-admits-akshaye-khanna-s-character-was-misleading-from-community-3209759,2026-09-29 15:03:55.865315,,
355,40,27,<urn:uuid:252887ca-81fe-42e6-93d4-54b9832e18cf>,https://www.sentinelassam.com/sports-news/gill-sudharsan-fireworks-and-rashids-four-for-power-gujarat-titans-77-run-rout-of-royals,2026-09-29 15:03:55.865315,,
356,170,2,<urn:uuid:92492674-637b-403d-bbe3-fc185d36f9e6>,https://www.cbsnews.com/sanfrancisco/video/sunday-morning-first-alert-weather-forecast-with-zoe-mintz-51026/,2026-09-29 15:03:59.742854,,
357,8,227,<urn:uuid:0d1834ac-15ef-4064-89f8-39f5dce9c5e0>,https://www.westernjournal.com/fact-check-hantavirus-poised-become-covid-style-pandemic/,2026-09-29 15:03:59.742854,,
358,337,2,<urn:uuid:0161f60f-fcee-464a-a66c-14b388cb78f7>,https://westseattleblog.com/2026/05/west-seattle-sunday-22-things-to-know/,2026-09-29 15:03:59.742854,,
359,14,2,<urn:uuid:4539d565-06b6-47c9-95e6-d15e74370961>,https://www.cbssports.com/fantasy/baseball/news/guardians-austin-hedges-will-remain-backup/,2026-09-29 15:03:59.742854,,
360,339,228,<urn:uuid:ef4957a3-b00d-4557-8310-49217fc46ea8>,https://www.wvasfm.org/2026-05-10/willy-wonka-would-love-this-laboratory-that-checks-the-quality-of-chocolate,2026-09-29 15:03:59.742854,,
361,237,2,<urn:uuid:45ee5bc4-ab9b-401e-867d-536a50115ebd>,https://www.marketbeat.com/instant-alerts/filing-firetrail-investments-pty-ltd-sells-6859-shares-of-keysight-technologies-inc-keys-2026-05-10/,2026-09-29 15:04:01.646326,,
362,81,2,<urn:uuid:1ffa4ca4-f3e6-4258-b528-7d74e359d502>,https://unidivers.fr/event/mare-fecit-exposition-de-laurent-noel-passage-sainte-croix-nantes-2026-06-13/,2026-09-29 15:04:01.646326,,
363,216,229,<urn:uuid:a572c6db-db02-40d2-9dc1-e87800cda242>,https://ca.headtopics.com/news/canadian-triathlon-team-claims-bronze-medal-at-world-83194341,2026-09-29 15:04:01.646326,,
364,237,2,<urn:uuid:2258ebba-31c4-4d87-a844-89b8cec3b0e8>,https://www.marketbeat.com/instant-alerts/filing-firetrail-investments-pty-ltd-trims-holdings-in-trane-technologies-plc-tt-2026-05-10/,2026-09-29 15:04:01.646326,,
365,58,43,<urn:uuid:2f7a765f-2fae-4613-ab61-c103ba85a51e>,https://www.zeffy.com/fr-CA/ticketing/la-grande-course-du-cmi--2026,2026-09-29 15:04:03.520894,,
366,346,2,<urn:uuid:4a374c75-e4a2-44bc-a0b7-1b9d9fb2de73>,https://arriyadiyah.com/890963/%D8%A7%D9%84%D9%87%D9%84%D8%A7%D9%84-%D9%8A%D8%B9%D9%88%D8%AF,2026-09-29 15:04:03.520894,,
367,346,2,<urn:uuid:67e013c7-e232-481a-bd24-21a85f30df3e>,https://arriyadiyah.com/890964/%D8%A7%D9%84%D9%86%D8%B5%D8%B1-%D9%8A%D8%AA%D8%A3%D9%87%D8%A8,2026-09-29 15:04:03.520894,,
368,351,236,<urn:uuid:c19f503f-b760-4b15-871c-acd41aef6d29>,https://comicbook.com/comics/list/7-most-important-spider-man-milestones-in-marvel-history/,2026-09-29 15:04:05.124779,,
369,348,2,<urn:uuid:a81a6506-88e7-4a4f-9a03-dfeb411638fe>,https://www.lowkickmma.com/sean-strickland-babyface-turn-ufc-328/,2026-09-29 15:04:05.124779,,
370,84,237,<urn:uuid:f28fbfc6-112a-459e-942b-e1f0c85379e5>,https://www.aljazeera.net/encyclopedia/2026/4/27/%D9%85%D9%86-%D9%87%D9%88-%D9%81%D8%AE%D8%B1-%D8%A7%D9%84%D8%AF%D9%8A%D9%86-%D8%A7%D9%84%D8%B9%D8%B1%D9%8A%D8%A7%D9%86-%D8%A7%D9%84%D9%82%D8%A7%D8%B6%D9%8A-%D8%A7%D9%84%D9%85%D9%86%D8%B4%D9%82,2026-09-29 15:04:05.124779,,
371,349,234,<urn:uuid:144d165e-e4c5-4fdc-9439-59c854028798>,https://www.wsls.com/news/local/2026/05/10/franklin-county-zoning-debate-raises-questions-about-data-centers/,2026-09-29 15:04:05.124779,,
372,350,233,<urn:uuid:77bfebb3-f539-41f8-b416-ab8b9225bee2>,https://smallbiztrends.com/sba-unveils-50-million-grant-to-boost-support-for-small-manufacturers/,2026-09-29 15:04:05.124779,,
373,28,2,<urn:uuid:07d062a2-34cf-42d2-8df8-a6344c6e492e>,https://timesofindia.indiatimes.com/education/news/nta-extends-registration-deadline-for-jipmat-2026-check-new-date-and-direct-link-to-apply/articleshow/131002524.cms,2026-09-29 15:04:07.033916,,
374,92,2,<urn:uuid:81e7b06c-9b27-41ce-867b-737d10248760>,https://www.hindustantimes.com/htcity/cinema/mothers-day-vidisha-srivastava-this-mother-s-day-is-about-presence-101778403973080-amp.html,2026-09-29 15:04:07.033916,,
375,354,238,<urn:uuid:c11ab42c-7542-4b67-8643-63855d41200d>,https://happymag.tv/debbie-harry-pamela-anderson-maitreya/,2026-09-29 15:04:07.033916,,
376,28,2,<urn:uuid:3c28a60a-84f4-4ec4-9fb3-7b47fab4fd99>,https://timesofindia.indiatimes.com/education/pseb-10th-result-2026-live-updates-punjab-board-class-10-result-date-time-online-today-pseb-ac-in/liveblog/131002267.cms,2026-09-29 15:04:07.033916,,
377,92,2,<urn:uuid:0b7af70d-4b81-49d7-95df-ea9b233dcc46>,https://www.hindustantimes.com/htcity/cinema/mothers-day-vidisha-srivastava-this-mother-s-day-is-about-presence-101778403973080.html,2026-09-29 15:04:07.033916,,
378,92,2,<urn:uuid:7cfbee1a-25a1-4e45-a464-90b886fe9c43>,https://www.hindustantimes.com/lifestyle/recipe/mothers-day-2026-special-5-delicious-but-healthy-desserts-with-summer-fruits-to-show-your-mum-you-care-101778315182367.html,2026-09-29 15:04:08.962564,,
379,355,241,<urn:uuid:72523c38-c446-423b-947f-4d6ed3ae596f>,https://www.citizen.co.za/sport/rugby/foote-happy-junior-boks-stand-world-champs/,2026-09-29 15:04:08.962564,,
380,92,2,<urn:uuid:5e0a265e-54d3-49e2-a89d-83742783ce97>,https://www.hindustantimes.com/lifestyle/recipe/mothers-day-2026-whip-up-a-wholesome-breakfast-in-bed-with-these-healthy-recipes-your-mum-will-thank-you-for-101778316889438-amp.html,2026-09-29 15:04:08.962564,,
381,324,216,<urn:uuid:ccf50c04-108a-4441-b383-154f3941f8b2>,https://www.indiatvnews.com/sports/cricket/pbks-vs-dc-pitch-report-how-will-surface-at-hpca-stadium-in-dharamsala-play-2026-05-11-1040688,2026-09-29 15:04:11.367558,,
382,80,2,<urn:uuid:82319426-830d-48f7-b45f-681e694522a1>,https://www.aljazeera.com/video/newsfeed/2026/5/11/fans-celebrate-as-barcelona-clinches-laliga-title?traffic_source=rss,2026-09-29 15:04:11.367558,,
383,277,2,<urn:uuid:55c61f64-eeee-448f-acb0-a306eaf9d683>,https://tvovermind.com/graham-gouldman-bio-and-career-highlights/,2026-09-29 15:04:11.367558,,
384,324,216,<urn:uuid:5f1da20b-f24d-4a07-a9f7-09b80a907e68>,https://www.indiatvnews.com/technology/news/garena-free-fire-max-redeem-codes-for-may-11-12-live-now-claim-free-diamonds-skins-and-more-2026-05-11-1040676,2026-09-29 15:04:11.367558,,
385,81,2,<urn:uuid:e2947a26-95cc-4d9c-8381-c7e949d9cd6d>,https://unidivers.fr/event/soiree-bar-lounge-chateau-les-monderys-conne-de-labarde-dordogne-2026-07-09/,2026-09-29 15:04:13.302753,,
386,9,2,<urn:uuid:e9d23a56-c90a-4979-b1e2-a0295e378036>,https://www.goal.com/en-us/lists/robert-lewandowski-admits-open-to-lower-league-transfer-amid-mls-links-barcelona-striker-issues-update-ahead-of-contract-expiry/bltd815c71ea9b8448f,2026-09-29 15:04:13.302753,,
387,367,247,<urn:uuid:5c5d9dc0-0150-41f4-8fc5-d4922a3af02c>,https://www.valeursactuelles.com/societe/jai-quatre-dates-annulees-un-chanteur-deprogramme-de-plusieurs-festivals-apres-sa-participation-au-canon-francais,2026-09-29 15:04:15.050439,,
388,212,2,<urn:uuid:f43333b2-60e7-4e8b-9795-64729aeba082>,https://www.androidauthority.com/buy-fitbit-air-vs-pixel-watch-3664675/,2026-09-29 15:04:15.050439,,
389,364,2,<urn:uuid:738a66d0-ca95-4ce8-a2df-b3fe3948c31e>,https://www.foot-sur7.fr/740750-mercato-psg-un-gros-transfert-se-precise-cest-une-grande-surprise,2026-09-29 15:04:15.050439,,
390,30,2,<urn:uuid:6acae2b7-b3db-4fd4-81fc-bcf20d4c6757>,https://www.elbalad.news/6966980,2026-09-29 15:04:15.050439,,
391,195,2,<urn:uuid:cfd4678c-6d9b-4fa6-9456-3c17d40a7123>,https://fr.allafrica.com/stories/202605110501.html,2026-09-29 15:04:15.050439,,
392,362,245,<urn:uuid:49d13c7a-3967-442a-9da4-259b32ce0794>,https://newsindiatimes.com/cricket-mumbai-lucknow-out-of-ipl-playoffs-as-rcb-win-thriller-csk-stay-alive/,2026-09-29 15:04:15.050439,,
393,370,250,<urn:uuid:93313705-7da5-4779-9258-c41dee1bbea8>,https://www.dailymaverick.co.za/article/2026-05-11-crime-intelligences-feroz-khan-accused-of-false-undercover-claim-to-free-businessman/,2026-09-29 15:04:17.047031,,
394,368,249,<urn:uuid:e6b413ae-0261-4e33-aab0-1dac53a8f038>,https://wysu.org/ohio-news/2026-05-11/dewine-picks-dept-of-public-safety-director-andy-wilson-as-ohio-attorney-general,2026-09-29 15:04:17.047031,,
395,369,248,<urn:uuid:fa099fcd-833c-4c2a-a45f-309d383a0500>,https://www.maghrebemergent.com/voyagez-depuis-alger-avec-air-france-et-decouvrez-des-offres-qui-font-rever/,2026-09-29 15:04:17.047031,,
396,150,2,<urn:uuid:7c3af363-d315-4c63-a925-2194e96e6a43>,https://watananews.com/530337/,2026-09-29 15:04:18.741066,,
397,237,2,<urn:uuid:906a8209-043c-4058-9111-7bb900e81881>,https://www.marketbeat.com/instant-alerts/filing-mitsubishi-ufj-asset-management-co-ltd-boosts-stock-position-in-oklo-inc-oklo-2026-05-11/,2026-09-29 15:04:18.741066,,
398,1,3,<urn:uuid:b2ab48c1-18d6-4336-9c23-e8cef20b86f2>,https://menafn.com/1111079423/The-Post-And-Pray-Era-Is-Dead-The-3-Step-AI-Workflow-For-Lean-Brands-To-Dominate-Tiktok-In-2026,2026-09-29 15:04:18.741066,,
399,373,2,<urn:uuid:c7c510f6-0f4b-40cf-9568-78fe629ea24e>,https://www.wftv.com/sports/2026-nfl-schedule/S72L6KUBHQYIXFWNG6CXOTEOKA/,2026-09-29 15:04:18.741066,,
400,237,2,<urn:uuid:55bf521e-2889-44bd-b535-427f254c9c43>,https://www.marketbeat.com/instant-alerts/filing-mitsubishi-ufj-asset-management-co-ltd-boosts-stock-position-in-pinnacle-financial-partners-inc-pnfp-2026-05-11/,2026-09-29 15:04:18.741066,,
401,89,2,<urn:uuid:48b00256-8a16-441b-b9f0-2c7b9b76689f>,https://www.financialexpress.com/market/pms-call-for-austerity-measures-rings-alarm-bells-sensex-plunges-1300-pointsnbspinvestors-losenbsprs-6-lakh-crore-4238050/,2026-09-29 15:04:22.532361,,
402,93,2,<urn:uuid:700e825f-40c4-4174-9763-2b64b2a9a7c3>,https://www.timesnownews.com/videos/times-now/newshour/kerala-mandate-priyanka-bats-for-vd-satheesan-cong-has-majority-not-clarity-newshour-video-154296421,2026-09-29 15:04:22.532361,,
403,376,2,<urn:uuid:61f81347-a6a5-4107-8944-1cf3b155abbf>,https://www.actionnewsjax.com/sports/spurs-victor/ZY6PLKCXRE3ZFBZMPQV2KRAMEY/,2026-09-29 15:04:22.532361,,
404,8,28,<urn:uuid:3e3305aa-01b0-4136-839d-cc7f7f40987e>,https://www.westernjournal.com/human-remains-found-near-guthrie-home-create-new-mystery-fail-solve-current-one/?utm_source=facebook&utm_medium=jeffersonnewsletter&utm_campaign=lminetwork&utm_content=2026-05-11,2026-09-29 15:04:22.532361,,
405,379,255,<urn:uuid:7ebb845e-c619-47cf-9d8c-f541d85c91f8>,https://www.slashfilm.com/2144060/netflix-western-miniseries-godless-the-queens-gambit-scott-frank/,2026-09-29 15:04:22.532361,,
406,377,256,<urn:uuid:e2f1866b-65a1-4042-8d63-8da7ae86760b>,https://www.thenationalnews.com/news/europe/2026/05/11/eu-not-fast-enough-as-dutch-go-it-alone-on-israeli-settlements/,2026-09-29 15:04:22.532361,,
407,245,258,<urn:uuid:7f57d29c-8704-49c9-90e2-f12361e385db>,https://www.wtxl.com/news/local-news/midday-update-may-10th-tornadoes-damage-recovery-update-american-tests-positive-for-hantavirus-and-more,2026-09-29 15:04:24.416529,,
408,383,260,<urn:uuid:a75b7545-5ece-4086-896c-415671872c1b>,https://denverite.com/2026/05/11/colorado-boulevard-bus-rapid-transit-open-house/,2026-09-29 15:04:24.416529,,
409,384,2,<urn:uuid:a35a7a62-d011-460b-9888-ddb7c4245646>,https://www.b985.com/entertainment/ciara-miller-tefi-pessoa-named-new-hosts-love-island-usa-companion-series-aftersun/VPMJF5VSN4Y5RIYNMKZOKA4RKE/,2026-09-29 15:04:24.416529,,
410,382,257,<urn:uuid:5d95a3fe-ffe7-46e4-9993-336302de0c38>,https://sg.headtopics.com/news/mother-s-day-and-domestic-helper-stealing-singapore-s-83207658,2026-09-29 15:04:24.416529,,
411,381,2,<urn:uuid:785e8c11-f3e8-42a4-ab5f-bdfbc78c9f82>,https://fnarena.com/index.php/2026/05/11/asx-winners-and-losers-of-today-11-05-26/?utm_source=rss&utm_medium=rss&utm_campaign=asx-winners-and-losers-of-today-11-05-26,2026-09-29 15:04:24.416529,,
412,170,2,<urn:uuid:f0c06020-be43-47f9-95b0-7e2662a05f26>,https://www.cbsnews.com/video/netanyahu-nobody-had-perfect-foresight-iran-strait-hormuz-blockade/,2026-09-29 15:04:26.147161,,
413,271,263,<urn:uuid:4d2f8348-2926-4ddd-8ba3-9614daebafd4>,https://businessnewswales.com/travelodge-exchanges-contracts-for-new-hotel-development-in-bridgend/?utm_source=rss&utm_medium=rss&utm_campaign=travelodge-exchanges-contracts-for-new-hotel-development-in-bridgend,2026-09-29 15:04:26.147161,,
414,386,262,<urn:uuid:0919a3f6-b44d-45e5-a08f-60998fda3ee4>,https://www.michiganpublic.org/2026-05-11/abortion-pill-by-mail-allowed-for-at-least-3-more-days-the-supreme-court-says,2026-09-29 15:04:26.147161,,
415,387,264,<urn:uuid:99ff928a-9b80-4713-bec3-015c54d23ffc>,https://villagegreennj.com/election/south-orange-maplewood-clerks-offices-to-stay-open-for-late-night-voter-registration-may-12/,2026-09-29 15:04:26.147161,,
416,392,2,<urn:uuid:400917c4-20e3-4c46-b627-9380f9df4c39>,https://www.spokesman.com/stories/2026/may/11/then-and-now-the-lincoln-building/,2026-09-29 15:04:28.806019,,
417,391,2,<urn:uuid:555cef51-86d0-42d3-a2fb-042157875f0f>,https://www.ktvh.com/videos/news/national-politics/trump-nominates-cameron-hamilton-former-acting-head-of-fema-to-lead-it-again,2026-09-29 15:04:28.806019,,
418,390,266,<urn:uuid:22350691-b937-4345-8849-4b887faf419b>,https://www.globenewswire.com/news-release/2026/05/12/3292445/0/en/Par-Pacific-Announces-Pricing-of-Private-Placement-of-500-Million-of-7-375-Senior-Notes-due-2034.html,2026-09-29 15:04:28.806019,,
419,391,2,<urn:uuid:67d9490a-b876-41ee-a58d-7e6531a38abb>,https://www.ktvh.com/videos/news/national-politics/trumps-proposed-gas-tax-holiday-unlikely-to-offset-high-costs-experts-say,2026-09-29 15:04:28.806019,,
420,51,267,<urn:uuid:30ccb070-8ba0-4b2e-8aea-d54eba735083>,https://www.newindianexpress.com/states/tamil-nadu/2026/May/12/madras-hc-reserves-orders-on-periakaruppans-petition-against-tvks-win-by-one-vote,2026-09-29 15:04:30.552842,,
421,395,2,<urn:uuid:04ef1db6-25ab-43c8-8400-6248b8f44892>,https://kpq.com/ixp/1137/p/remote-work-opportunities-washington/,2026-09-29 15:04:30.552842,,
422,1,3,<urn:uuid:cc58cb08-2315-429f-b5aa-d076d6764a75>,https://menafn.com/1111095696/Gaza-Mothers-Face-Hunger-Loss-on-Mothers-Day,2026-09-29 15:04:30.552842,,
423,398,2,<urn:uuid:d086a23b-7c22-4345-b51c-b89e309df006>,https://www.xtb.com/fr/analyses-marches/trade-du-jour-usdcad-12-05-2026,2026-09-29 15:04:32.213578,,
424,268,272,<urn:uuid:1ecb6c47-8479-45e4-9e0a-0e4c05ab54fc>,https://www.wam.ae/en/article/c06bwdq-adnoc-gas-reports-resilient-net-income-11-billion,2026-09-29 15:04:32.213578,,
425,397,2,<urn:uuid:7dddc7c0-485b-4b4d-9b36-c4640061239a>,https://exclusivepress.net/archives/162677,2026-09-29 15:04:32.213578,,
426,399,2,<urn:uuid:8e9b6632-d2a6-42f9-b286-dd17a2b562e3>,https://wtop.com/national/2026/05/surfers-in-war-torn-gaza-find-rare-moments-of-joy-taking-to-the-waves/,2026-09-29 15:04:32.213578,,
427,400,270,<urn:uuid:21b06988-a590-40be-a07e-6f74af51d64c>,https://www.newsx.com/education/mp-set-result-2026-declared-at-mppscmpgovin-download-scorecard-and-check-cut-off-marks-217540/,2026-09-29 15:04:32.213578,,
428,74,2,<urn:uuid:a372d873-2b0a-491c-9563-6b41388268ce>,https://www.newsbytesapp.com/news/science/discord-nitro-subscribers-can-access-xbox-game-pass-for-free/story,2026-09-29 15:04:33.925234,,
429,402,273,<urn:uuid:9cf2d367-0666-4fed-91bf-42745e47f6f8>,https://www.racingpost.com/horse-racing-tips/multiple-choice/our-xday-treble-from-x-course-and-three-more-horses-worth-including-in-your-multiples-apUs39q5GI9t/,2026-09-29 15:04:33.925234,,
430,403,275,<urn:uuid:358068e5-4eaa-4980-ba12-89d93a8a6c64>,https://www.koreus.com/modules/newbb/topic251399.html,2026-09-29 15:04:33.925234,,
431,401,276,<urn:uuid:74e3fe05-2c02-4b06-ac75-4e6e31835710>,https://limpartial.fr/alixan-un-nouveau-president-a-la-boule-joyeuse/,2026-09-29 15:04:33.925234,,
432,407,2,<urn:uuid:e45986ea-fb24-453b-8904-6fc8134444bb>,https://www.mondaq.com/unitedstates/antitrust-eu-competition/1785304/healthcare-emerges-at-the-center-of-trump-20-antitrust-enforcement,2026-09-29 15:04:35.878515,,
433,3,278,<urn:uuid:b1c3ac8c-04ea-4dce-a3b2-eecc8c260fb3>,https://news.abplive.com/news/india/kerala-cm-race-cpm-ma-baby-takes-swipe-at-congress-says-udf-infighting-exposed-1843097,2026-09-29 15:04:35.878515,,
434,3,278,<urn:uuid:7d836282-efe8-4901-b8ed-b7e3f72895e6>,https://news.abplive.com/news/india/kerala-congress-cm-decision-wont-be-based-on-mlas-alone-says-muraleedharan-oommen-chandy-1843095,2026-09-29 15:04:35.878515,,
435,405,2,<urn:uuid:dd9be085-6d11-4ce3-8af2-751c1c3cf544>,https://www.jawapos.com/entertainment/2605120286/viralkan-aib-diri-sendiri-ayu-aulia-minta-dinikahi-bupati-r,2026-09-29 15:04:35.878515,,
436,408,2,<urn:uuid:c39c4ce0-11dd-4ef1-bed9-4f770fab0518>,https://www.oedigital.com/news/539024-energy-services-sector-adds-jobs-again-in-april-trade-group-says,2026-09-29 15:04:37.756002,,
437,409,282,<urn:uuid:b22e258f-c00e-4bae-922a-6c9dc74bd768>,https://uk.headtopics.com/news/novel-study-identifies-distinct-biological-underpinnings-of-83233864,2026-09-29 15:04:37.756002,,
438,377,280,<urn:uuid:f887820f-1d71-430c-88de-bb4e69e6b11c>,https://www.thenationalnews.com/news/uk/2026/05/12/starmer-on-the-brink-how-a-labour-leadership-contest-would-work/,2026-09-29 15:04:37.756002,,
439,410,2,<urn:uuid:9309cf25-4362-4c87-8a49-d1482ccd703f>,https://www.brighteon.com/62c4af86-2468-4d98-9859-a9fd2e730c87,2026-09-29 15:04:37.756002,,
440,411,279,<urn:uuid:6b6fbf07-0831-4159-8993-807007362cba>,https://www.tpr.org/news/2026-05-12/trump-goes-to-china-as-iran-war-smolders,2026-09-29 15:04:37.756002,,
441,413,283,<urn:uuid:90626c84-cced-4275-9ad5-402994efc53b>,https://www.indulgexpress.com/videos/2026/May/12/why-are-greeces-houses-blue-white-the-fascinating-history-explained-watch-the-video,2026-09-29 15:04:40.327264,,
442,237,2,<urn:uuid:21092651-e94f-4bea-8ae3-415c793424f6>,https://www.marketbeat.com/instant-alerts/filing-versor-investments-lp-grows-holdings-in-micron-technology-inc-mu-2026-05-12/,2026-09-29 15:04:42.324213,,
443,418,284,<urn:uuid:41f5a63d-5766-49be-b824-1e9a992b69d4>,https://www.football365.com/news/paul-scholes-backs-arsenal-star-position-change-pl-title-doubt,2026-09-29 15:04:42.324213,,
444,415,2,<urn:uuid:14714e2b-3c7d-4d50-81ab-1634b4f5d691>,https://www.defensenews.com/video/2026/05/11/the-shape-of-shipbuilding-for-the-us-navy-defense-news-weekly-full-episode-51226/,2026-09-29 15:04:42.324213,,
445,52,285,<urn:uuid:7c6b8e75-1d73-4ba7-af21-dadfdd12c86a>,https://www.footmercato.net/a8024045454226484553-real-madrid-vinicius-jr-est-cash-sur-jose-mourinho,2026-09-29 15:04:42.324213,,
446,390,287,<urn:uuid:a1811307-d44d-4e87-9f86-e39f4b008418>,https://www.globenewswire.com/news-release/2026/05/12/3292939/0/en/Rocket-Lawyer-s-AI-native-solution-brings-together-legal-AI-and-legal-professionals-to-expand-protection-for-SMBs.html,2026-09-29 15:04:42.324213,,
447,28,2,<urn:uuid:8345a2d9-7f1b-4fc2-8ff2-67e52ed9a08a>,https://timesofindia.indiatimes.com/life-style/fashion/celeb-style/amid-separation-rumours-mouni-roy-and-suraj-nambiars-stylish-wedding-looks-resurface-online/photostory/131037644.cms,2026-09-29 15:04:44.269547,,
448,420,289,<urn:uuid:14c781fa-333c-490b-a84c-840e8bf9217f>,https://www.prnewswire.com/news-releases/smokeball-redefines-ai-for-modern-law-firms-with-launch-of-archie-ai-next-generation-302768938.html,2026-09-29 15:04:44.269547,,
449,58,43,<urn:uuid:4482280d-a753-4954-a37b-138f5be085b5>,https://www.zeffy.com/en-US/ticketing/hope-for-haitis-world-cup-raffle,2026-09-29 15:04:44.269547,,
450,423,2,<urn:uuid:0fd48fc0-fa82-423f-841f-21813faba4a7>,https://www.myjoyonline.com/oscar-naasei-makes-strong-case-ahead-of-black-stars-world-cup-audition/,2026-09-29 15:04:45.878609,,
451,422,292,<urn:uuid:82083f3d-e981-4370-843b-35562dbc3a7e>,https://thethaiger.com/thai-life/property/bangkok-condo-buyers-guide,2026-09-29 15:04:45.878609,,
452,426,2,<urn:uuid:1b9f9343-8a01-4f62-9e9a-91027aeecda0>,https://www.ariananews.af/slovenia-contributes-e200000-to-support-unfpa-humanitarian-work-in-afghanistan/,2026-09-29 15:04:47.723489,,
453,425,293,<urn:uuid:61c50e3a-554c-450a-b334-751251864a33>,https://zambianobserver.com/nkana-mp-binwell-mpundu-withdraws-from-2026-parliamentary-race/,2026-09-29 15:04:47.723489,,
454,424,295,<urn:uuid:6af0e26d-e527-4af4-b8b8-d668c87614e1>,https://www.gamereactor.eu/payday-3-is-getting-a-quartet-of-swedish-weapons-1717843/,2026-09-29 15:04:47.723489,,
455,170,2,<urn:uuid:a84d3461-ad75-4dfc-82a3-965395a000c1>,https://www.cbsnews.com/newyork/video/president-trump-heads-to-china-where-iran-war-will-be-topic-of-discussion/,2026-09-29 15:04:47.723489,,
456,432,297,<urn:uuid:df4a9759-d5d1-47de-aeb4-e867928adca9>,https://eg.headtopics.com/news/15801575160515973606-83193225,2026-09-29 15:04:49.295968,,
457,48,32,<urn:uuid:7d78bde0-153f-4686-adb1-28bc71006a18>,https://www.masrawy.com/news/masrawytv/details/2026/5/12/2987126/-%D9%88%D8%A7%D8%AD%D8%AF-%D9%83%D8%AA%D9%81%D9%87-%D9%88%D8%A7%D9%84%D8%AA%D8%A7%D9%86%D9%8A-%D8%B6%D8%B1%D8%A8%D9%87-%D9%88%D8%A7%D9%84%D8%AF-%D8%A7%D9%84%D8%B7%D9%81%D9%84-%D9%83%D8%B1%D9%8A%D9%85-%D8%A7%D9%84%D9%85%D8%AD%D8%AC%D9%88%D8%B2-%D8%A8%D8%A7%D9%84%D8%B9%D9%86%D8%A7%D9%8A%D8%A9-%D8%A8%D8%B9%D8%AF-%D8%A7%D9%84%D8%A7%D8%B9%D8%AA%D8%AF%D8%A7%D8%A1-%D8%B9%D9%84%D8%A8%D9%87-%D9%8A%D9%83%D8%B4%D9%81-%D8%AA%D9%81%D8%A7%D8%B5%D9%8A%D9%84-%D8%A7%D9%84%D9%88%D8%A7%D9%82%D8%B9%D8%A9,2026-09-29 15:04:49.295968,,
458,42,2,<urn:uuid:42b7f0b0-8991-431c-913d-76e0a2510215>,https://www.freepressjournal.in/bhopal/public-spectacle-political-optics-on-pms-fuel-saving-appeal-politicians-indulge-in-theatrics-over-fuel-saving,2026-09-29 15:04:49.295968,,
459,117,2,<urn:uuid:f3c43586-d401-40a6-b911-59856d0198a5>,https://www.1055thedove.com/news/hottest-mays-florida/DD4775CRXAZP3ISKRXDGCN4AMI/,2026-09-29 15:04:49.295968,,
460,28,2,<urn:uuid:e27ac955-d600-4c11-a424-e8feaf24c499>,https://timesofindia.indiatimes.com/city/chandigarh/lok-adalats-for-cheque-bounce-cases-on-may-30-july-18/articleshow/131049137.cms,2026-09-29 15:04:49.295968,,
461,115,299,<urn:uuid:c8f1ffa8-931f-4199-8278-c84047a8144f>,https://www.krwg.org/national-news/2026-05-12/alabama-will-split-u-s-house-primaries-after-the-supreme-courts-voting-ruling,2026-09-29 15:04:49.295968,,
462,12,2,<urn:uuid:f3ecd327-9877-4d65-b653-69bcbe6ddf4f>,https://www.rotowire.com/soccer/headlines/robin-risser-news-three-saves-on-in-1-0-win-515707,2026-09-29 15:04:51.695301,,
463,1,3,<urn:uuid:42125d90-367d-40db-96fd-85d3b4c3f0f8>,https://menafn.com/1111084104/New-Ownership-Announced-For-Crosswhite-Athletic-Club-Facility-Enhancements-Planned-Immediately,2026-09-29 15:04:51.695301,,
464,436,300,<urn:uuid:bf9d6a9b-2e7c-41e3-a52f-63f0d318d47d>,https://www.romania-insider.com/plaza-centers-icsid-compensation-romania-may-2026,2026-09-29 15:04:51.695301,,
465,90,304,<urn:uuid:6d7d7180-ae2e-4527-99c8-6d8e0af66b85>,https://www.latestly.com/agency-news/denver-airport-security-missed-trespasser-who-was-killed-by-plane-7427293.html,2026-09-29 15:04:53.265445,,
466,440,306,<urn:uuid:71d7bd2a-50a3-4c2a-b798-83d6872a2548>,https://hooversun.com/news/meet-the-candidates-alabama-state-senate-district-16/,2026-09-29 15:04:53.265445,,
467,441,2,<urn:uuid:0421e7fb-5a93-46fd-aea4-99182a7e808b>,https://www.uvahealth.com/conditions/heart-rhythm,2026-09-29 15:04:53.265445,,
468,439,307,<urn:uuid:83d4bc6d-a9fa-47b4-aa47-00afbd6009e7>,https://radaronline.com/p/pete-hegseth-dodges-question-leaked-intel-trump-lied-iran-missile-capacity/,2026-09-29 15:04:53.265445,,
469,203,2,<urn:uuid:fe5fb7a9-435a-41a4-ac55-ffdf530f3bb2>,https://actualitte.com/livres/887668/extraits/l-helicoptere-giovana-medeiros-lara-bryan-9781806073290,2026-09-29 15:04:53.265445,,
470,437,303,<urn:uuid:67088752-e6ff-4a73-9735-904f4ac4e251>,https://www.leral.net/Video-Salma-Sylla-la-femme-qui-a-decroche-les-etoiles_a399039.html,2026-09-29 15:04:53.265445,,
471,444,310,<urn:uuid:9b1394a6-bb1b-417d-899e-8d7ca00f09d8>,https://saharamedias.net/256707/,2026-09-29 15:04:55.036317,,
472,441,309,<urn:uuid:6cff1cfc-bd7e-45f8-a45f-24c59f7eed2e>,https://www.uvahealth.com/healthy-balance/sledding-safety,2026-09-29 15:04:55.036317,,
473,397,2,<urn:uuid:78796da5-e6f0-4362-8c9b-0ea5c1d2a993>,https://exclusivepress.net/archives/163226,2026-09-29 15:04:55.036317,,
474,273,186,<urn:uuid:fba46341-fc03-4de9-8231-0a682b8161a6>,https://www.albayan.ae/opinions/alphabets/1275134,2026-09-29 15:04:56.80919,,
475,316,2,<urn:uuid:a345dada-302f-4608-8fd0-fe62fdaa75b6>,https://www.finanzen.at/nachrichten/aktien/dax-roughly-flat;-rheinmetall-gea-group-decline-sharply-1036136911,2026-09-29 15:04:56.80919,,
476,82,2,<urn:uuid:a3df7fe8-3ed7-40ab-8093-3a94b93b832f>,https://www.boston25news.com/news/politics/brad-raffensperger/G757PTETIU6MFABTPR3ROQXZOU/,2026-09-29 15:04:56.80919,,
477,136,2,<urn:uuid:4f1c687b-73de-410d-87a9-f2f5e1e00adf>,https://www.telegraphindia.com/opinion/bitter-pills-editorial-on-modis-mantra-to-fight-oil-crisis-with-austerity-prnt/cid/2160264,2026-09-29 15:04:56.80919,,
478,81,2,<urn:uuid:074d86d0-5b46-4df5-8962-940352fe913e>,https://unidivers.fr/event/legalite-au-micro-musee-du-compagnonnage-tours-indre-et-loire-2026-05-23t1700000200/,2026-09-29 15:04:58.662054,,
479,452,316,<urn:uuid:1bd0dbd0-7688-4b32-b12c-4bea43cf6fd2>,https://www.tuko.co.ke/people/family/626037-video-alice-riangas-brother-weeping-by-roadside-breaks-hearts/,2026-09-29 15:04:58.662054,,
480,8,315,<urn:uuid:6e865b40-9342-48b6-8e9f-b1c0cdf8bb9c>,https://www.westernjournal.com/company-orders-recall-chocolate-sold-nationwide-potentially-dangerous-ingredient-included/?utm_source=facebook&utm_medium=teaparty&utm_campaign=lminetwork&utm_content=2026-05-13,2026-09-29 15:04:58.662054,,
481,92,2,<urn:uuid:eca79892-1988-441f-9e79-caeb954e1ea2>,https://www.hindustantimes.com/ht-insight/knowledge/keeping-children-safe-without-curbing-their-joy-101778651921781-amp.html,2026-09-29 15:04:58.662054,,
482,441,313,<urn:uuid:d9325741-14ae-4fad-9ec5-fc386180c543>,https://www.uvahealth.com/news/renowned-cancer-biology-researcher-chair-uva-department-of-dermatology,2026-09-29 15:04:58.662054,,
483,455,2,<urn:uuid:869c00f0-efc9-4a12-ab4d-0c2ad60235cd>,https://www.biospace.com/press-releases/savara-reports-first-quarter-financial-results-and-provides-business-update,2026-09-29 15:04:58.662054,,
484,237,2,<urn:uuid:5c56c589-de60-4aeb-81e2-465b518a3a20>,https://www.marketbeat.com/instant-alerts/filing-monolithic-power-systems-inc-mpwr-shares-sold-by-crossmark-global-holdings-inc-2026-05-13/,2026-09-29 15:05:00.44848,,
485,241,2,<urn:uuid:d44f3583-31f7-4b5a-acab-17df5c161435>,https://www.shorouknews.com/news/view.aspx?cdate=13052026&id=fe8f1f78-6108-4b4f-bf61-514775a3a10b,2026-09-29 15:05:00.44848,,
486,459,2,<urn:uuid:4c734b3f-0ff3-4650-80d1-d95b8326043a>,https://www.medicaldaily.com/healthy-aging-habits-your-30s-40s-that-support-longevity-prevention-475335,2026-09-29 15:05:03.205748,,
487,458,318,<urn:uuid:151e51ee-5567-4a9e-9630-606b02bef176>,https://www.footlegende.fr/trophees-unfp-2026-dembele-au-sommet-pierre-sage-recompense-le-psg-domine-la-soiree-59448,2026-09-29 15:05:03.205748,,
488,460,319,<urn:uuid:6eb883cf-75f8-46fb-9069-a1ca3836fcac>,https://madamenoire.com/1672743/wcw-women-crush-wednesday-sexy-queer-queens-vol-22/,2026-09-29 15:05:03.205748,,
489,324,216,<urn:uuid:dbfaa98d-0ebc-4322-ba05-2c7d421753ad>,https://www.indiatvnews.com/sports/cricket/who-is-csks-new-ipl-signee-macneil-hadley-noronha-the-replacement-for-ramakrishna-ghosh-2026-05-13-1040989,2026-09-29 15:05:05.183705,,
490,463,2,<urn:uuid:92b7a3d8-af82-4d66-b882-4bfac4203d51>,https://entrevue.fr/sante-publique/depistage-du-cadmium-des-analyses-bientot-remboursees-mais-pas-pour-tout-le-monde/,2026-09-29 15:05:05.183705,,
491,9,2,<urn:uuid:d1b60524-6426-4da0-a6e5-e0f515f8469e>,https://www.goal.com/en-qa/news/how-many-teams-qualify-fifa-world-cup/bltf4f130eb82f92055,2026-09-29 15:05:05.183705,,
492,462,2,<urn:uuid:1575d89c-1314-4c85-b966-bf4cbcc7c8e8>,https://www.filmweb.pl/news/OSCARY+2027%3A+Conan+O%27Brien+poprowadzi+gal%C4%99+po+raz+trzeci-166566,2026-09-29 15:05:05.183705,,
493,166,2,<urn:uuid:cd78c48d-5262-46ca-a77f-db302fda03a8>,https://www.indiainfoline.com/company/kalyan-jewellers-india-ltd/options/26-05-2026-ce-380,2026-09-29 15:05:07.171977,,
494,466,2,<urn:uuid:59379dce-e696-4274-9c28-7eafb2abd09e>,https://www.dailydispatch.co.za/news/2026-05-13-emergency-workers-search-for-bakkie-at-voelklip/,2026-09-29 15:05:08.889043,,
495,179,2,<urn:uuid:eb29d3a8-b347-4138-9e4a-fb58d25acfb0>,https://allafrica.com/stories/202605130297.html,2026-09-29 15:05:08.889043,,
496,469,2,<urn:uuid:9791c6a3-38e6-4a58-8748-b15c1ffea5b5>,https://virginiasports.com/news/2026/04/29/042826-academic-all-america,2026-09-29 15:05:10.714148,,
497,9,2,<urn:uuid:1ee0ceb7-747d-4766-986f-26e6082f72b2>,https://www.goal.com/en/news/countries-never-qualified-fifa-world-cup/blt714ee827cca46271,2026-09-29 15:05:10.714148,,
498,468,325,<urn:uuid:ac146ba6-6d99-46fb-9b51-078a2200c4c7>,https://www.metropolitanreview.org/p/cannibalism-pederasty-and-the-next,2026-09-29 15:05:10.714148,,
499,470,2,<urn:uuid:44537f2e-7d29-425f-b0b4-4baab46925be>,https://www.war.gov/News/News-Stories/Article/Article/4485405/army-forest-service-complete-annual-prescribed-burn-in-hawaii/,2026-09-29 15:05:10.714148,,
500,475,327,<urn:uuid:c6ae7dbc-1396-4bc3-817e-8c3097a99bd6>,https://kicks99.com/2026/05/13/darius-rucker-top-gun-more-cant-beat-cody/,2026-09-29 15:05:12.775812,,
501,472,328,<urn:uuid:832cf094-d354-4219-8900-13a228cc3bcd>,https://www.thelondoneconomic.com/politics/lbc-caller-sums-up-mood-of-many-amid-labour-leadership-chaos-406109/,2026-09-29 15:05:12.775812,,
502,473,2,<urn:uuid:39a5335a-9ec4-44ee-b215-99aa794504be>,https://www.lg.com/hu/tv-es-hangprojektor/oled-evo-tv/oled42c6elb-s40t001/,2026-09-29 15:05:12.775812,,
503,474,2,<urn:uuid:ee3ff3e2-cd8f-4478-92fc-75c4eee13bc2>,https://www.legalreader.com/car-accident-cases-in-cleveland-how-to-protect-your-rights-and-compensation/,2026-09-29 15:05:12.775812,,
504,121,2,<urn:uuid:ec282b34-9340-43f4-ada4-fd98588eef9d>,https://www.si.com/mlb/rangers/onsi/how-to-watch-rangers-seek-d-backs-series-win-tv-channel-stream-radio,2026-09-29 15:05:14.638637,,
505,28,2,<urn:uuid:6c1345f0-9b80-4016-802a-e57f4f465c5b>,https://timesofindia.indiatimes.com/entertainment/hindi/bollywood/news/parag-tyagi-breaks-silence-on-rumours-around-shefali-jariwalas-death-if-anti-ageing-injections-existed-everyone-would-take-them/articleshow/131073875.cms,2026-09-29 15:05:14.638637,,
506,317,2,<urn:uuid:68078bcd-5bf1-4843-aeb0-49943b8e3ed7>,https://www.babnet.net/cadredetail-329220.asp,2026-09-29 15:05:14.638637,,
507,420,332,<urn:uuid:ecad74d8-82b3-4b42-a6ce-61734debd230>,https://www.prnewswire.com/news-releases/urgent-the-ma-class-action-firm-launches-legal-inquiry-for-the-mergermdv-gbtg-fsea-and-cntmf-302771223.html,2026-09-29 15:05:16.284988,,
508,481,2,<urn:uuid:1ce47d59-1343-4cfd-8d62-b50fc15ef286>,https://cybersectools.com/compare/aikido-infrastructure-as-code-iac-vs-corgea-auto-fix,2026-09-29 15:05:16.284988,,
509,479,2,<urn:uuid:393cca11-ef23-4469-837e-f23f471cdd12>,https://www.ketr.org/2026-05-13/the-u-s-and-chinas-mutually-assured-disruption-and-why-china-wants-trade-stability,2026-09-29 15:05:16.284988,,
510,13,2,<urn:uuid:94768849-8263-421d-a5c7-e4fe4e16396c>,https://www.finanznachrichten.de/nachrichten-2026-05/68489245-study-finds-arts-and-creative-activities-may-slow-aging-020.htm,2026-09-29 15:05:16.284988,,
511,488,335,<urn:uuid:290d2f31-dd65-4fda-a5f4-3f250eb254e1>,https://www.islandssounder.com/2026/05/13/gathering-of-the-eagles-indigenous-leaders-from-around-the-world-to-converge-on-the-san-juan-islands/,2026-09-29 15:05:18.045639,,
512,481,2,<urn:uuid:6de052f1-c723-4826-97df-afe217f938d5>,https://cybersectools.com/compare/semgrep-secrets-vs-validatorjs,2026-09-29 15:05:18.045639,,
513,485,2,<urn:uuid:89036407-5163-4c9e-b056-8da69f29f25f>,https://www.carwale.com/news/hyundai-announces-two-new-suvs-for-indian-market-in-fy27/,2026-09-29 15:05:18.045639,,
514,483,2,<urn:uuid:f90220f5-c505-4a9d-869d-90a5c1fc2905>,https://www.lex18.com/videos/sports/hs-sports-zone/west-jessamine-boys-volleyball-on-the-hunt-in-state-quarterfinals,2026-09-29 15:05:18.045639,,
515,487,334,<urn:uuid:1562c322-95a1-4f73-9678-25e4fe32e8ad>,https://fr.headtopics.com/news/cisco-lance-un-outil-open-source-pour-verifier-la-83307645,2026-09-29 15:05:18.045639,,
516,486,336,<urn:uuid:5a78e1f9-5670-4924-b864-848c22f81793>,https://www.channelstv.com/2026/05/13/us-vp-vance-acknowledges-three-year-high-inflation-is-not-great/,2026-09-29 15:05:18.045639,,
517,489,337,<urn:uuid:3ddbaa91-7734-4b14-b01c-90c2fd8420b6>,https://toronto.citynews.ca/2026/05/13/tdsb-toronto-island-nature-school/,2026-09-29 15:05:20.683846,,
518,4,2,<urn:uuid:94d7ea53-b452-4c2e-bee3-3d5be3a985a3>,https://www.law360.com/articles/2477437/man-who-sold-matthew-perry-fatal-ketamine-gets-2-years,2026-09-29 15:05:20.683846,,
519,490,2,<urn:uuid:3d2e4b32-628e-4bf0-9efa-34069e72aeda>,https://isthmus.com/events/gerry-burns-hop-garden-belleville/,2026-09-29 15:05:20.683846,,
520,58,43,<urn:uuid:c59aea25-340e-4c6f-a561-3b972cd85ae5>,https://www.zeffy.com/en-US/ticketing/2026-pack-281-t-shirts,2026-09-29 15:05:20.683846,,
521,492,2,<urn:uuid:280a03d9-ffbc-4bb5-9ba6-3a94747c2abe>,https://globalnews.ca/news/11848385/montreal-police-seek-victims-man-72-sexual-offences/,2026-09-29 15:05:20.683846,,
522,495,2,<urn:uuid:94dbfe95-568e-425f-8828-c84688a5cddf>,https://www.spglobal.com/en/who-we-are/about-sp-global/our-people/paul-mutter,2026-09-29 15:05:20.683846,,
523,491,2,<urn:uuid:cda64833-d4c7-436b-80df-f63aaf2a1198>,https://www.thefield.co.uk/gardens/could-you-create-a-test-wicket-56902,2026-09-29 15:05:20.683846,,
524,249,2,<urn:uuid:2e061bca-a080-4c66-8ffa-27c30114d2f7>,https://www.thisdaylive.com/2026/05/14/uk-govt-partners-pau-sponsors-60-nigerian-journalists-on-training-in-science-reporting/,2026-09-29 15:05:22.598493,,
525,92,2,<urn:uuid:68c80ff7-bb07-4454-be25-177cac6a2a46>,https://www.hindustantimes.com/sports/us-sports/who-is-the-tallest-player-in-the-wnba-in-2026-han-xu-to-li-yueru-list-of-top-5-101778585746246.html,2026-09-29 15:05:22.598493,,
526,496,2,<urn:uuid:04eb66ac-edef-4b9b-afb9-760880707296>,https://en.sggp.org.vn/vff-grassroots-innovation-transforming-charity-into-sustainable-livelihoods-post126261.html,2026-09-29 15:05:22.598493,,
527,77,1,<urn:uuid:15522a56-e030-4985-b227-05224228d892>,https://ianslive.in/suriyas-karuppu-release-issue-director-r-j-balaji-urges-fans-to-keep-faith--20260514072811,2026-09-29 15:05:22.598493,,
528,92,2,<urn:uuid:24225e76-8d91-4613-929a-5e7cfe2613a5>,https://www.hindustantimes.com/trending/us/visa-temple-in-india-dragged-into-us-senator-s-attack-on-h-1b-programme-101778726233881-amp.html,2026-09-29 15:05:22.598493,,
529,502,344,<urn:uuid:fe6a7626-9708-4036-80f6-8bd3d2ea1e15>,https://www.thesouthafrican.com/sport/soccer/psl-south-africa/ex-orlando-pirates-star-mbokazi-surprisingly-low-mls-salary/,2026-09-29 15:05:24.399835,,
530,500,2,<urn:uuid:6f130c4f-7e92-4bb3-95ab-70595f3343f3>,https://www.eib.org/de/projects/all/20220858,2026-09-29 15:05:24.399835,,
531,501,343,<urn:uuid:042dee5b-74a2-49dc-ac67-fc5bcf58d326>,https://www.jalopnik.com/2172395/spirit-airlines-jet-aircraft-repossession/,2026-09-29 15:05:24.399835,,
532,241,2,<urn:uuid:7f7e7241-9d55-4242-a447-827732dc5438>,https://www.shorouknews.com/news/view.aspx?cdate=14052026&id=b9a735dc-1359-4118-a6ee-c10a20430f57,2026-09-29 15:05:25.998828,,
533,504,2,<urn:uuid:29e4bd79-ac5c-4261-b9b8-3c71a869d229>,https://www.watson.ch/fr/suisse/economie/685535598-sextoy-le-suisse-amorana-part-a-la-conquete-du-marche-allemand,2026-09-29 15:05:25.998828,,
534,96,67,<urn:uuid:8cb2451d-93b2-4bba-85af-1f2cf9f1d8c3>,https://www.business-standard.com/markets/capital-market-news/modi-naturals-ltd-leads-gainers-in-b-group-126051400569_1.html,2026-09-29 15:05:25.998828,,
535,124,349,<urn:uuid:49d78f43-1cf2-41cb-994f-2648616cf8f6>,https://www.keranews.org/2026-05-14/exploring-the-urban-villages-of-shenzhen-the-chinese-city-known-for-tech,2026-09-29 15:05:27.844196,,
536,507,2,<urn:uuid:0b97908d-d34f-4e2e-bc5b-af85f3b9ba39>,https://www.finanzen.ch/nachrichten/aktien/european-shares-inch-higher-as-cisco-earnings-beat-estimates-1036155320,2026-09-29 15:05:27.844196,,
537,73,2,<urn:uuid:c5b7b759-263f-46ce-b9fb-958cfa0409c0>,https://www.skynewsarabia.com/business/1869457-%D8%A5%D9%8A%D8%B1-%D9%86%D9%8A%D9%88%D8%B2%D9%8A%D9%84%D8%A7%D9%86%D8%AF-%D8%AA%D8%B1%D9%81%D8%B9-%D8%AA%D9%88%D9%82%D8%B9%D8%A7%D8%AA-%D8%AE%D8%B3%D8%A7%D8%A6%D8%B1%D9%87%D8%A7-%D8%A7%D9%84%D8%B3%D9%86%D9%88%D9%8A%D8%A9-%D8%A8%D8%B3%D8%A8%D8%A8-%D8%AD%D8%B1%D8%A8-%D8%A5%D9%8A%D8%B1%D8%A7%D9%86,2026-09-29 15:05:27.844196,,
538,512,2,<urn:uuid:28445521-f097-443c-bff5-bce637b9cbc3>,https://scitechdaily.com/the-internet-just-named-a-brand-new-deep-sea-creature-found-nearly-3-miles-deep/,2026-09-29 15:05:27.844196,,
539,71,348,<urn:uuid:594dc960-b728-49c0-8faf-77ccf128d95a>,https://twistedsifter.com/2026/05/a-dogs-first-look-at-his-new-backyard-has-everyone-smiling/,2026-09-29 15:05:27.844196,,
540,69,347,<urn:uuid:7d311fb8-901c-4935-b56a-168cc1c64e19>,https://www.mariefrance.fr/animaux/ces-3-gestes-du-soir-calment-un-chat-dechaine-a-3h-du-matin-et-sauvent-enfin-vos-nuits-1270629.html,2026-09-29 15:05:27.844196,,
541,52,350,<urn:uuid:afda180a-721f-420d-8190-41faf69ed30f>,https://www.footmercato.net/a4710819580647155680-le-mans-fc-le-message-de-novak-djokovic-pour-la-montee-en-ligue-1,2026-09-29 15:05:27.844196,,
542,515,352,<urn:uuid:49465382-7d20-4e0f-8fc5-256b4011580a>,https://www.publicradioeast.org/2026-05-14/new-grassroots-organization-demanding-congress-overhaul-va-presumptive-conditions-list,2026-09-29 15:05:29.753427,,
543,81,2,<urn:uuid:71ef84ee-e000-48b1-b065-858412a3c817>,https://unidivers.fr/event/game-night-reconnectland-puechabon-herault-2026-05-22/,2026-09-29 15:05:29.753427,,
544,316,2,<urn:uuid:c3f4041a-c5e7-46aa-ae31-5b256bda2692>,https://www.finanzen.at/nachrichten/aktien/eqs-pvr-pva-tepla-ag-release-according-to-article-40-section-1-of-the-wphg-%5Bthe-german-securities-trading-act%5D-with-the-objective-of-europe-wide-distribution-1036151226,2026-09-29 15:05:29.753427,,
545,300,357,<urn:uuid:b28261e8-d4a2-4589-b1e6-db1de998ab6b>,https://www.ospreyobserver.com/2026/05/pro-athletes-lead-tampa-dynamo-youth-soccer-camp-in-riverview/,2026-09-29 15:05:31.351069,,
546,517,356,<urn:uuid:b9e1d615-1304-4df1-86ae-996f60120c74>,https://www.wwno.org/npr-news/2026-05-14/richard-haass-talks-about-accounts-from-u-s-and-china-on-trump-xi-meeting,2026-09-29 15:05:31.351069,,
547,516,355,<urn:uuid:38fbf4b7-4f23-4049-a8e3-87bb84344d60>,https://www.india.com/news/india/tamil-nadu-vijay-kalaignar-magalir-urimai-thogai-women-empowerment-financial-assistance-neet-assembly-dmk-aiadmk-bjp-tvk-congress-8414227/,2026-09-29 15:05:31.351069,,
548,519,354,<urn:uuid:70507ff1-ca9f-42e5-9009-a4f75ab9a0cf>,https://www.cbc.bb/news/local-news/three-people-injured-in-shooting-incident/,2026-09-29 15:05:31.351069,,
549,390,360,<urn:uuid:d8ae4313-2d65-4e70-8cda-aeb81611d567>,https://www.globenewswire.com/news-release/2026/05/14/3295067/28124/en/FcRn-Targeted-Therapies-Pipeline-Competitor-Analysis-Report-2026-R-D-Programs-by-R-D-Phase-and-Profile-of-Therapies-by-Drug-Modality.html,2026-09-29 15:05:33.360845,,
550,6,358,<urn:uuid:1f102ab7-ac9e-4105-8ca7-66e4d93480d8>,https://www.koreaherald.com/article/10738272,2026-09-29 15:05:33.360845,,
551,234,2,<urn:uuid:852026bd-14d3-46a7-82fe-c5534dccde81>,https://www.zawya.com/ar/%D8%A7%D9%84%D8%A8%D9%8A%D8%A7%D9%86%D8%A7%D8%AA-%D8%A7%D9%84%D8%B5%D8%AD%D9%81%D9%8A%D8%A9/%D8%A8%D9%8A%D8%A7%D9%86%D8%A7%D8%AA-%D8%A7%D9%84%D8%B4%D8%B1%D9%83%D8%A7%D8%AA/%D8%A7%D9%84%D9%85%D9%85%D9%84%D9%83%D8%A9-%D8%A7%D9%84%D8%B9%D8%B1%D8%A8%D9%8A%D8%A9-%D8%A7%D9%84%D8%B3%D8%B9%D9%88%D8%AF%D9%8A%D8%A9-%D8%AA%D8%AA%D8%B5%D8%AF%D8%B1-%D8%A7%D9%84%D9%85%D8%B4%D9%87%D8%AF-%D9%81%D9%8A-%D8%A7%D8%B9%D8%AA%D9%85%D8%A7%D8%AF-%D8%A7%D9%84%D8%B0%D9%83%D8%A7%D8%A1-%D8%A7%D9%84%D8%A7%D8%B5%D8%B7%D9%86%D8%A7%D8%B9%D9%8A-%D8%A5%D9%86%D9%85%D8%A7-%D8%A8%D8%A7%D8%AA%D8%AA-%D8%AA%D9%88%D8%A7%D8%AC%D9%87-%D8%A7%D8%AE%D8%AA%D8%A8%D8%A7%D8%B1%D8%A7%D9%8B-%D8%AD%D8%A7%D8%B3%D9%85%D8%A7%D9%8B-%D9%8A%D8%AA%D9%85%D8%AB%D9%84-%D8%A8%D8%AA%D8%AD%D9%88%D9%8A%D9%84-tp4rh3m3,2026-09-29 15:05:33.360845,,
552,219,278,<urn:uuid:7d26d486-03a9-4e89-b554-db5c6a9beba8>,https://www.dtnext.in/news/national/ec-ld-sir,2026-09-29 15:05:33.360845,,
553,58,43,<urn:uuid:5ddd0bd8-8f57-4d7c-b460-7cc361b8369a>,https://www.zeffy.com/en-US/ticketing/zeta-phi-beta-sorority-inc-tau-zeta-chapters-fathers-day-raffle--2025,2026-09-29 15:05:35.139561,,
554,420,362,<urn:uuid:75d8ebc6-132d-4a77-a7aa-99fde47476be>,https://www.prnewswire.com/news-releases/opportunite-dinvestissement---1-5-milliard-de-visites-plus-tard-project-portal-gagne-la-course-aux-compagnons-de-lia-302772483.html,2026-09-29 15:05:35.139561,,
555,399,2,<urn:uuid:e234372a-fc2d-4729-b535-2ed72fac7759>,https://wtop.com/national/2026/05/oregon-democrats-found-a-way-to-improve-roads-now-their-gas-tax-goes-before-voters-as-prices-soar/,2026-09-29 15:05:35.139561,,
556,30,2,<urn:uuid:e4e4b5e7-afb3-40cc-a514-d5d12b8640e6>,https://www.elbalad.news/6970951,2026-09-29 15:05:35.139561,,
557,390,365,<urn:uuid:41a5e626-0c07-4b38-910b-74529b36287e>,https://www.globenewswire.com/news-release/2026/05/14/3295224/0/en/Thurgood-Marshall-College-Fund-officials-applaud-the-introduction-of-the-IGNITE-HBCU-Excellence-Act.html,2026-09-29 15:05:36.861497,,
558,530,367,<urn:uuid:67583363-03f4-4270-b3a0-fc684a01bf08>,https://www.mediaite.com/media/news/taxpayers-have-coughed-up-550000-in-sexual-harassment-settlements-for-members-of-congress-cnn-reports/,2026-09-29 15:05:36.861497,,
559,166,2,<urn:uuid:037dab9c-5b98-4363-8d46-6a60e0c2a073>,https://www.indiainfoline.com/company/glenmark-pharmaceuticals-ltd/options/30-06-2026-pe-2300,2026-09-29 15:05:36.861497,,
560,204,2,<urn:uuid:e3321ec3-5ed2-48c5-b64f-8a1032dc2ace>,https://www.einpresswire.com/article/912799775/tinuiti-launches-new-youtube-intelligence-suite-revealing-47-average-incremental-conversion-impact-for-brands,2026-09-29 15:05:36.861497,,
561,534,2,<urn:uuid:431a400b-f191-499a-bcbe-a18f15ef8d70>,https://www.gptoday.net/en/news/f1/295391/antonelli-stays-grounded-after-miami-win-and-warns-russell-will-be-strong-in-canada,2026-09-29 15:05:38.796584,,
562,48,32,<urn:uuid:91eb2a2f-1c99-4810-9780-d0c7550c1358>,https://www.masrawy.com/arts/zoom/details/2026/5/14/2988199/%D8%A8%D8%B3%D9%85%D8%A9-%D8%A8%D9%88%D8%B3%D9%8A%D9%84-%D8%A8%D8%A5%D8%B7%D9%84%D8%A7%D9%84%D8%A9-%D9%86%D8%A7%D8%B9%D9%85%D8%A9-%D8%AA%D8%AE%D8%B7%D9%81-%D8%A7%D9%84%D8%A3%D9%86%D8%B8%D8%A7%D8%B1-%D9%81%D9%8A-%D8%A3%D8%AD%D8%AF%D8%AB-%D8%B8%D9%87%D9%88%D8%B1-%D8%B9%D9%84%D9%89-%D8%A7%D9%84%D8%B3%D9%88%D8%B4%D9%8A%D8%A7%D9%84-%D9%85%D9%8A%D8%AF%D9%8A%D8%A7-,2026-09-29 15:05:38.796584,,
563,81,2,<urn:uuid:f08a8434-2476-42a7-bcd9-7bfc5ef3ed25>,https://unidivers.fr/event/poterie-de-printemps-granville-manche-2026-05-15/,2026-09-29 15:05:38.796584,,
564,58,43,<urn:uuid:e86676ba-b092-4c6c-a2b3-cab081d461b9>,https://www.zeffy.com/en-GB/ticketing/afc-britannias-easter-hamper-raffle--2026,2026-09-29 15:05:38.796584,,
565,532,369,<urn:uuid:74e2afe2-b591-42fb-bae7-fe61fdef402d>,https://www.clarksvilleonline.com/2026/05/14/clarksville-gas-and-water-department-reports-section-of-commerce-street-closed-for-sewer-line-repair/,2026-09-29 15:05:38.796584,,
566,540,2,<urn:uuid:4cab0bd8-6ff8-45ec-8f78-d314ec42d88b>,https://comicbookmovie.com/tv/dc/lanterns/lanterns-takes-place-in-2016-showrunner-talks-sinestros-role-and-confirms-no-other-green-lanterns-appear-a227828,2026-09-29 15:05:40.673293,,
567,101,2,<urn:uuid:9bdd2ee6-fc6c-4898-9011-e5dcd93284bc>,https://www.kanw.org/2026-05-14/from-pickup-games-to-packed-stadiums-the-bay-gets-world-cup-ready,2026-09-29 15:05:40.673293,,
568,537,2,<urn:uuid:49ef5700-c418-4b1d-9b85-7645fbfa5788>,https://www.sportinglife.com/racing/news/york-dante-report-david-ords-view-from-the-track/232096,2026-09-29 15:05:40.673293,,
569,538,372,<urn:uuid:9bf8aee5-92da-49c2-bd40-bc5584797da8>,https://www.dzfoot.com/verts-deurope/suisse-retour-en-force-pour-jaouen-hadjam-294208.html,2026-09-29 15:05:40.673293,,
570,542,374,<urn:uuid:872e4d86-b811-4234-aa21-367f3bf36fb4>,https://www.wcbi.com/property-search-leads-to-a-drug-seizure-in-tishomingo-co/,2026-09-29 15:05:40.673293,,
571,51,375,<urn:uuid:15988a75-4ab3-486f-b68b-310508634a8d>,https://www.newindianexpress.com/sport/cricket/2026/May/14/injury-hit-super-kings,2026-09-29 15:05:40.673293,,
572,545,382,<urn:uuid:fbd7aa7b-63c4-4247-8e93-1c9ca002ef36>,https://thebeatdfw.com/4530246/rihanna-home-shooting-suspect-arrested/,2026-09-29 15:05:42.466548,,
573,390,380,<urn:uuid:19568c93-9023-49ff-ac89-dc840c7a35ed>,https://www.globenewswire.com/news-release/2026/05/14/3295371/0/en/Shimmick-Corporation-Announces-First-Quarter-2026-Results.html,2026-09-29 15:05:42.466548,,
574,28,2,<urn:uuid:1e31c1f4-dc26-4a86-9540-78183471fdaf>,https://timesofindia.indiatimes.com/city/nagpur/gmch-directs-5-resident-doctors-to-vacate-hostel-for-a-month-after-clash/articleshow/131102307.cms,2026-09-29 15:05:42.466548,,
575,546,378,<urn:uuid:406bd03c-c2fb-4270-ad72-3ab925c85512>,https://pk.headtopics.com/news/8583326810110915233-83312426,2026-09-29 15:05:42.466548,,
576,543,376,<urn:uuid:9f44021a-8542-460e-a8a2-ffb2d9bea896>,https://www.potomaclocal.com/2020/10/05/i-95-traffic-to-shift-as-river-crossing-project-enters-final-phases/?utm_source=feedburner&utm_medium=feed&utm_campaign=Feed%3A+PotomacLocal+%28PotomacLocal.com%29,2026-09-29 15:05:42.466548,,
577,330,377,<urn:uuid:0eea3739-8c81-495c-9865-5edb2f2824a1>,https://www.klcc.org/morning-edition/2026-05-14/is-the-u-s-running-out-of-weapons-in-the-iran-war,2026-09-29 15:05:42.466548,,
578,30,2,<urn:uuid:95f8d30f-049e-4234-8915-a7329e42b165>,https://www.elbalad.news/6971335,2026-09-29 15:05:42.466548,,
579,333,381,<urn:uuid:6ef1967c-d9c1-4db8-b748-3dac58ab38f4>,https://www.essentiallysports.com/golf-news-nbc-analyst-gives-bryson-dechambeau-and-co-harsh-reality-check-as-they-try-to-save-liv-golf/,2026-09-29 15:05:42.466548,,
580,554,2,<urn:uuid:2313a4e1-a69e-4069-ac8f-e4c24d74442a>,https://triad-city-beat.com/is-humaniser-ai-a-good-ai-humanizer-tool-for-busy-students/,2026-09-29 15:05:44.256826,,
581,241,2,<urn:uuid:c5d5320b-abc1-4eef-94cd-31816b58d752>,https://www.shorouknews.com/news/view.aspx?cdate=15052026&id=0fdb735f-6980-4c28-bf4b-e3c58b172c37,2026-09-29 15:05:44.256826,,
582,553,385,<urn:uuid:7a97bd33-451f-4de1-85f2-aa3aa524df3b>,https://kirolakeitb.eus/eu/futbola/taldeak/real-sociedad/2026/05/14/jon-martin-bigarren-zatian-kostata-ibili-gara-ezin-izan-ditugu-trantsizioak-egin/,2026-09-29 15:05:44.256826,,
583,58,43,<urn:uuid:1a29f74d-1bf5-4925-8bcd-76b72a440e11>,https://www.zeffy.com/fr-CA/ticketing/les-jeunes-tounkaranke-aux-fourneaux-le-showcase-culinaire,2026-09-29 15:05:44.256826,,
584,555,2,<urn:uuid:e56d50cc-fe43-49b3-aebe-aaddb8a798d6>,https://kz.kinoafisha.info/en/satpaev/movies/8386154/2026-05-20/,2026-09-29 15:05:44.256826,,
585,560,389,<urn:uuid:4e5732a7-a049-4e95-9a64-c61950ae1ed7>,https://www.tvtechnology.com/business/upfronts-wbd-expands-advanced-ad-capabilities-and-ai-ad-tech,2026-09-29 15:05:46.190315,,
586,558,2,<urn:uuid:c80cf3aa-1a74-4e9e-9eea-f973c0e29860>,https://www.koaa.com/videos/news/national-news/2-killed-after-plane-crashed-into-home,2026-09-29 15:05:46.190315,,
587,559,386,<urn:uuid:0d665dfd-911d-44c1-a11f-1227191bd27a>,https://1075koolfm.com/youre-three-hours-away-from-the-perfect-vacation/,2026-09-29 15:05:46.190315,,
588,455,2,<urn:uuid:b9ecefa4-ef90-470f-bc68-2516bfe4aeed>,https://www.biospace.com/press-releases/eton-pharmaceuticals-reports-first-quarter-2026-financial-results,2026-09-29 15:05:46.190315,,
589,556,2,<urn:uuid:0a844fc4-9218-4c78-b404-743bfb635f3b>,https://www.abc15.com/videos/news/local-news/investigations/haitian-man-with-toothache-had-major-infection-when-he-died-in-ice-custody,2026-09-29 15:05:46.190315,,
590,18,388,<urn:uuid:55dd76f6-90b6-4f4d-8801-97387a838b9f>,https://www.benzinga.com/news/topics/26/05/52587110/wife-31-says-husband-blew-up-when-she-told-his-family-he-didnt-buy-their-new-home-alone-both-paid-do-you-ever-think-before-you-speak,2026-09-29 15:05:46.190315,,
591,136,2,<urn:uuid:98ce1cc6-096c-48d5-b9a4-d742811ddbf2>,https://www.telegraphindia.com/west-bengal/bjp-led-bengal-government-to-roll-out-ayushman-bharat-from-june-1-prnt/cid/2160633,2026-09-29 15:05:46.190315,,
592,96,67,<urn:uuid:9dd9c53d-b489-4e48-ad18-298e9e30d390>,https://www.business-standard.com/amp/markets/capital-market-news/mold-tek-technologies-reports-consolidated-net-profit-of-rs-2-28-crore-in-the-march-2026-quarter-126051500152_1.html,2026-09-29 15:05:49.069935,,
593,15,2,<urn:uuid:79a09305-c843-46c7-b734-7f96ff2ed19f>,https://www.nasdaq.com/articles/planet-fitness-plnt-price-target-decreased-3256-7559,2026-09-29 15:05:49.069935,,
594,277,2,<urn:uuid:618165d6-0d37-47f1-bc70-1e0f30ddd4f0>,https://tvovermind.com/funny-wholesome-memes-capybara-worlds-121/,2026-09-29 15:05:49.069935,,
595,68,48,<urn:uuid:7c44e337-6d91-401e-b9a6-263993f78c9a>,https://www.premiumtimesng.com/regional/ssouth-east/878695-we-have-detained-several-fake-pastors-in-anambra-soludo.html,2026-09-29 15:05:50.987059,,
596,179,2,<urn:uuid:0a679158-acf3-48c4-be29-6dcb59de696f>,https://allafrica.com/stories/202605150057.html,2026-09-29 15:05:50.987059,,
597,566,2,<urn:uuid:f29349f8-0bc1-4818-a78f-6282a5dccc02>,https://www.beritaharian.sg/malaysia/ktv-mewah-kebal-di-bukit-bintang-diserbu-ratusan-ditahan-jabatan-imigresen,2026-09-29 15:05:50.987059,,
598,4,2,<urn:uuid:2c8602d8-2136-4968-8856-c192730e34fb>,https://www.law360.com/employment-authority/articles/2477776/judge-recommends-cert-in-united-airlines-unit-ot-suit,2026-09-29 15:05:52.731952,,
599,74,2,<urn:uuid:0e7fb10a-239d-43a3-be4a-08aed97df8ce>,https://www.newsbytesapp.com/news/lifestyle/container-gardening-101-tips-to-grow-wheatgrass/story,2026-09-29 15:05:52.731952,,
600,74,2,<urn:uuid:b6316269-bf83-40ba-8af0-692f286deb18>,https://www.newsbytesapp.com/news/lifestyle/cover-grey-hair-naturally-with-these-hairstyles/story,2026-09-29 15:05:52.731952,,
601,4,2,<urn:uuid:d94f604a-9e45-4924-ae82-55d8ae695436>,https://www.law360.com/employment-authority/articles/2477791/seton-hall-hit-with-wage-suit-over-dorm-monitor-pay,2026-09-29 15:05:52.731952,,
602,570,394,<urn:uuid:d8c359e3-f733-4830-846c-2d3bef9af1e7>,https://keyt.com/news/national-world/cnn-national/2026/05/15/a-timeline-of-former-death-row-inmate-richard-glossips-legal-battles-spanning-nearly-30-years/,2026-09-29 15:05:52.731952,,
603,575,398,<urn:uuid:7aedc13a-3d36-47d3-b5e6-ad174c51d883>,https://www.thefp.com/p/tgif-sort-of-a-fat-slob,2026-09-29 15:05:55.012967,,
604,166,2,<urn:uuid:70661eed-673d-4059-8481-1d25d3f06a84>,https://www.indiainfoline.com/company/bharat-forge-ltd/options/30-03-2026-ce-1980,2026-09-29 15:05:55.012967,,
605,42,2,<urn:uuid:06df840e-20f6-49ce-9e31-20579fc91097>,https://www.freepressjournal.in/business/mps-q4-profit-stays-flat-at-47-crore-despite-double-digit-revenue-growth,2026-09-29 15:05:55.012967,,
606,115,399,<urn:uuid:9bf84401-8149-4cec-9137-ee13b79f1b61>,https://www.krwg.org/national-news/2026-05-15/death-toll-in-attack-on-kyiv-apartment-building-now-stands-at-24,2026-09-29 15:05:55.012967,,
607,116,396,<urn:uuid:7045be6f-065d-4c4d-91f6-b60e61bb3791>,https://www.kdll.org/2026-05-15/inside-beijings-temple-of-heaven,2026-09-29 15:05:55.012967,,
608,577,2,<urn:uuid:1f763580-e90c-4813-b455-41708918efd6>,https://www.azernews.az/sports/258432.html,2026-09-29 15:05:57.085807,,
609,578,401,<urn:uuid:acbebea3-3e7d-42e4-b06a-6c5c4ea3005a>,https://sarabic.ae/20260515/%D9%85%D9%8A%D8%B4%D9%88%D8%B3%D8%AA%D9%8A%D9%86-%D8%AD%D8%B5%D8%A9-%D8%A8%D8%B1%D9%8A%D9%83%D8%B3-%D9%81%D9%8A-%D8%A7%D9%84%D9%86%D8%A7%D8%AA%D8%AC-%D8%A7%D9%84%D9%85%D8%AD%D9%84%D9%8A-%D8%A7%D9%84%D8%A5%D8%AC%D9%85%D8%A7%D9%84%D9%8A-%D8%A7%D9%84%D8%B9%D8%A7%D9%84%D9%85%D9%8A-%D8%A8%D9%84%D8%BA%D8%AA-40-%D9%85%D8%AA%D8%AC%D8%A7%D9%88%D8%B2%D8%A9-%D9%85%D8%AC%D9%85%D9%88%D8%B9%D8%A9-%D8%A7%D9%84%D8%B3%D8%A8%D8%B9-1113441536.html,2026-09-29 15:05:57.085807,,
610,580,405,<urn:uuid:b0d8ccd4-daa0-4692-a295-e32bfae2d769>,https://xcmag.com/news/race-report-x-scotia-2026/,2026-09-29 15:05:58.795762,,
611,1,3,<urn:uuid:27543e72-d31c-4bdf-9ba3-ea920521d3ba>,https://menafn.com/1111109369/Welcoming-Innovation-Without-Losing-The-Fundamentals-Why-Lenacapavirs-Rollout-Must-Strengthen-Combination-Prevention-In-South-Africa-By-Ngaa-Murombedzi,2026-09-29 15:05:58.795762,,
612,555,2,<urn:uuid:d9ca8a81-7e75-4c91-a7cf-18e15522f2df>,https://kz.kinoafisha.info/en/temirtau/movies/8366499/2026-05-18/,2026-09-29 15:05:58.795762,,
613,579,402,<urn:uuid:05fe1492-5a20-467a-8106-1055a8c6dec4>,https://www.the-express.com/news/world-news/207310/pentagon-had-no-idea-hegseth-cancel-troops-poland,2026-09-29 15:05:58.795762,,
614,583,2,<urn:uuid:c2fa41ea-afcb-4b1f-9b6a-b0205e52aa2e>,https://www.denver7.com/videos/news/local-news/major-crash-closes-us-85-near-e-470,2026-09-29 15:05:58.795762,,
615,41,2,<urn:uuid:8cc05122-053b-4439-9580-96ad96bc25fd>,https://www.oursportscentral.com/services/releases/ems-outhit-dust-devils-but-drop-first-game-of-series/n-6362202,2026-09-29 15:06:00.454514,,
616,237,2,<urn:uuid:32f915e7-a4b5-487f-9e22-60918e29b320>,https://www.marketbeat.com/instant-alerts/onsemi-nasdaqon-trading-81-higher-on-analyst-upgrade-2026-05-13/,2026-09-29 15:06:00.454514,,
617,96,67,<urn:uuid:d921382d-d537-4460-b272-74d786f35edc>,https://www.business-standard.com/amp/cricket/ipl/ipl-2026-breaks-records-with-highest-digital-and-tv-engagement-on-jiostar-126051501453_1.html,2026-09-29 15:06:00.454514,,
618,80,2,<urn:uuid:4b8411bf-32d9-428a-97ac-877643d67acf>,https://www.aljazeera.com/sports/2026/5/15/ronaldo-judged-on-form-not-age-for-portugal-at-world-cup-says-martinez?traffic_source=rss,2026-09-29 15:06:00.454514,,
619,170,2,<urn:uuid:d1452a5e-23c9-4896-a446-66d88906f3b8>,https://www.cbsnews.com/chicago/video/person-in-custody-after-stabbing-leaves-man-seriously-injured-in-the-loop/,2026-09-29 15:06:00.454514,,
620,9,2,<urn:uuid:99d41d3a-b7cd-4b04-a654-bbfee72ff20a>,https://www.goal.com/en-ca/lists/cristiano-ronaldo-lionel-messi-inter-miami-man-utd-cr7-mls-saudi-title/blt7565f26eb6053d9e,2026-09-29 15:06:02.147656,,
621,222,410,<urn:uuid:0e6bfa21-e258-4727-96b3-982df9ae96a7>,https://www.boisestatepublicradio.org/2026-05-15/celebrating-acclaimed-nature-documentarian-david-attenborough-at-100,2026-09-29 15:06:04.277825,,
622,135,2,<urn:uuid:8d67fe89-c21b-48f7-9e40-51bb6bb93d92>,https://newsable.asianetnews.com/india/unnao-custodial-death-delhi-hc-hears-appeals-against-sengars-conviction-articleshow-gyy7orp,2026-09-29 15:06:04.277825,,
623,166,2,<urn:uuid:0eac36e3-bd56-461c-a607-977854743c91>,https://www.indiainfoline.com/company/biocon-ltd/options/30-06-2026-ce-350,2026-09-29 15:06:04.277825,,
624,12,2,<urn:uuid:d7b74c9d-e2e5-44fd-b908-6c652d22fce5>,https://www.rotowire.com/article/social-casino-sign-up-bonuses-the-best-welcome-offers-for-new-players-114592,2026-09-29 15:06:04.277825,,
625,594,412,<urn:uuid:629c4378-d58d-46fe-8305-b458a7175543>,https://www.on3.com/high-school/news/robinson-fl-girls-flag-football-head-coach-notches-300th-win/,2026-09-29 15:06:05.968852,,
626,411,2,<urn:uuid:ef4edb5a-b1ca-4e03-bd12-1024c8028690>,https://www.tpr.org/2026-05-15/states-consider-laws-blocking-ai-personhood,2026-09-29 15:06:05.968852,,
627,410,2,<urn:uuid:b25c5b9c-9156-4519-a501-700c3ef494da>,https://www.brighteon.com/f389343e-04ff-4824-b6d3-d580d26e65b2,2026-09-29 15:06:05.968852,,
628,598,2,<urn:uuid:1dac3354-a67e-409b-9644-948453524469>,https://www.kios.org/2026-05-15/it-feels-like-its-the-end-of-the-world-to-me-says-musician-dua-saleh,2026-09-29 15:06:07.829346,,
629,597,2,<urn:uuid:b39fe7ae-45b0-497f-8e81-070ba81c2dcf>,https://www.wpxi.com/news/colorado-governor/E6OFFUHK3Y2Z7GNRC7MWGINYXQ/,2026-09-29 15:06:07.829346,,
630,601,413,<urn:uuid:8e5bdc3f-a02a-4be9-be01-00dfde45cde4>,https://energysecurityfreedom.substack.com/p/policymakers-must-start-paying-attention,2026-09-29 15:06:07.829346,,
631,52,416,<urn:uuid:c52da6f5-c030-4518-bb4b-d49477133dc3>,https://www.footmercato.net/a2751254070684063570-la-presse-espagnole-annonce-le-retour-imminent-de-jose-mourinho-au-real-madrid,2026-09-29 15:06:07.829346,,
632,175,120,<urn:uuid:f4eca3fd-4c35-47ce-92a1-b2a68e9017db>,https://www.arab48.com/%D8%B1%D9%8A%D8%A7%D8%B6%D8%A9/%D8%B1%D9%8A%D8%A7%D8%B6%D8%A9-%D9%85%D8%AD%D9%84%D9%8A%D8%A9/2026/05/16/%D8%A7%D9%84%D9%88%D8%AD%D8%AF%D8%A9-%D9%83%D9%81%D8%B1-%D9%82%D8%A7%D8%B3%D9%85-%D9%8A%D9%82%D8%B9-%D8%A8%D9%81%D8%AE-%D8%A7%D9%84%D8%AA%D8%B9%D8%A7%D8%AF%D9%84-%D9%88%D9%8A%D8%A4%D8%AC%D9%84-%D8%AD%D8%B3%D9%85-%D8%A7%D9%84%D8%A8%D9%82%D8%A7%D8%A1-%D8%A8%D8%A7%D9%84%D9%85%D9%85%D8%AA%D8%A7%D8%B2%D8%A9,2026-09-29 15:06:07.829346,,
633,604,2,<urn:uuid:d8cbf096-c200-45eb-b89f-2b8f0e93af93>,https://shelburnefreepress.ca/you-owe-how-much/,2026-09-29 15:06:09.516259,,
634,42,2,<urn:uuid:6682e6f8-6b91-45d9-9e70-1ad3e57ecdb5>,https://www.freepressjournal.in/indore/deputy-commissioner-of-police-sings-song-to-encourage-commuters-to-follow-traffic-rules-in-indore,2026-09-29 15:06:09.516259,,
635,116,2,<urn:uuid:11d8e675-a07d-47a5-8034-e6eefe0f2901>,https://www.kdll.org/tags/kenai-peninsula-school-activities-association,2026-09-29 15:06:09.516259,,
636,1,3,<urn:uuid:672ff791-78a1-43cd-a237-38516e1aa6bf>,https://menafn.com/1111113323/Bata-Unveils-A-Special-Festive-Collection-And-Launches-CampaignCelebrate-Every-Step-Featuring-New-Indias-Icon-Kartik-Aaryan,2026-09-29 15:06:09.516259,,
637,92,2,<urn:uuid:2e68a895-1338-45a0-b98a-b4757461eda3>,https://www.hindustantimes.com/cities/mumbai-news/essel-group-s-lower-parel-corporate-office-up-for-auction-with-650-crore-reserve-price-101778870705547-amp.html,2026-09-29 15:06:09.516259,,
638,42,2,<urn:uuid:5497f284-426e-44bf-a17a-1e560da5d515>,https://www.freepressjournal.in/indore/madhya-pradesh-police-established-first-ever-drone-training-centre-police-aerial-systems-and-technology-centre-at-police-radio-training-school-campus-in-indore,2026-09-29 15:06:09.516259,,
639,136,2,<urn:uuid:dee7f0e9-b146-4f0d-84e6-9b52b6ddebfd>,https://www.telegraphindia.com/opinion/jugalbandis-seven-political-partnerships-in-modern-india-prnt/cid/2160788,2026-09-29 15:06:12.143251,,
640,612,2,<urn:uuid:9705f6eb-2eb5-408c-9bf1-49be080cc9a6>,https://www.perthnow.com.au/news/crime/nurse-reprimanded-after-faking-grandfathers-death-to-qantas-c-22293251,2026-09-29 15:06:12.143251,,
641,105,2,<urn:uuid:39de73c8-a15c-47ae-8dc6-ef5494147101>,https://www.wrvo.org/tuned-to-yesterday/2026-05-16/5-15-26-11pm-tuned-to-yesterday,2026-09-29 15:06:12.143251,,
642,607,421,<urn:uuid:d51014a9-659c-4024-8918-7fd5e7e30749>,https://www.football365.fr/real-madrid-mourinho-retour-cristiano-ronaldo-mendieta-10295335.html,2026-09-29 15:06:12.143251,,
643,390,420,<urn:uuid:caec8088-f949-40b6-ab05-56198caf022a>,https://www.globenewswire.com/news-release/2026/05/16/3296202/0/en/Eastern-Sports-Management-Celebrates-10-Years-Operating-the-Jeff-Rouse-Swim-and-Sport-Center.html,2026-09-29 15:06:12.143251,,
644,608,2,<urn:uuid:11100cee-249d-406c-887b-09f86fc17010>,https://m.rediff.com/news/commentary/2026/may/16/fiveyearold-boy-kidnapped-from-thane-rescued-in-5-hours-accused-held/c1d0b7fa3d37dba1be349762f7a81d71,2026-09-29 15:06:12.143251,,
645,8,227,<urn:uuid:d1b23a47-e4be-4fd2-a1f3-b375583af442>,https://www.westernjournal.com/poll-thomas-massie-trailing-trump-backed-primary-challenger-leading-big-just-weeks-ago/?utm_source=facebook&utm_medium=jeffersonnewsletter&utm_campaign=lminetwork&utm_content=2026-05-16,2026-09-29 15:06:14.606839,,
646,58,43,<urn:uuid:f0d02a9a-c50f-46ba-9fc4-f53c149be415>,https://www.zeffy.com/en-US/ticketing/leadership-germantown-2026-community-partner-sponsorship,2026-09-29 15:06:14.606839,,
647,334,223,<urn:uuid:c013d9af-e7e6-4778-bc2f-c080f6e26a91>,https://samanews.ps/ar/post/618876/%D8%A7%D9%84%D8%BA%D8%A7%D8%B1%D8%AF%D9%8A%D8%A7%D9%86--%D8%A3%D9%88%D9%86%D8%B1%D9%88%D8%A7-%D9%86%D9%81%D8%B0%D8%AA-%D8%B9%D9%85%D9%84%D9%8A%D8%A9-%D8%B3%D8%B1%D9%8A%D8%A9-%D8%A7%D8%B3%D8%AA%D9%85%D8%B1%D8%AA-10-%D8%A3%D8%B4%D9%87%D8%B1-%D9%84%D8%A5%D9%86%D9%82%D8%A7%D8%B0-%D8%A3%D8%B1%D8%B4%D9%8A%D9%81-%D8%A7%D9%84%D9%84%D8%AC%D9%88%D8%A1-%D8%A7%D9%84%D9%81%D9%84%D8%B3%D8%B7%D9%8A%D9%86%D9%8A-%D9%85%D9%86%D8%B0-%D8%A7%D9%84%D9%86%D9%83%D8%A8%D8%A9,2026-09-29 15:06:16.225824,,
648,615,425,<urn:uuid:e4b9f848-1cb8-45b0-9ff8-caadcbb3a420>,https://newstalkcleveland.com/4051606/voting-rights-act-white-men-rigging-rules/,2026-09-29 15:06:16.225824,,
649,617,426,<urn:uuid:306ac6c8-3015-4146-8303-912dbdcd1ada>,https://www.grazia.fr/news-et-societe/psycho-sexo/selon-les-psys-ces-5-objets-du-quotidien-encombrent-votre-maison-et-votre-esprit-sans-meme-que-vous-vous-en-rendiez-compte-1247115.html,2026-09-29 15:06:16.225824,,
650,620,2,<urn:uuid:9830ed86-5010-49f3-b669-39df7f501c81>,https://www.t411.me/?utm_source=redirect&utm_medium=xpqfvfl&utm_campaign=https://xpqfvfl.t411.me/sitemap_51.txt,2026-09-29 15:06:23.02401,,
651,188,428,<urn:uuid:9c6984d7-6a7c-4234-9381-12fc1501c31d>,https://www.wyso.org/2026-05-16/week-in-politics-trumps-beijing-visit-look-ahead-at-the-primaries-the-war-on-iran,2026-09-29 15:06:23.02401,,
652,92,2,<urn:uuid:a1078817-ccd6-4111-af05-cc8ea9ff1358>,https://www.hindustantimes.com/lifestyle/how-well-do-anabolic-steroids-work-101778929411463-amp.html,2026-09-29 15:06:23.02401,,
653,618,2,<urn:uuid:2f95960a-76c9-4f1c-a25d-fb26d188eea5>,https://www.livemint.com/market/european-stocks-decline-most-since-late-march-as-yields-rise/amp-11778930631763.html,2026-09-29 15:06:23.02401,,
654,333,2,<urn:uuid:e3f6a0b9-f692-4fde-ac21-8fb47a22c410>,https://www.essentiallysports.com/ufc-mma-news-what-is-salahdine-parnasse-s-nationality-all-about-mma-stars-ethnicity-religion-and-family-background/,2026-09-29 15:06:23.02401,,
655,28,2,<urn:uuid:70858322-3a35-404f-a863-454a3b409c71>,https://timesofindia.indiatimes.com/city/mangaluru/take-precautionary-measures-to-prevent-monsoon-losses-min/articleshow/131139310.cms,2026-09-29 15:06:24.657012,,
656,626,430,<urn:uuid:c3922d11-ecbf-47d8-bdcf-9cd72edb5f20>,https://dotalkhalij.com/alymn-news/29999895/%D8%A3%D8%AE%D8%A8%D8%A7%D8%B1-%D8%A7%D9%84%D9%8A%D9%85%D9%86--%D8%B5%D9%86%D8%B9%D8%A7%D8%A1-%D8%AA%D8%AF%D8%B4%D9%8A%D9%86-%D8%AD%D9%85%D9%84%D8%A9-%D8%A7%D9%84%D8%AA%D9%88%D8%B9%D9%8A%D8%A9-%D8%A8%D8%B3%D8%B1%D8%B7%D8%A7%D9%86-%D8%A7%D9%84%D9%82%D9%88%D9%84%D9%88%D9%86.html,2026-09-29 15:06:24.657012,,
657,98,2,<urn:uuid:006a663e-8689-43ea-bbaf-c8ad31d228f0>,https://www.wionews.com/world/balochistan-civil-war-warning-pakistan-security-crisis-1778937157637,2026-09-29 15:06:24.657012,,
658,620,2,<urn:uuid:d681f045-93be-49c4-ab4f-44d0dacbc556>,https://www.t411.me/?utm_source=redirect&utm_medium=xpqfvfl&utm_campaign=https://xpqfvfl.t411.me/sitemap_274.xml,2026-09-29 15:06:24.657012,,
659,30,2,<urn:uuid:b9a52e3d-42ef-4974-883d-fb1730e1a5a0>,https://www.elbalad.news/6973049,2026-09-29 15:06:24.657012,,
660,30,2,<urn:uuid:55a9b444-44ed-4e54-b7bc-52bb156f1583>,https://www.elbalad.news/6973050,2026-09-29 15:06:24.657012,,
661,631,2,<urn:uuid:43b7113a-8ee5-45ab-b6e5-434a144817c5>,https://www.xibaaru.sn/dialogue-national-ansoumana-dione-repond-a-lappel-du-president-diomaye-faye/,2026-09-29 15:06:26.307024,,
662,628,431,<urn:uuid:5a81e951-2898-420b-be72-38fd3a57883d>,https://www.clubalfa.it/en/alfa-romeo-brera-black-mamba-is-a-750-hp-digital-dream-that-revives-a-legend-37618,2026-09-29 15:06:26.307024,,
663,630,2,<urn:uuid:c56153fd-76c2-48d0-8fbe-7d093ab64538>,https://www.fox32chicago.com/news/chicago-crime-suspect-stabbed-seriously-hurt-victim-loop-cpd-says,2026-09-29 15:06:26.307024,,
664,543,433,<urn:uuid:3791147b-511c-47da-8921-899545e3969d>,https://www.potomaclocal.com/2026/02/12/stafford-schools-push-back-on-kraken-power-line/,2026-09-29 15:06:26.307024,,
665,633,435,<urn:uuid:907b6aa0-78cb-465b-b25a-446a44fa766d>,https://www.kunc.org/npr-news/2026-05-16/north-america-poised-for-light-display-of-aurora-borealis,2026-09-29 15:06:28.097507,,
666,612,2,<urn:uuid:e71ddaa7-ac08-4988-9809-7087873a1cd6>,https://www.perthnow.com.au/entertainment/celebrity-gossip/tyson-fury-emotional-as-16-year-old-daughter-venezuela-gets-married-c-22294546,2026-09-29 15:06:28.097507,,
667,632,2,<urn:uuid:c5f12491-a318-4cb6-b359-5ae16fc1da1d>,https://www.khaberni.com/news/810382-%D8%AC%D9%85%D8%A7%D9%87%D9%8A%D8%B1-%D8%A7%D9%84%D8%AD%D8%B3%D9%8A%D9%86-%D9%84%D8%B3%D9%84%D8%A7%D9%85%D9%8A--%D8%A8%D8%B5-%D9%88%D8%B4%D9%88%D9%81-%D9%87%D8%B0%D8%A7-%D8%B5%D9%8A%D8%B5%D8%A7-%D8%A7%D8%A8%D9%88-%D8%AC%D9%84%D8%A8%D9%88%D8%B4---%D9%81%D9%8A%D8%AF%D9%8A%D9%88,2026-09-29 15:06:28.097507,,
668,28,2,<urn:uuid:0df95224-dcee-4bb5-954e-32f07cbc397c>,https://timesofindia.indiatimes.com/city/indore/couple-dies-by-suicide-inside-car/articleshow/131145202.cms,2026-09-29 15:06:28.097507,,
669,636,2,<urn:uuid:16ecb90e-b35a-4451-a7b9-d036f898755f>,https://www.latimes.com/sports/live/ronda-rousey-vs-gina-carano-live-updates-how-to-watch-betting-odds-and-more,2026-09-29 15:06:29.811038,,
670,121,2,<urn:uuid:45f81148-8ea0-4a5f-975c-444131b96f47>,https://www.si.com/soccer/real-madrid-presidential-elections-how-voting-process-works-who-could-replace-florentino-perez,2026-09-29 15:06:29.811038,,
671,209,438,<urn:uuid:6589c6ea-9919-436d-8ab3-04b90ef10e02>,https://www.lakeshorepublicmedia.org/npr-news/2026-05-16/louisiana-sen-bill-cassidy-loses-in-republican-primary-does-not-advance-to-runoff,2026-09-29 15:06:31.753546,,
672,51,437,<urn:uuid:94d9ce84-479c-40a5-84e5-5bce236fbdbd>,https://www.newindianexpress.com/cities/bengaluru/2026/May/17/bengaluru-court-refuses-to-discharge-four-ima-directors-in-multi-crore-ponzi-scam-case,2026-09-29 15:06:31.753546,,
673,641,2,<urn:uuid:b5d33596-97b6-4367-ba12-1284bc2f24b6>,https://imazpress.com/france-monde/la-bulgarie-remporte-la-70e-edition-de-l-eurovision-israel-deuxieme,2026-09-29 15:06:31.753546,,
674,310,2,<urn:uuid:3d5cdb71-5d74-4298-bac6-30d39266028c>,https://www.aa.com.tr/kk/jiyan/li-qers%C3%AA-bi-projeya-z%C3%AAdekirina-qazan-va-c%C3%AAcik%C3%AAn-p%C3%AAs%C3%AE-ji-h%C3%AAkan-derketin/3939817,2026-09-29 15:06:31.753546,,
675,642,440,<urn:uuid:5a479bda-6386-43ae-8e96-b6a34aa73e18>,https://cio.economictimes.indiatimes.com/news/corporate-news/from-legacy-liability-to-digital-catalyst/130866596,2026-09-29 15:06:31.753546,,
676,168,2,<urn:uuid:000e3f66-bcdf-4068-a70e-3cf71519deae>,https://realting.com/fr/azerbaijan/villas/seaview,2026-09-29 15:06:33.557521,,
677,647,2,<urn:uuid:1998e84c-9653-4e0b-8c6e-ee006adc6b77>,https://www.asiaone.com/lifestyle/how-choose-renovation-style-based-your-budget-and-lifestyle,2026-09-29 15:06:35.24147,,
678,309,442,<urn:uuid:e811f502-5014-42b5-89b4-cdf949e1277a>,https://www.dnaindia.com/cricket/photo-gallery-shreyas-iyer-to-join-elite-100-match-club-in-pbks-vs-rcb-clash-check-top-5-indians-with-most-ipl-outings-3210580,2026-09-29 15:06:35.24147,,
679,349,444,<urn:uuid:5236912e-3716-47cb-abba-e25c441c68c2>,https://www.wsls.com/business/2026/05/16/demand-for-cruises-appears-undimmed-despite-hantavirus-and-other-onboard-outbreaks/,2026-09-29 15:06:35.24147,,
680,644,2,<urn:uuid:bad43c29-210e-4f09-818f-72bc8e90dd6c>,https://caledoncitizen.com/breezewood-pools-celebrates50-years-serving-boltoncaledon-and-surrounding-areas/,2026-09-29 15:06:35.24147,,
681,517,446,<urn:uuid:92c29b86-be2a-4dee-adb9-69cae7f0b26f>,https://www.wwno.org/npr-news/2026-05-17/one-clinic-tracks-the-heavy-toll-trumps-immigration-crackdown-takes-on-mental-health,2026-09-29 15:06:37.327698,,
682,56,2,<urn:uuid:3c04c848-da10-4aec-8641-f7cd0cd1fc23>,https://www.boursorama.com/bourse/actualites/affaire-epstein-une-dizaine-de-nouvelles-victimes-se-sont-manifestees-aupres-du-parquet-de-paris-7091e0fb21778470235d072abb7434d8,2026-09-29 15:06:37.327698,,
683,74,2,<urn:uuid:c019851b-88c7-41d2-8333-4d8cc0e0f279>,https://www.newsbytesapp.com/news/science/microsoft-s-xbox-is-now-xbox/story,2026-09-29 15:06:39.478718,,
684,651,449,<urn:uuid:2df9a0b8-5b02-46ac-ae06-82e1eb8a0a9e>,https://lusakastar.com/news/domestic-borrowing-raises-inflation,2026-09-29 15:06:39.478718,,
685,176,118,<urn:uuid:940d3c8a-8e1d-4c4d-b37b-291933513530>,https://www.brusselstimes.com/belgium/2136262/brussels-pride-attracted-over-200000-people-this-year/,2026-09-29 15:06:39.478718,,
686,311,2,<urn:uuid:15216e3a-6adf-4f63-b1ba-a16e97ba16d5>,https://news.az/tag/reality_check,2026-09-29 15:06:39.478718,,
687,336,2,<urn:uuid:743616a9-51be-4c81-b6f0-a62183bdd182>,https://www.kmuw.org/2026-05-17/ukraine-conducts-large-scale-drone-strikes-on-russia-killing-4-and-wounding-12-others,2026-09-29 15:06:41.120838,,
688,270,184,<urn:uuid:58e1ba5c-9a86-46a3-95bb-1c6fb7167dc5>,https://gulf365.net/saudi-arabia-news/13211790/%D9%85%D8%AD%D8%A7%D9%81%D8%B8-%D8%A7%D9%84%D8%B7%D8%A7%D8%A6%D9%81-%D9%8A%D9%83%D8%B1%D9%85-%D8%AC%D9%85%D8%B9%D9%8A%D8%A9-%D8%A3%D8%AF%D8%A8%D9%8A-%D8%A7%D9%84%D8%B7%D8%A7%D8%A6%D9%81-%D8%B6%D9%85%D9%86-%D8%B4%D8%B1%D9%83%D8%A7%D8%A1-%D8%A7%D9%84%D9%86%D8%AC%D8%A7%D8%AD-%D9%84%D9%85%D8%A4%D8%AA%D9%85%D8%B1-%D8%AA%D9%8A%D8%AF%D9%83%D8%B3-%D8%B9%D9%83%D8%A7%D8%B8.html,2026-09-29 15:06:41.120838,,
689,390,451,<urn:uuid:1c4b76f5-81bd-4871-baaf-002921312e54>,https://www.globenewswire.com/news-release/2026/05/17/3296248/9788/en/Bronstein-Gewirtz-Grossman-LLC-Urges-Power-Solutions-International-Inc-Investors-to-Act-Class-Action-Filed-Alleging-Investor-Harm.html,2026-09-29 15:06:41.120838,,
690,307,454,<urn:uuid:0b652e91-0dc2-4db5-b373-3e0d05e0336d>,https://tribune.net.ph/2026/05/17/guilty-spouse-gets-no-relief,2026-09-29 15:06:41.120838,,
691,28,2,<urn:uuid:83471999-e466-4542-ba6a-c551a569d960>,https://timesofindia.indiatimes.com/world/uk/london-man-held-after-van-injures-pedestrian-during-protests-over-removal-of-flags-in-birmingham/articleshow/131156845.cms,2026-09-29 15:06:41.120838,,
692,656,452,<urn:uuid:1f58b026-f242-4d9b-9d48-a9f3190950ba>,https://vietnam.vnanet.vn/english/tin-tuc/ho-chi-minh-thought-guides-development-path-top-leader-446372.html,2026-09-29 15:06:41.120838,,
693,121,2,<urn:uuid:78f650d1-e19d-448f-a343-78b9b6e0a31a>,https://www.si.com/soccer/potential-arne-slot-replacements-liverpool,2026-09-29 15:06:42.99696,,
694,664,456,<urn:uuid:2d7493f9-c236-40c6-ad9e-1fc15a736d88>,https://energy.economictimes.indiatimes.com/news/renewable/kp-green-engineering-q4-net-profit-grows-to-77-crore/130954969,2026-09-29 15:06:42.99696,,
695,9,2,<urn:uuid:41316364-f2ad-41b6-8d02-df4c2dc291c2>,https://www.goal.com/fr/listes/revelation-chelsea-mise-sur-xabi-alonso-pour-conquerir-le-titre-de-premier-league-le-nouvel-entraineur-des-blues-s-inspirant-de-la-mentalite-de-gagnant-de-juergen-klopp/bltb3c9c450314284c5,2026-09-29 15:06:42.99696,,
696,663,457,<urn:uuid:9e0686f3-ce31-4291-9e39-e1cefd3d7bb2>,https://www.golfmonthly.com/news/how-many-majors-has-jon-rahm-won,2026-09-29 15:06:42.99696,,
697,662,2,<urn:uuid:ae65ef9f-b929-4e51-9b29-2109a75b0ef6>,http://luimagazine.fr/culture/james-gray-ou-leternel-retour-au-bercail-en-smoking-et-col-roule/,2026-09-29 15:06:42.99696,,
698,92,2,<urn:uuid:3ef045e5-dcb6-4d5e-8486-2fe90f75b2f2>,https://www.hindustantimes.com/india-news/pm-modi-holds-talks-with-swedish-pm-kristersson-india-sweden-strategic-partnership-rabindranath-tagore-poems-gift-101779051533439-amp.html,2026-09-29 15:06:44.765795,,
699,92,2,<urn:uuid:536a4b5c-d777-40f4-b9dd-8c57d319a19a>,https://www.hindustantimes.com/india-news/pm-modi-holds-talks-with-swedish-pm-kristersson-india-sweden-strategic-partnership-rabindranath-tagore-poems-gift-101779051533439.html,2026-09-29 15:06:44.765795,,
700,136,2,<urn:uuid:e2c0720e-8615-4947-8b71-2267c82f5df1>,https://www.telegraphindia.com/west-bengal/kolkata/illegal-stalls-at-howrah-and-sealdah-stations-demolished-in-encroachment-drive-prnt/cid/2161063,2026-09-29 15:06:46.48384,,
701,23,2,<urn:uuid:5cdf6883-a020-450a-99e3-2836310e8d04>,https://africa.espn.com/racing/story/_/id/48796460/motogp-alex-marquez-johann-zarco-go-hospital-crashes,2026-09-29 15:06:46.48384,,
702,410,2,<urn:uuid:1ee65503-bc57-44d1-b432-ea2fd7156c07>,https://www.brighteon.com/9c3bc76a-34f7-4529-9224-3eac108d7232,2026-09-29 15:06:53.482415,,
703,8,462,<urn:uuid:244cd936-93c1-4aff-b23d-20bd3eb7ec95>,https://www.westernjournal.com/us-sanctions-foreign-entities-accused-sharing-satellite-imagery-access-arms-prop-irans-war-effort/?utm_source=facebook&utm_medium=rebirthoffreedom&utm_campaign=lminetwork&utm_content=2026-05-18,2026-09-29 15:06:54.951442,,
704,669,461,<urn:uuid:bd983e55-80ad-42b0-a11e-3c093a09d754>,https://beninwebtv.com/aurore-berge-envoie-un-sms-a-amir-pour-lui-annoncer-quil-sera-prochainement-decore/,2026-09-29 15:06:54.951442,,
705,671,463,<urn:uuid:38065429-51f4-4ff4-9695-06659915c5fc>,https://uknip.co.uk/news/uk/uk-news/birmingham-man-jailed-for-daylight-sexual-assaults-in-victoria-square/,2026-09-29 15:06:56.917483,,
706,672,464,<urn:uuid:cf4f8dd4-43c4-43f7-9141-3f2ea5600b8b>,https://www.kcbx.org/2026-05-18/how-the-trump-administrations-church-state-separation-compares-to-past-presidents,2026-09-29 15:06:56.917483,,
707,324,216,<urn:uuid:f8652d12-41a8-497a-8ba8-7c0b3ae28eb5>,https://www.indiatvnews.com/business/markets/ams-dividend-2026-defence-stock-rebounds-after-company-announces-q4-results-recommends-final-dividend-check-amount-2026-05-18-1041567,2026-09-29 15:06:58.823977,,
708,676,467,<urn:uuid:9271e928-81dd-47c6-b089-8d38269a3a53>,https://www.nextplz.fr/people/551985-mariage-de-louane-et-florian-rossi-entouree-de-stars-elle-craque-face-a-une-douloureuse-absence,2026-09-29 15:06:58.823977,,
709,5,2,<urn:uuid:f351bf6e-e33e-4d23-8a95-c32cd34e1ed4>,https://www.dvidshub.net/image/9689856/nmcb-1-sailors-and-us-marines-conduct-roof-restoration-operations-tinian,2026-09-29 15:06:58.823977,,
710,119,468,<urn:uuid:4f20c476-e600-4b8a-a3fa-d961f30b1247>,https://gulfnews.com/world/asia/india/i-am-trapped-final-messages-of-former-beauty-queen-before-death-1.500544541,2026-09-29 15:06:58.823977,,
711,111,469,<urn:uuid:fedda715-ce34-4174-999b-ffbaeadb2032>,https://www.siasat.com/inheritance-of-longing-hyderabad-author-explores-complex-inner-lives-of-women-3435208/,2026-09-29 15:07:00.682229,,
712,677,470,<urn:uuid:b6f55d9f-2ec8-49ed-a76c-7a744eb7e406>,https://fr.vietnamplus.vn/le-festival-de-lao-dai-2026-celebre-la-culture-vietnamienne-a-prague-post262623.vnp,2026-09-29 15:07:00.682229,,
713,597,2,<urn:uuid:6710c174-e630-49dd-9942-03d16af76358>,https://www.wpxi.com/sports/aaron-rai-leans/OA7VZ3AHRM27DK2EA5HF3DMKQ4/,2026-09-29 15:07:02.638755,,
714,204,2,<urn:uuid:2a8a2255-d270-424e-9edf-28343edfcf3d>,https://www.einpresswire.com/article/913384749/lte-for-machines-lte-m-agriculture-gateways-market-trends-growth-analysis-regional-insights-forecast-to-2030,2026-09-29 15:07:02.638755,,
715,103,472,<urn:uuid:97ceb8b3-6ba6-4af1-a1fb-b5f9397cf4db>,https://www.newsgram.com/war-and-conflict/2026/05/18/trump-latest-threat-iran,2026-09-29 15:07:02.638755,,
716,92,2,<urn:uuid:c182d315-9866-48e7-9a62-24d964aee5cb>,https://www.hindustantimes.com/cities/mumbai-news/maharashtra-govt-approves-rs-993-cr-for-development-of-six-pilgrimage-and-heritage-sites-101779112124600.html,2026-09-29 15:07:04.409868,,
717,81,2,<urn:uuid:2174eebf-b609-4465-8538-4e6142e25e80>,https://unidivers.fr/event/bar-ephemere-avec-une-association-de-niedernai-niedernai-bas-rhin-2026-07-17/,2026-09-29 15:07:04.409868,,
718,81,2,<urn:uuid:d3f320c8-d6e3-4491-a94e-6e8914af1c80>,https://unidivers.fr/event/bar-ephemere-avec-une-association-de-niedernai-niedernai-bas-rhin-2026-07-24/,2026-09-29 15:07:04.409868,,
719,166,2,<urn:uuid:59bf7580-b5dd-4886-b5d2-3058bf2a424f>,https://www.indiainfoline.com/company/jsw-steel-ltd/options/26-05-2026-pe-1170,2026-09-29 15:07:04.409868,,
720,204,2,<urn:uuid:a6336f23-3ebf-4a32-a551-3f23422f0439>,https://www.einpresswire.com/article/913450112/alliance-healthcare-services-opens-west-tennessee-s-first-24-7-youth-crisis-center,2026-09-29 15:07:05.986782,,
721,81,2,<urn:uuid:a8ee79f4-14b7-4305-ba66-9956587c075d>,https://unidivers.fr/event/visite-de-bee-flora-saint-alban-cotes-darmor-2026-07-02/,2026-09-29 15:07:05.986782,,
722,15,2,<urn:uuid:1d494912-65f4-4b36-bcbb-bf219919bb62>,https://www.nasdaq.com/articles/adbe-or-cdns-which-better-value-stock-right-now,2026-09-29 15:07:08.071642,,
723,397,2,<urn:uuid:758333cd-fa96-45e5-9873-1f476881503c>,https://exclusivepress.net/archives/165841,2026-09-29 15:07:08.071642,,
724,688,475,<urn:uuid:6eb3b075-00f9-49ac-8b99-7d6684e1352d>,https://www.vice.com/en/via/fetty-waps-nostalgia-tour-2026-how-to-get-tickets/,2026-09-29 15:07:08.071642,,
725,687,2,<urn:uuid:2e3836c4-650a-42a6-91b2-df64d7b6f946>,https://www.deccanherald.com/india/india-norway-raise-bilateral-ties-to-green-strategic-partnership-4007723,2026-09-29 15:07:08.071642,,
726,170,2,<urn:uuid:e6cce07b-1eb0-4761-ad60-0c60fa43fc30>,https://www.cbsnews.com/baltimore/video/owner-and-operator-of-ship-in-baltimores-key-bridge-collapse-request-to-delay-civil-trial/,2026-09-29 15:07:10.06674,,
727,131,2,<urn:uuid:de24aa07-5592-4653-8dee-7c5a0c61f157>,https://www.wvia.org/podcast/artscene-with-erika-funke/2026-05-18/wyoming-valley-barbershop-harmony-chorus-will-mccain-may-18-2026,2026-09-29 15:07:10.06674,,
728,131,2,<urn:uuid:0a73ef21-9b72-405f-a7cf-4b02fc6940ad>,https://www.wvia.org/shows/aging-together-in-pennsylvania/episodes/aging-together-justice-for-all-pc5ij9,2026-09-29 15:07:10.06674,,
729,328,2,<urn:uuid:ce6afa9d-fdac-4691-a747-1e753ce8c9fc>,https://www.y100fm.com/news/when-panic-hits-new/HSBZE633LY7S3L2TDRMLF2WJPU/,2026-09-29 15:07:10.06674,,
730,193,481,<urn:uuid:6b8605bf-620b-4c2e-8eb8-9b92ccea7c70>,https://www.biometricupdate.com/202605/biometric-update-report-analyzes-how-mosip-is-reshaping-digital-identity-infrastructure,2026-09-29 15:07:11.675053,,
731,306,479,<urn:uuid:c153ad04-2d2a-416f-86ac-8478277850bc>,https://sixactualites.fr/actualites/un-jardin-secret-de-la-manche-fruit-dune-passion-de-50-ans-souvre-au-public-exceptionnellement/117575/,2026-09-29 15:07:11.675053,,
732,694,478,<urn:uuid:48589e76-4b2f-4279-ad01-40734ae08033>,https://thewhistler.ng/man-city-preparing-for-guardiola-departure/,2026-09-29 15:07:11.675053,,
733,698,2,<urn:uuid:85c3009c-7055-4058-8f09-a04f036c7d26>,https://www.uniladtech.com/news/trump-t1-phone-vs-android-smartphone-474089-20260518,2026-09-29 15:07:11.675053,,
734,695,480,<urn:uuid:c143aa45-329b-4015-8d72-613b854b03ac>,https://www.wrestlinginc.com/2175930/wwe-aaa-cain-velasquez-relationship-backstage-report/,2026-09-29 15:07:11.675053,,
735,379,483,<urn:uuid:e2716365-c3ec-48f9-bc4b-13c0a299d00d>,https://www.slashfilm.com/2175925/harry-potter-hbo-series-character-recasting-season-2-ginny-weasley/,2026-09-29 15:07:11.675053,,
736,540,2,<urn:uuid:89b70d1f-eaf2-485c-9c34-bad29232af0d>,https://comicbookmovie.com/he_man-and-the-masters-of-the-universe/masters-of-the-universe-director-says-she-ra-will-play-a-huge-part-in-potential-sequel-a227886,2026-09-29 15:07:11.675053,,
737,705,2,<urn:uuid:75589f57-d110-45d1-88c2-8a66ccafb710>,https://www.hppr.org/hppr-news/2026-05-18/federal-rural-hospital-program-offers-lifeline-in-oklahoma-but-hurdles-remain,2026-09-29 15:07:13.732004,,
738,176,118,<urn:uuid:cb952c6d-dc98-4a01-9519-d2478e55ef73>,https://www.brusselstimes.com/eu-affairs/health/2138578/ecdc-to-send-experts-to-congo-to-help-fight-ebola-outbreak/,2026-09-29 15:07:13.732004,,
739,702,488,<urn:uuid:8cfb5ffa-6377-4270-a452-4d1b3a52d600>,https://www.wptv.com/news/local-news/our-community/wellington-royal-palm-beach-westlake/freedom-truck-brings-americas-250th-anniversary-celebration-to-wellington-amphitheater,2026-09-29 15:07:13.732004,,
740,706,2,<urn:uuid:d2a05ec6-2c25-45c4-be96-8a929eceea6c>,https://blog.rust-lang.org/2026/05/18/project-goals-2026-04/,2026-09-29 15:07:13.732004,,
741,703,484,<urn:uuid:1f1bf43b-d10c-4058-8c1b-5197e42309fb>,https://www.farmanddairy.com/news/odnr-shares-safety-tips-for-national-safe-boating-week/914964.html,2026-09-29 15:07:13.732004,,
742,626,430,<urn:uuid:c4c13068-582d-4b0f-8178-ed4b3919323b>,https://dotalkhalij.com/economy/30000145/%D8%A7%D9%84%D8%AA%D8%AE%D8%B7%D9%8A%D8%B7-%D8%A7%D9%84%D8%AA%D9%88%D8%B3%D8%B9-%D9%81%D9%8A-%D8%A2%D9%84%D9%8A%D8%A7%D8%AA-%D8%A7%D9%84%D8%AA%D9%85%D9%88%D9%8A%D9%84-%D8%A7%D9%84%D9%85%D8%A8%D8%AA%D9%83%D8%B1-%D9%88%D8%B4%D8%B1%D8%A7%D9%83%D8%A7%D8%AA-%D8%A7%D9%84%D9%82%D8%B7%D8%A7%D8%B9-%D8%A7%D9%84%D8%AE%D8%A7%D8%B5.html,2026-09-29 15:07:13.732004,,
743,42,2,<urn:uuid:d5cf3d83-3f11-406f-bc7d-64b9fbac1e28>,https://www.freepressjournal.in/mumbai/maharashtra-govt-approves-da-arrears-payout-for-state-employees-under-5th-6th-7th-pay-commissions,2026-09-29 15:07:15.506967,,
744,256,2,<urn:uuid:81d2675c-f871-4d15-9e73-2a9307cf42ee>,https://www.republicworld.com/entertainment/tamil-cinema/jailer-2-mithun-chakraborty-to-play-cameo-role-in-rajinikanth-s-actioner-mimoh-chakraborty-shares-bts-photo-2026-05-19-124822,2026-09-29 15:07:15.506967,,
745,18,489,<urn:uuid:22a183ec-97b8-45c4-b5fa-46b6166aa58e>,https://www.benzinga.com/trading-ideas/long-ideas/26/05/52650522/following-buffett-greg-abel-cuts-berkshire-holdings-dating-back-to-2011-but-the-big-names-stay-put,2026-09-29 15:07:15.506967,,
746,709,2,<urn:uuid:bc8dffda-2bc6-4aeb-ac5a-2896b4bcb068>,https://www.sundaytimes.timeslive.co.za/opinion-and-analysis/opinion/2026-05-19-tom-eaton-classic-elon-whats-messy-musk-plotting-with-the-odyssey-frenzy/,2026-09-29 15:07:15.506967,,
747,710,491,<urn:uuid:0270b692-27d5-422b-83a6-90ccd5ed91bd>,https://www.globaltimes.cn/page/202605/1361308.shtml,2026-09-29 15:07:15.506967,,
748,42,2,<urn:uuid:055533fd-8d06-48c7-8adc-7ae5641f4436>,https://www.freepressjournal.in/mumbai/petrol-crosses-107-in-mumbai-after-second-fuel-price-hike-in-a-week-amid-iran-conflict-diesel-rises-to-94,2026-09-29 15:07:15.506967,,
749,256,2,<urn:uuid:fdaf8f95-bafc-49be-8fa6-9cfb474ac989>,https://www.republicworld.com/india/three-coaches-of-ujjain-express-derail-near-yog-nagari-station-in-uttarakhand-s-rishikesh-2026-05-19-124818,2026-09-29 15:07:15.506967,,
750,713,492,<urn:uuid:efad5473-8deb-49ea-88a2-c5f170ad6193>,https://www.marieclaire.com/fashion/celebrity-style/daisy-edgar-jones-balenciaga-naked-dress-cannes-film-festival-2026/,2026-09-29 15:07:17.450672,,
751,712,493,<urn:uuid:ca002f95-f2b7-4c93-af95-794522b156dd>,https://www.wbrz.com/news/police-bust-overnight-food-fight-involving-area-high-school-students,2026-09-29 15:07:17.450672,,
752,312,2,<urn:uuid:4d06ee56-23fb-4da0-bd11-8b6f6c7b65e6>,https://www.straitstimes.com/sport/football/iran-focused-on-fitness-in-turkey-after-war-enforced-furlough,2026-09-29 15:07:19.276342,,
753,717,2,<urn:uuid:31fc7709-08a1-4c85-875b-070fec3ece61>,https://www.basketusa.com/news/838126/le-mvp-de-la-nuit-wemby-deja-dans-la-legende/,2026-09-29 15:07:19.276342,,
754,714,2,<urn:uuid:43b59533-93f6-4690-bce2-ed3bc6654085>,https://www.ndtv.com/telangana-news/rs-1-crore-cash-gold-seized-in-anti-corruption-bureau-raid-at-hyderabad-water-board-managers-home-11515493,2026-09-29 15:07:19.276342,,
755,9,2,<urn:uuid:6280d4de-b0a5-41cd-bd5d-144d73199439>,https://www.goal.com/en-sg/lists/xabi-alonso-winners-losers-chelsea-managerial-appointment/blt75b05013b69c4c3a,2026-09-29 15:07:19.276342,,
756,718,495,<urn:uuid:7f87dd7b-b7b2-4701-8de3-27506f34778b>,https://www.kurdistan24.net/en/story/914909/iranian-health-ministry-releases-new-details-on-mojtaba-khamenei-injury,2026-09-29 15:07:20.94234,,
757,720,497,<urn:uuid:db679f3f-0dcb-4e4b-8cb4-34b7f04ecf18>,https://www.inquisitr.com/minnesota-shooting-case-ice-agent-felony-counts/,2026-09-29 15:07:22.577126,,
758,216,496,<urn:uuid:174fc1a6-4c40-4605-b1c9-58e5ffc4c693>,https://ca.headtopics.com/news/u-s-president-donald-trump-pushes-to-oust-republican-83518224,2026-09-29 15:07:22.577126,,
759,9,2,<urn:uuid:c5f83d62-97ea-43ac-9d2e-4bedf26814c5>,https://www.goal.com/en-za/lists/chelsea-joao-pedro-player-of-the-season-brazil-world-cup-snub/blt6e2874008c56af9e,2026-09-29 15:07:24.508201,,
760,724,2,<urn:uuid:e7d1fbf6-065e-4c8d-8181-afbda728b75f>,https://www.candgnews.com/news/sewer-renewal-projects-set-for-june-11059,2026-09-29 15:07:24.508201,,
761,1,3,<urn:uuid:83a4015d-58a2-4ad9-a3df-17737747c2d6>,https://menafn.com/1111116265/GROWNSY-Earns-Dual-2026-NAPPA-Awards-For-Portable-Bottle-Warmer-And-Sniffease-Spa-3-In-1-Nasal-Aspirator,2026-09-29 15:07:24.508201,,
762,237,2,<urn:uuid:e0e8b92d-0747-4ddb-bf91-fb2ff0f4256f>,https://www.marketbeat.com/instant-alerts/filing-profund-advisors-llc-increases-holdings-in-alnylam-pharmaceuticals-inc-alny-2026-05-19/,2026-09-29 15:07:24.508201,,
763,195,2,<urn:uuid:86381199-0906-4292-a337-3411a7ceddaa>,https://fr.allafrica.com/stories/202605190516.html,2026-09-29 15:07:26.188733,,
764,726,2,<urn:uuid:ba9fff2f-a9f2-4147-91e1-c505d9a24a75>,https://www.outlookindia.com/international/pm-modi-discusses-ways-to-boost-bilateral-ties-with-iceland-finland-denmark,2026-09-29 15:07:26.188733,,
765,725,500,<urn:uuid:d160bc9f-0e63-4a5a-9e15-b0df4a4759a3>,https://fakti.bg/en/bulgaria/1055359-ipi-spravedlivata-cena-shte-se-okaje-neposilna-i-bezpolezna-kabinetat-radev-sam-si-izrabotva-kriza,2026-09-29 15:07:26.188733,,
766,727,502,<urn:uuid:3ad9b32d-5586-42a7-af63-cdb79ff1ea47>,https://www.newswire.ca/fr/news-releases/lancement-du-fnb-desjardins-indice-obligations-corporatives-americaines-de-qualite-868667820.html,2026-09-29 15:07:26.188733,,
767,30,2,<urn:uuid:d0c74ff4-2c2d-43f0-ac83-15705ba017d2>,https://www.elbalad.news/6976734,2026-09-29 15:07:26.188733,,
768,730,2,<urn:uuid:192ed52b-da9d-4aa1-a0c4-f6b43218869e>,https://www.jpnn.com/news/bobotoh-yang-nekat-menerobos-lapangan-di-laga-pamungkas-persib-bakal-berhadapan-dengan-k9,2026-09-29 15:07:28.128003,,
769,632,2,<urn:uuid:7a512ba9-3252-4aad-a514-5061d168e522>,https://www.khaberni.com/news/811394-%D9%88%D8%B2%D9%8A%D8%B1-%D8%A7%D9%84%D8%AE%D8%A7%D8%B1%D8%AC%D9%8A%D8%A9-%D9%8A%D9%86%D9%82%D9%84-%D8%AA%D8%AD%D9%8A%D8%A7%D8%AA-%D8%A7%D9%84%D9%85%D9%84%D9%83-%D8%A7%D9%84%D9%89-%D8%A7%D9%84%D8%B1%D8%A6%D9%8A%D8%B3-%D8%A7%D9%84%D8%A8%D8%B1%D8%AA%D8%BA%D8%A7%D9%84%D9%8A,2026-09-29 15:07:28.128003,,
770,150,2,<urn:uuid:9c798042-2db0-4598-954e-e67f39f61c31>,https://watananews.com/532347/,2026-09-29 15:07:28.128003,,
771,310,2,<urn:uuid:4b0134ae-739e-45fb-adc4-6af97dda7fa5>,https://www.aa.com.tr/en/live-blog/trump-says-he-postponed-planned-attacks-on-iran-because-regional-nations-said-deal-is-close/2714,2026-09-29 15:07:30.04039,,
772,390,360,<urn:uuid:36de94b9-6a65-46cb-a22e-f3fa9495b79c>,https://www.globenewswire.com/news-release/2026/05/19/3297744/28124/en/Smart-Ports-Global-Strategic-Business-Report-2026-Market-to-Reach-7-3-Billion-by-2032-from-1-6-Billion-in-2025-Technological-Innovations-in-IoT-AI-and-Blockchain-Strengthen-Busines.html,2026-09-29 15:07:30.04039,,
773,736,2,<urn:uuid:f86e3756-b24c-4e5f-abb0-fc882ba28070>,https://www.lesinrocks.com/cinema/cannes-2026-everytime-de-sandra-wollner-un-film-solaire-sur-labsence-696061-19-05-2026/,2026-09-29 15:07:30.04039,,
774,734,2,<urn:uuid:ade14494-6c67-47e0-9bbb-0b27dc84800b>,https://www.wokv.com/news/trending/salad-days-australian-man-finds-live-frog-bag-lettuce/2X5MSOJTUNAS5CNVSNEVSVBLUY/,2026-09-29 15:07:30.04039,,
775,420,505,<urn:uuid:b6b3db8f-df1e-4e77-8ec3-ae8565558244>,https://www.prnewswire.com/news-releases/hdot-commissions-new-nevi-fast-charging-site-at-maui-kapalua-airport-with-support-from-sustainability-partners-302776269.html,2026-09-29 15:07:30.04039,,
776,597,2,<urn:uuid:a93d2611-98ba-4cbd-b286-a85088c0dcc8>,https://www.wpxi.com/news/more-than-17000/B3TOBYUQ7M5ETFWVGWJAPS2Q4U/,2026-09-29 15:07:31.884637,,
777,92,2,<urn:uuid:53e0dd92-fd69-464f-88d6-fb3647de49db>,https://www.hindustantimes.com/world-news/islampura-to-krishan-nagar-jinnah-road-to-queens-road-why-pakistan-is-restoring-pre-partition-lahore-area-names-101779205643273.html,2026-09-29 15:07:31.884637,,
778,28,2,<urn:uuid:13dcc537-ef69-4dac-be0d-fe0f20832056>,https://timesofindia.indiatimes.com/city/patna/nda-netas-counter-tejashwis-charges-against-bihar-police/articleshow/131209246.cms,2026-09-29 15:07:33.746669,,
779,740,2,<urn:uuid:9e614495-3bb4-4a6e-ac50-91c23387112e>,https://alahednews.news/article.php?id=98628,2026-09-29 15:07:33.746669,,
780,492,2,<urn:uuid:d1c6a27a-282d-407f-a2fa-4932ea89d7d5>,https://globalnews.ca/news/11855784/maritimes-drought-conditions/,2026-09-29 15:07:35.921324,,
781,187,510,<urn:uuid:a024438f-9b57-4013-9d90-438c9b7af16c>,https://www.wemu.org/2026-05-19/world-cup-bike-lane-sparks-fury-from-mexico-city-sex-workers,2026-09-29 15:07:35.921324,,
782,743,2,<urn:uuid:5697c659-f138-44aa-9cf4-6738f6ee88e0>,https://www.kgou.org/community-calendar/event/boley-rodeo-14-05-2026-14-00-48,2026-09-29 15:07:35.921324,,
783,742,2,<urn:uuid:662ac2d6-a65d-4db2-91df-277188c04b2a>,https://www.katc.com/lafayette-parish/francois-poupart-acadianas-french-baker-has-died,2026-09-29 15:07:35.921324,,
784,397,2,<urn:uuid:e556c32d-2fce-4571-a17d-35a0eaef4c7e>,https://exclusivepress.net/archives/166977,2026-09-29 15:07:37.62582,,
785,750,2,<urn:uuid:3ceb5615-a67a-41d1-9450-aea5bb5f265f>,https://www.whqr.org/community-calendar/event/the-varsity-line-06-05-2026-14-22-51,2026-09-29 15:07:37.62582,,
786,702,2,<urn:uuid:45cf0495-2857-4965-9dc2-b87e43b0a8ca>,https://www.wptv.com/videos/news/local-news/our-community/fort-pierce/gunman-sentenced-to-life-in-2023-shooting-at-mlk-day-event,2026-09-29 15:07:37.62582,,
787,749,2,<urn:uuid:a17a43bc-e129-4300-ae95-95f090a9eaab>,https://www.wshu.org/community-calendar/event/art-social-watercolor-seashell-feather-more-07-05-2026-15-19-40,2026-09-29 15:07:37.62582,,
788,203,2,<urn:uuid:7258e575-8718-4ef8-80b7-2a199f83c9b0>,https://actualitte.com/livres/891942/extraits/kutani-franck-manguin-9791040804345,2026-09-29 15:07:37.62582,,
789,751,513,<urn:uuid:06d10821-0fef-4222-b839-532098b8ef1d>,https://journalauto.com/industrie/zf-va-garder-ses-moteurs-electriques-au-prix-de-licenciements/,2026-09-29 15:07:39.496736,,
790,170,2,<urn:uuid:23616856-eb03-45a4-aecb-8986e017f97e>,https://www.cbsnews.com/losangeles/video/los-angeles-law-enforcement-agencies-increase-patrols-after-san-diego-islamic-center-shooting/,2026-09-29 15:07:39.496736,,
791,753,2,<urn:uuid:e80000bd-4e0b-4395-b088-39879d00f274>,https://www.awe24.com/281060?utm_source=rss&utm_medium=rss&utm_campaign=video-chauffeur-di-auto-di-compania-a-bira-malo-tras-di-stuur-perde-control-baha-caminda-drenta-un-negoshi-cuminda,2026-09-29 15:07:39.496736,,
792,58,43,<urn:uuid:99b6c1bf-11cc-4ca4-9a55-032331d01b7a>,https://www.zeffy.com/fr-CA/ticketing/party-hotdog--2026,2026-09-29 15:07:41.990939,,
793,714,2,<urn:uuid:8da32715-e9c5-4f5d-8844-79ff308eaa7f>,https://www.ndtv.com/health/us-pledges-major-ebola-aid-surge-slams-who-over-delayed-alert-in-africa-outbreak-11520415,2026-09-29 15:07:41.990939,,
794,756,394,<urn:uuid:51a20c5b-29f5-46c2-9677-47902015bf80>,https://kvia.com/politics/cnn-us-politics/2026/05/19/trump-ousts-massie-and-other-takeaways-from-tuesdays-primary-elections/,2026-09-29 15:07:41.990939,,
795,712,515,<urn:uuid:c458ff02-da2d-41c6-a9e2-36788706ff1b>,https://www.wbrz.com/gallery-videos/port-allen-gxo-logistics-hiring-fair-draws-crowd-for-more-than-30-open-positions,2026-09-29 15:07:41.990939,,
796,760,2,<urn:uuid:c72e031d-365a-4d2d-8931-8670769c725f>,https://www.fanduel.com/research/nba/player-news/game-recaps/josh-hart-scores-13-points-in-win-over-cavaliers-may-20-2026,2026-09-29 15:07:45.683353,,
797,96,67,<urn:uuid:83e4f778-8e5d-466c-8e1e-c0ca9c2c00fe>,https://www.business-standard.com/amp/technology/tech-news/microsoft-s-biggest-india-data-centre-on-track-to-go-live-in-mid-2026-126052000578_1.html,2026-09-29 15:07:45.683353,,
798,760,2,<urn:uuid:90fe8af2-bae3-4085-b6ea-c9b91e5995a2>,https://www.fanduel.com/research/nba/player-news/game-recaps/karl-anthony-towns-scores-13-points-in-win-over-cavaliers-may-20-2026,2026-09-29 15:07:45.683353,,
799,400,520,<urn:uuid:96028f60-5b4b-4df1-8251-2da4fae497e1>,https://www.newsx.com/tech-and-auto/apple-iphone-18-pro-leaks-show-four-stunning-colors-and-internet-has-already-picked-its-favourite-which-one-do-you-like-222401/,2026-09-29 15:07:45.683353,,
800,237,2,<urn:uuid:492cd450-5ec1-4317-b2e1-08312749b8b7>,https://www.marketbeat.com/instant-alerts/filing-visa-inc-v-holdings-lessened-by-banque-cantonale-vaudoise-2026-05-20/,2026-09-29 15:07:47.506523,,
801,80,2,<urn:uuid:cef423c5-4622-42f1-a2cf-6901bbb5292f>,https://www.aljazeera.com/gallery/2026/5/20/kenya-transport-strike-paused-after-deadly-protests,2026-09-29 15:07:47.506523,,
802,761,2,<urn:uuid:5f7e2ce7-82ad-4d99-b173-f08dc4e042e9>,https://www.stomp.sg/entertainment/taiwanese-singer-landy-wen-icu-due-septic-shock,2026-09-29 15:07:47.506523,,
803,397,2,<urn:uuid:21b81b5f-98de-4cfa-842b-619e3c9375f7>,https://exclusivepress.net/archives/167457,2026-09-29 15:07:47.506523,,
804,74,2,<urn:uuid:c657a65c-bfeb-459f-93ea-59c3c84b0e0b>,https://www.newsbytesapp.com/news/science/acer-launches-aspire-5-ai-laptop-in-india-at-rs79999/tldr,2026-09-29 15:07:47.506523,,
805,58,43,<urn:uuid:8125e98b-e5be-4ac9-a09b-26926120cc6c>,https://www.zeffy.com/en-US/organizations/911-fm-kdez-the-voice-of-the-salton-sea,2026-09-29 15:07:47.506523,,
806,170,2,<urn:uuid:dbfa2d7d-069c-4cbf-96b6-8836a3aee037>,https://www.cbsnews.com/philadelphia/video/pennsylvania-missionary-doctor-treated-for-ebola-arrives-in-germany-for-treatment/,2026-09-29 15:07:49.621717,,
807,463,2,<urn:uuid:a9cf627b-0680-4fa5-8bde-9ffaa9934415>,https://entrevue.fr/monde/frappe-en-iran-lenquete-americaine-sur-la-mort-de-dizaines-de-filles-touche-a-sa-fin/,2026-09-29 15:07:49.621717,,
808,726,2,<urn:uuid:27f99123-13da-4055-a1dd-88ab9b88676b>,https://www.outlookindia.com/national/day-in-pics-may-20-2026,2026-09-29 15:07:51.393494,,
809,772,2,<urn:uuid:22733f55-7c7c-4e1e-86de-6b2e4d723e15>,https://www.computerweekly.com/news/366643438/Vodafone-hails-Nokia-AWS-based-IoT-services-trial,2026-09-29 15:07:51.393494,,
810,770,2,<urn:uuid:e49d2016-9c99-4539-9495-f7ef109bbad4>,https://www.health.harvard.edu/authors/james-a-brink-md,2026-09-29 15:07:51.393494,,
811,273,186,<urn:uuid:120fdba0-8c03-485b-91cf-f90977877613>,https://www.albayan.ae/economy/business/world-economy/1302576,2026-09-29 15:07:51.393494,,
812,776,2,<urn:uuid:8a1d7654-9433-4166-977e-806407929e93>,https://www.gadgets360.com/ai/news/google-io-2026-project-genie-street-view-experience-explore-locations-creative-twist-details-11522934,2026-09-29 15:07:53.35012,,
813,775,527,<urn:uuid:a67cf6f0-8f78-4128-854b-e41f62a53780>,https://www.zonebourse.com/actualite-bourse/aston-martin-lagonda-en-marche-arriere-apres-une-note-de-jefferies-ce7f5ad9db8df326,2026-09-29 15:07:53.35012,,
814,376,2,<urn:uuid:3b4c3aff-754c-4a0b-808e-2d551ade0684>,https://www.actionnewsjax.com/news/business/six-tax-tips-you/RUXEHSO754ZOTBRXXVPBRHWXFM/,2026-09-29 15:07:53.35012,,
815,774,528,<urn:uuid:6f1d3126-9010-4242-915b-07beb9b317f0>,https://www.thecooldown.com/green-business/texas-wind-projects-permitting-process-stalled/,2026-09-29 15:07:53.35012,,
816,68,530,<urn:uuid:3c7a6e35-30bb-44a0-ad92-8ef0f682e616>,https://www.premiumtimesng.com/news/top-news/880642-2027-senate-leader-secures-apc-return-ticket-unopposed.html,2026-09-29 15:07:55.296133,,
817,237,2,<urn:uuid:27790130-70f5-40b5-bca7-cae7aa992765>,https://www.marketbeat.com/instant-alerts/perion-network-q1-earnings-call-highlights-2026-05-20/,2026-09-29 15:07:55.296133,,
818,141,2,<urn:uuid:fdb9c3fa-9ed3-4e4c-958d-7b63ff855e2d>,https://www.nhpr.org/community-calendar/event/porches-20-05-2026-09-21-28,2026-09-29 15:07:55.296133,,
819,241,2,<urn:uuid:41d12050-d2e7-4a38-aed5-842f57ce81ff>,https://www.shorouknews.com/news/view.aspx?cdate=20052026&id=accb9634-76a5-409e-9874-f0419ba1912c,2026-09-29 15:07:55.296133,,
820,9,2,<urn:uuid:526b868e-8dc5-4286-8e62-6d44fe795dc6>,https://www.goal.com/en-za/news/brazil-vs-haiti-world-cup-tickets-how-to-buy/bltc4965c9899069652,2026-09-29 15:07:57.055079,,
821,782,531,<urn:uuid:aec6e27c-1a61-4de7-8777-72187dda2b28>,https://theequity.ca/policing-the-social-network/,2026-09-29 15:07:57.055079,,
822,781,533,<urn:uuid:3d9eb271-3931-46dd-9b7c-7daf4cc23c14>,https://www.romaniapress.com/news=193450,2026-09-29 15:07:57.055079,,
823,9,2,<urn:uuid:ec3c8246-8729-41b2-8a88-96c0258a06a8>,https://www.goal.com/fr/listes/tombeur-de-l-equipe-nationale-allemande-julian-nagelsmann-s-apprete-a-marquer-les-esprits-en-devoilant-sa-liste-pour-la-coupe-du-monde/blt349d53ee205fb733,2026-09-29 15:07:58.880245,,
824,784,535,<urn:uuid:4606173c-de46-49b2-9a25-84a1a12e5d5a>,https://www.loudersound.com/news/iron-maiden-bruce-dickinson-premieres-tears-of-the-dragon-re-recording-video-2026,2026-09-29 15:07:58.880245,,
825,787,536,<urn:uuid:158bb600-b742-42f1-9cdf-32326c14bcad>,https://radiogeneration.co.ke/health-and-wellness/90735/ebola-response-delayed-as-who-says-vaccine-rollout-will-take-up-to-nine-months,2026-09-29 15:08:00.926345,,
826,788,2,<urn:uuid:a71dc465-b14b-40a9-b3cf-d3420a50d9cb>,https://kmr.abna24.com/news/1814397/Serok%C3%AA-R%C3%AAxistina-%C3%87and-%C3%BB-T%C3%AAkiliy%C3%AAn-%C3%8Eslam%C3%AE-Komara-%C3%8Eslam%C3%AE-ya-%C3%8Eran%C3%AA,2026-09-29 15:08:00.926345,,
827,789,2,<urn:uuid:4469a8df-6ce4-4391-b090-afaea1984a0f>,https://www.animenewsnetwork.com/news/2026-05-20/embracer-group-to-spin-off-fellowship-entertainment-with-dark-horse-media/.237552,2026-09-29 15:08:00.926345,,
828,790,538,<urn:uuid:af3128b3-2967-4ef1-98c4-654bdb424547>,http://fromthetrenchesworldreport.com/22-killed-in-israeli-strikes-on-lebanon-in-the-last-24-hours/342554,2026-09-29 15:08:00.926345,,
829,786,539,<urn:uuid:454c2c4b-e4ba-4475-9cfb-762f08356c3c>,https://www.bairdmaritime.com/shipping/feature-checkpoints-and-cash-iran-rewrites-the-rules-for-passing-through-hormuz,2026-09-29 15:08:00.926345,,
830,795,542,<urn:uuid:345aff49-00c7-4425-b720-27a189d35d5d>,https://jang.com.pk/en/66129-godfather-star-andy-garcia-reveals-daughters-key-role-in-bringing-diamond-to-life-news,2026-09-29 15:08:02.678016,,
831,242,543,<urn:uuid:8f54fd99-52f3-41c6-9498-2fd4a5f27104>,https://www.okaz.com.sa/politics/na/2249570,2026-09-29 15:08:02.678016,,
832,794,2,<urn:uuid:785c25a4-8cbf-4b96-951d-57edfab5b927>,https://www.foxsports.com/stories/nascar/2026-nascar-odds-coke-600,2026-09-29 15:08:02.678016,,
833,47,540,<urn:uuid:16c07f32-f523-4e12-9533-24833899f6d7>,https://www.ctpublic.org/2026-05-20/the-doj-is-trying-to-let-trump-and-his-companies-off-the-hook-for-past-tax-problems,2026-09-29 15:08:02.678016,,
834,794,2,<urn:uuid:3bb9ccb2-39e0-4092-ad8a-3104f366b190>,https://www.foxsports.com/stories/nfl/2026-nfl-odds-how-many-games-each-team-favored-in,2026-09-29 15:08:02.678016,,
835,15,2,<urn:uuid:79775575-a156-4d22-ad65-c1a3e3a44fe5>,https://www.nasdaq.com/articles/bok-financial-rises-nearly-16-6-months-there-more-room-run,2026-09-29 15:08:02.678016,,
836,794,2,<urn:uuid:8e059d8d-bb10-4437-a46e-7fef2a8eb508>,https://www.foxsports.com/stories/nfl/ceedee-lamb-john-harbaugh-cowboys-giants,2026-09-29 15:08:02.678016,,
837,798,2,<urn:uuid:6960a7d2-acfd-456f-a959-7cba3829ff41>,https://rss.app/it/rss-feed/truthsocial-rss-feed,2026-09-29 15:08:04.641548,,
838,121,2,<urn:uuid:6425d0f9-6a0d-4fff-b79f-27022957246f>,https://www.si.com/mlb/dodgers/onsi/dodgers-shohei-ohtani-will-win-cy-young-under-one-condition-says-analyst,2026-09-29 15:08:04.641548,,
839,797,2,<urn:uuid:93921e43-289b-4d3c-a522-9e16548c90b8>,https://www.afl.com.au/news/1523324/dale-thomas-made-a-quip-about-scott-pendlebury-when-they-were-18-it-still-rings-true-today,2026-09-29 15:08:04.641548,,
840,798,2,<urn:uuid:1092fa31-e0fa-4830-85ca-2b3920dcc5d1>,https://rss.app/ja/rss-feed/truthsocial-rss-feed,2026-09-29 15:08:04.641548,,
841,205,2,<urn:uuid:ba5edc55-dc5b-43cc-bcae-1839b18d7917>,https://www.wired-gov.net/wg/news.nsf/articles/huge+recruitment+boost+to+tackle+backlog+in+vital+disability+work+scheme+20052026101010?open,2026-09-29 15:08:06.340294,,
842,30,2,<urn:uuid:74b8aa4d-3ab2-4570-9e03-b4090eeaac40>,https://www.elbalad.news/6978626,2026-09-29 15:08:06.340294,,
843,799,545,<urn:uuid:a01e225b-2253-4110-9724-84153cf5291e>,https://www.slashgear.com/2177304/drivers-are-not-wearing-seatbelts-in-utah-how-state-is-cracking-down/,2026-09-29 15:08:06.340294,,
844,802,2,<urn:uuid:ead7f128-94b9-4370-8ea1-6ae266cd739a>,https://sana.sy/locals/2481283/,2026-09-29 15:08:06.340294,,
845,647,2,<urn:uuid:35996782-901e-4957-807a-61c0c36a8e05>,https://www.asiaone.com/world/un-votes-support-strong-action-climate-change-despite-us-efforts-thwart-effort,2026-09-29 15:08:08.365884,,
846,803,2,<urn:uuid:a888f0b5-a432-4c39-b769-83aa6e959b73>,https://www.ibtimes.co.uk/vanessa-trump-breast-cancer-tiger-woods-return-1798039,2026-09-29 15:08:08.365884,,
847,84,2,<urn:uuid:8cd24c1e-6d97-4d18-bdfa-962cb6bb7674>,https://www.aljazeera.net/news/2026/5/21/%D8%BA%D8%B6%D8%A8-%D8%AF%D9%88%D9%84%D9%8A-%D9%88%D8%A7%D8%B3%D8%AA%D8%AF%D8%B9%D8%A7%D8%A1-%D9%84%D8%B3%D9%81%D8%B1%D8%A7%D8%A1-%D8%A5%D8%B3%D8%B1%D8%A7%D8%A6%D9%8A%D9%84,2026-09-29 15:08:08.365884,,
848,1,3,<urn:uuid:a534d16b-7c42-4a7d-9758-a0c0aeae74a8>,https://menafn.com/1111130756/Russian-Drone-Attack-In-Odesa-Leaves-Damaged-Residential-Buildings-Kindergarten-And-Lyceum,2026-09-29 15:08:11.836738,,
849,1,3,<urn:uuid:22a0c38f-afc9-434a-a9fc-ceb4feeac22a>,https://menafn.com/1111135545/Israeli-Strikes-Hit-Multiple-Areas-in-Southern-Lebanon,2026-09-29 15:08:14.050106,,
850,260,2,<urn:uuid:9e71cbc5-6037-406e-af26-09eb12e6b96e>,https://tass.com/defense/2134329,2026-09-29 15:08:14.050106,,
851,811,551,<urn:uuid:493505c4-5709-4f34-b1b8-f43a10057b72>,https://au.headtopics.com/news/donald-trump-s-war-with-iran-the-economic-consequences-of-83593629,2026-09-29 15:08:14.050106,,
852,56,2,<urn:uuid:5e1addcf-2d9b-4ea8-a672-e29fe964475c>,https://www.boursorama.com/bourse/actualites/ubs-abaisse-sa-cible-de-cours-sur-sonova-67b0e90db2df0bf3b74e017f3bcb0bbe,2026-09-29 15:08:14.050106,,
853,808,2,<urn:uuid:badc14b7-8db7-4fea-9ae7-9a6add059fae>,https://www.wvtf.org/2026-05-21/miami-shelter-for-immigrant-children-closing-doors-after-federal-funding-cut,2026-09-29 15:08:14.050106,,
854,813,554,<urn:uuid:aef56c2e-9568-41da-8ee5-576d2add59c9>,https://www.cricket365.com/latest-news/comprehensive-guide-to-aviator-game-and-cricket-betting,2026-09-29 15:08:15.80854,,
855,812,2,<urn:uuid:be1d95be-3553-4132-b064-aa4221405467>,https://tntribune.com/meharry-medical-college-graduates-largest-class-in-schools-history/,2026-09-29 15:08:15.80854,,
856,390,553,<urn:uuid:b3877dbc-56f0-46ae-89ad-366dd169cc59>,https://www.globenewswire.com/news-release/2026/05/21/3299190/0/en/22nd-Century-Group-Nasdaq-XXII-Launches-Pinnacle-VLN-Trial-in-California-Opening-Another-Major-New-State-for-Reduced-Nicotine-Cigarettes.html,2026-09-29 15:08:15.80854,,
857,237,2,<urn:uuid:4233e4be-56a0-4e72-aee5-b5c05c6f3ff9>,https://www.marketbeat.com/instant-alerts/filing-leonteq-securities-ag-buys-new-shares-in-emerson-electric-co-emr-2026-05-21/,2026-09-29 15:08:15.80854,,
858,815,2,<urn:uuid:c43d412d-6b91-4cdb-b8ae-a79faa06596d>,http://www.adaderana.lk/news.php?nid=122798,2026-09-29 15:08:15.80854,,
859,817,555,<urn:uuid:3c5611ad-8b6e-4458-b098-9f6e7b56fc6e>,https://briefly.co.za/people/family-relationships/242369-deep-allegations-elon-musks-fresh-claims-2024-elections-personal-behavior/,2026-09-29 15:08:17.596461,,
860,742,556,<urn:uuid:0f4e3830-053c-4f8e-9f18-3e7f42acb916>,https://www.katc.com/weather/early-season-heatwave-bakes-eastern-us-sends-students-home-in-philadelphia,2026-09-29 15:08:17.596461,,
861,13,2,<urn:uuid:c1cbb65c-8ee2-4261-86bd-dd0ac532af2d>,https://www.finanznachrichten.de/nachrichten-2026-05/68560759-srh-total-return-fund-inc-declares-quarterly-distribution-200.htm,2026-09-29 15:08:17.596461,,
862,237,2,<urn:uuid:1761f151-62ae-40af-a26e-97bf1b3e881e>,https://www.marketbeat.com/instant-alerts/filing-fortis-group-advisors-llc-decreases-stake-in-palantir-technologies-inc-pltr-2026-05-21/,2026-09-29 15:08:17.596461,,
863,9,2,<urn:uuid:1b260b5d-802d-4fd2-8131-24a92ebd8512>,https://www.goal.com/en-ca/lists/luis-enrique-retirement-date-psg-long-term-contract-extension/blt84942d0f91d7dd75,2026-09-29 15:08:17.596461,,
864,822,559,<urn:uuid:3b033121-d0c3-42da-8cd0-3987908c24af>,https://www.debrecensun.hu/uni/2026/05/21/the-university-of-debrecen-installs-massage-chairs-to-support-the-well-being-of-students-and-staff/,2026-09-29 15:08:19.045888,,
865,96,67,<urn:uuid:34f56a47-8334-40db-b53d-d31847e479dd>,https://www.business-standard.com/amp/companies/news/maruti-suzuki-to-hike-prices-across-models-by-up-to-30-000-from-june-126052101479_1.html,2026-09-29 15:08:19.045888,,
866,12,2,<urn:uuid:1f92c868-b1b0-4809-bc20-2ef819ebcb6b>,https://www.rotowire.com/basketball/headlines/dylan-harper-injury-exits-early-with-leg-injury-530740,2026-09-29 15:08:20.842784,,
867,824,2,<urn:uuid:b62a3925-eb27-471f-9b4b-f3bc6df48865>,https://en.abna24.com/news/1811696/Hamas-leaders-say-targeting-families-will-fail-to-extract-concessions,2026-09-29 15:08:20.842784,,
868,827,2,<urn:uuid:1d7b648c-5321-4c4e-8699-6a7e20ce96c9>,https://www.actugaming.net/tomb-raider-i-iii-remastered-est-disponible-gratuitement-sur-pc-pour-une-duree-limitee-801046/,2026-09-29 15:08:22.586038,,
869,424,2,<urn:uuid:8fedb719-08f4-4462-9adf-1e1d0a760c1d>,https://www.gamereactor.eu/video/808893/F1+25s+2026+Season+Pack+has+been+revealed/,2026-09-29 15:08:22.586038,,
870,828,2,<urn:uuid:8a2d14ca-bb7c-4e67-8a4c-10bb7c35e75c>,https://www.wsoctv.com/news/trending/judge-dismisses-charges-against-former-assistant-principal-virginia-school-shooting/SCLKMAFYHBGRJE5EFPZE3VOZ2Y/,2026-09-29 15:08:22.586038,,
871,2,2,<urn:uuid:fad2d050-c138-45ad-9b87-a40d0379ac02>,https://www.bizcommunity.com/article/up-breaks-ground-on-major-solar-pv-project-at-persequor-park-956604a,2026-09-29 15:08:24.612023,,
872,583,562,<urn:uuid:e230b315-e8d2-4810-98a8-26ababba3c31>,https://www.denver7.com/traffic/traffic-news/i-70-shut-down-in-both-directions-at-the-eisenhower-tunnel-due-to-vehicle-fire,2026-09-29 15:08:24.612023,,
873,252,2,<urn:uuid:562f2feb-c19b-4d71-9856-2c48c29f3d7b>,https://www.tolerance.ca/ArticleExt.aspx?ID=603830&L=fr,2026-09-29 15:08:24.612023,,
874,28,2,<urn:uuid:e15245fa-25d2-4aa2-b1bc-9d8cdc36c96e>,https://timesofindia.indiatimes.com/world/middle-east/iran-war-wrap-up-how-the-conflict-escalated-spread-and-where-it-stands/articleshow/131249922.cms,2026-09-29 15:08:24.612023,,
875,751,565,<urn:uuid:f142211d-c9bc-476f-b65e-fd6564e3c7c6>,https://journalauto.com/constructeurs/skoda-epiq-le-petit-suv-electrique-qui-voit-grand/,2026-09-29 15:08:26.434127,,
876,4,2,<urn:uuid:2b6192a8-7d8a-4252-b97f-d771c65197c4>,https://www.law360.com/articles/2480201/ex-maisonette-cfo-sues-for-legal-fee-advancement,2026-09-29 15:08:26.434127,,
877,155,2,<urn:uuid:72aabe60-9a8c-4ebf-ab5e-7501276816f5>,https://www.wsbtv.com/news/business/look-spacex-ipo-by/HPIV34PJBIY2LHADPQHDB234ZY/,2026-09-29 15:08:26.434127,,
878,28,2,<urn:uuid:5b277e7b-b2d1-44bf-8607-e74e4fb97302>,https://timesofindia.indiatimes.com/city/ahmedabad/cbse-portal-glitch-hits-ahmedabad-students-seeking-class-12-answer-sheets/articleshow/131250959.cms,2026-09-29 15:08:26.434127,,
879,834,2,<urn:uuid:89f0c14a-3be7-4d76-8909-e2642e234437>,https://www.btpm.org/2026-05-21/unionized-rei-workers-call-for-boycott-of-the-company,2026-09-29 15:08:26.434127,,
880,390,567,<urn:uuid:08e55ce1-6f5d-482b-ab56-2ad8d1825e8b>,https://www.globenewswire.com/news-release/2026/05/21/3299748/0/en/Latest-Global-Private-5G-Network-Market-to-Reach-USD-312-2-Billion-by-2035-Expanding-at-a-52-8-CAGR-Says-Custom-Market-Insights-Analysis-Outlook-Leaders-Report-Trends-Forecast-Segm.html,2026-09-29 15:08:27.808261,,
881,612,2,<urn:uuid:959f0e67-95c4-4c0a-9ee6-9749f5c2fb4d>,https://www.perthnow.com.au/sport/afl/crows-crave-consistency-hope-for-good-scan-news-c-22320611,2026-09-29 15:08:27.808261,,
882,9,2,<urn:uuid:2ca4bbac-4385-4fd8-9cb4-53080679f3bd>,https://www.goal.com/en-sg/lists/loris-karius-expected-to-snub-serie-a-return-sign-new-contract-schalke-ex-liverpool-goalkeeper-integral-role-bundesliga-promotion/blte680da3ba046df0f,2026-09-29 15:08:27.808261,,
883,399,2,<urn:uuid:86caf829-d856-4a66-98c7-c2b97b5bcf59>,https://wtop.com/national/2026/05/un-council-urged-to-use-every-means-at-its-disposal-to-press-hamas-to-disarm/,2026-09-29 15:08:27.808261,,
884,841,2,<urn:uuid:f7a8bd98-f421-4978-8a56-52d1c0721a60>,https://www.nike.com/at/en/w/womens-futsal-accessories-equipment-5e1x6z5ss3hzawwpw,2026-09-29 15:08:27.808261,,
885,1,3,<urn:uuid:e4d3b8c2-a8c6-4ddc-8c6c-386bc8553d3f>,https://menafn.com/1111141002/David-Sola-Launches-Campaign-To-Run-For-Temecula-Valley-School-Board-In-Area-4,2026-09-29 15:08:27.808261,,
886,187,570,<urn:uuid:e303d56e-1395-4340-889c-650a9790bcdf>,https://www.wemu.org/npr-national-news/2026-05-21/american-passenger-feels-betrayed-by-federal-order-to-stay-in-hantavirus-quarantine,2026-09-29 15:08:29.955779,,
887,204,2,<urn:uuid:da6f2adb-9518-42f7-ba64-04d0294ed724>,https://www.einpresswire.com/article/914167558/governor-directs-flags-flown-at-half-staff-on-monday-until-noon-in-observance-of-memorial-day,2026-09-29 15:08:29.955779,,
888,687,2,<urn:uuid:b61159ce-0e7f-4a91-8e0a-df9ec80e4849>,https://www.deccanherald.com/india/karnataka/state-mulls-moving-apex-court-over-sir-4011889,2026-09-29 15:08:29.955779,,
889,844,2,<urn:uuid:cc1b3703-42b4-4e91-a714-e1a6ed2e5bd4>,https://missoulacurrent.com/voluntary-energy-standard/,2026-09-29 15:08:29.955779,,
890,312,2,<urn:uuid:7995b102-7ed3-446a-bcd1-e7f4306f2390>,https://www.straitstimes.com/world/europe/rubio-to-tell-nato-ministers-trump-very-disappointed-over-iran-war-stance,2026-09-29 15:08:29.955779,,
891,849,2,<urn:uuid:4462afa0-03cb-415b-b17a-357f7f312138>,https://focustaiwan.tw/society/202605220003,2026-09-29 15:08:31.743945,,
892,850,2,<urn:uuid:3e9db183-5c92-4af9-9b6c-db493c7cd6ba>,https://www.kmxt.org/2026-05-21/senate-republicans-rebel-against-trumps-1-8-trillion-fund,2026-09-29 15:08:31.743945,,
893,641,2,<urn:uuid:6caef931-4988-4c5e-a0b4-0a49a3da7f7b>,https://imazpress.com/france-monde/esclavage-macron-soutient-l-abrogation-du-code-noir-et-evoque-la-question-sensible-des-reparations,2026-09-29 15:08:33.616454,,
894,40,27,<urn:uuid:583ad4a9-2f1d-421b-93cd-f7e075aa9dc5>,https://www.sentinelassam.com/north-east-india-news/assam-news/assam-udharbond-muslims-decide-to-avoid-cow-slaughter-in-qurbani-eid,2026-09-29 15:08:33.616454,,
895,121,2,<urn:uuid:c709153f-5b87-45fd-aac0-bf87c288a325>,https://www.si.com/college/cbb-hq/schedule/kentucky-gonzaga-cancel-remaining-two-games-on-six-year-series,2026-09-29 15:08:33.616454,,
896,854,575,<urn:uuid:f9074c7b-3b43-41a6-82d6-b63cc907cf0a>,https://shenja.tv/parashikimi-i-motit-per-sot-ne-maqedonine-e-veriut-5/?utm_source=rss&utm_medium=rss&utm_campaign=parashikimi-i-motit-per-sot-ne-maqedonine-e-veriut-5,2026-09-29 15:08:35.387421,,
897,56,2,<urn:uuid:db2d8d3e-e823-4000-84bc-54d8d2c334cd>,https://www.boursorama.com/actualite-economique/actualites/periscolaire-trois-personnes-presentees-a-un-juge-une-vingtaine-d-enfants-victimes-3de86c54d343624a1a44af0760f3323d,2026-09-29 15:08:35.387421,,
898,856,2,<urn:uuid:c6a36798-3a9a-4481-befe-b6a69fd5ce46>,https://www.neworleanssaints.com/news/new-orleans-saints-morning-break-for-sunday-august-31-2014-13606734,2026-09-29 15:08:35.387421,,
899,859,576,<urn:uuid:93e47c85-6432-4824-8841-328874bdd47e>,https://www.wkar.org/2026-05-22/jack-antonoff-says-this-version-of-modernity-is-trash-in-new-bleachers-album,2026-09-29 15:08:37.414094,,
900,858,577,<urn:uuid:a396fa26-0da3-46e0-b6ab-4e82abd0205a>,https://www.kvpr.org/2026-05-22/spacex-to-launch-starship-rocket-friday-after-delay,2026-09-29 15:08:37.414094,,
901,131,2,<urn:uuid:2003d940-9eb2-4c26-af0e-e2a397283754>,https://www.wvia.org/news/npr-national/2026-05-22/can-texas-power-grid-handle-the-demands-of-data-centers,2026-09-29 15:08:37.414094,,
902,81,2,<urn:uuid:4f883d85-56db-447d-8c15-5e25cd1a9c41>,https://unidivers.fr/event/visite-guidee-daudierne-audierne-finistere-2026-07-21/,2026-09-29 15:08:37.414094,,
903,237,2,<urn:uuid:dfd1c5d2-c45c-418a-a123-58e4bfe43274>,https://www.marketbeat.com/instant-alerts/filing-t-rowe-price-group-inc-trow-position-decreased-by-pnc-financial-services-group-inc-2026-05-22/,2026-09-29 15:08:39.220206,,
904,861,580,<urn:uuid:795fac5c-6dc6-45b5-9f33-b69c493f8d9a>,https://www.echo.ie/wonderful-experience-visiting-kakheti-area-development-centre/,2026-09-29 15:08:39.220206,,
905,36,2,<urn:uuid:8ab761f4-d776-40d8-be1e-a1816411cfd4>,https://www.indiatoday.in/india/story/gul-panag-dhruv-rathee-statement-on-pm-norway-journalist-press-conference-helle-lyang-2915540-2026-05-22?utm_source=rss,2026-09-29 15:08:40.850784,,
906,864,582,<urn:uuid:64e1b9ea-5037-4e6d-ae10-ca033bf8cec8>,https://www.wlrn.org/national-politics/2026-05-22/jeff-flake-former-republican-senator-on-party-pushing-back-against-trumps-agenda,2026-09-29 15:08:40.850784,,
907,863,583,<urn:uuid:b9eac57e-fbab-401d-9f02-2321308949e3>,https://sa.headtopics.com/news/15751604158416070324-83578276,2026-09-29 15:08:40.850784,,
908,28,2,<urn:uuid:20d6d1d8-76a0-4cf8-a5ca-08bed283440f>,https://timesofindia.indiatimes.com/city/bhubaneswar/journal-negates-obesity-and-mental-health-direct-link-in-schoolkids/articleshow/131263749.cms,2026-09-29 15:08:42.884072,,
909,81,2,<urn:uuid:64a79f23-ab1d-42f0-82e4-2e9019d5f75e>,https://unidivers.fr/event/theatre-vendredi-13-saint-hilaire-fontaine-nievre-2026-06-13/,2026-09-29 15:08:42.884072,,
910,555,2,<urn:uuid:01bb3f71-8ed4-4d91-ad7f-97dbb39cb85b>,https://kz.kinoafisha.info/en/turkestan/movies/8385905/2026-05-24/,2026-09-29 15:08:44.782153,,
911,310,2,<urn:uuid:8c481e04-ada7-4d9b-ae39-f9c34a38923e>,https://www.aa.com.tr/id/dunia/pm-spanyol-sanchez-desak-uni-eropa-jatuhkan-larangan-perjalanan-bagi-ben-gvir/3944692,2026-09-29 15:08:44.782153,,
912,312,587,<urn:uuid:5c6e0c47-43ce-4a73-9a00-3f7fdd9c7bdc>,https://www.straitstimes.com/singapore/environment/carbon-project-developer-to-trial-eco-friendly-rice-farming-in-region-with-edb-grant,2026-09-29 15:08:46.679831,,
913,333,588,<urn:uuid:3aee4294-cdd1-4d17-8743-4ae2d6ff181c>,https://www.essentiallysports.com/nfl-legends-news-i-got-cut-four-hours-before-my-first-nfl-game-ex-buccaneers-wr-revealed-how-gm-mark-dominik-cut-then-re-signed-him-same-day/,2026-09-29 15:08:46.679831,,
914,9,2,<urn:uuid:af2081c9-27b4-469a-806b-482c69b31f14>,https://www.goal.com/en-ng/betting/tips/nottingham-forest-vs-bournemouth-predictions-24-05-26/A%3Ablt6a2461775afc4515,2026-09-29 15:08:46.679831,,
915,870,2,<urn:uuid:b8edd15b-6839-46b4-aeff-593f6f395def>,https://www.businesswire.com/news/home/20260522244272/en/ICE-Brent-and-ICE-WTI-Perpetual-Futures-to-Launch-on-OKX?feedref=JjAwJuNHiystnCoBq_hl-d0q77hRjGWvCunvqSsMC5PkKuEqWGdtYcKRejd3o8qMqnKfqP6Z7nZVMLG-WqUNUuIFBOuQU34x9_qUrqnb9IFt3G9xeKEyIFKgj2nxZILuWb2_mZzaa2HVGkrPJ34F1Q%3D%3D,2026-09-29 15:08:46.679831,,
916,92,2,<urn:uuid:2be131ad-1053-43e8-9098-6a0b82881f61>,https://www.hindustantimes.com/world-news/resolution-introduced-over-trump-racist-rhetoric-against-indian-americans-in-us-101779466737749.html,2026-09-29 15:08:48.809419,,
917,310,2,<urn:uuid:93438fb6-5dfc-43d2-ad1e-2c40467889c8>,https://www.aa.com.tr/fr/monde/la-guerre-en-ukraine-a-provoqu%C3%A9-l-effondrement-final-du-mod%C3%A8le-de-s%C3%A9curit%C3%A9-euro-atlantique/3946037,2026-09-29 15:08:48.809419,,
918,874,591,<urn:uuid:e3c03b9e-e753-47e8-9dce-234df8fa11ce>,https://www.southernnation.org/p/race-grievance-hucksters-target-historic,2026-09-29 15:08:48.809419,,
919,875,590,<urn:uuid:f3fd185e-f0c5-40b4-9b17-7ba20e583a7e>,https://my.headtopics.com/news/johor-state-legislative-assembly-dissolution-for-state-83646559,2026-09-29 15:08:48.809419,,
920,878,2,<urn:uuid:65024adb-a550-4b75-9e56-0cfa66fccd1b>,https://www.alwakeelnews.com/Section_1/%D8%A3%D8%AE%D8%A8%D8%A7%D8%B1-%D9%85%D8%AD%D9%84%D9%8A%D8%A9/%D8%A7%D9%84%D8%A3%D8%B1%D8%AF%D9%86-%D9%8A%D8%AF%D9%8A%D9%86-%D8%A7%D8%B3%D8%AA%D9%85%D8%B1%D8%A7%D8%B1-%D8%A7%D9%82%D8%AA%D8%AD%D8%A7%D9%85%D8%A7%D8%AA-%D8%A7%D9%84%D9%85%D8%AA%D8%B7%D8%B1%D9%81%D9%8A%D9%86-%D9%84%D9%84%D9%85%D8%B3%D8%AC%D8%AF-%D8%A7%D9%84%D8%A3%D9%82%D8%B5%D9%89-%D8%A7%D9%84%D9%85%D8%A8%D8%A7%D8%B1%D9%83_775009,2026-09-29 15:08:50.12833,,
921,879,592,<urn:uuid:751ef9ed-e1aa-414f-9639-2cf63975ab01>,https://sayerji.substack.com/p/last-chance-cardionk-launch-pricing,2026-09-29 15:08:50.12833,,
922,882,2,<urn:uuid:d847fd03-3171-4834-bec0-9f4191221b00>,https://www.nbcsvg.com/2026/05/22/nbcs-special-report-friday-22nd-may2026/,2026-09-29 15:08:50.12833,,
923,880,594,<urn:uuid:35949067-137e-468f-9fdd-1c2fc14cf7fb>,https://www.tvcnews.tv/fg-launches-digital-skills-programme-for-youths/,2026-09-29 15:08:50.12833,,
924,195,2,<urn:uuid:6d111398-44f6-42bf-80e4-86c5c6d73435>,https://fr.allafrica.com/stories/202605220686.html,2026-09-29 15:08:50.12833,,
925,166,2,<urn:uuid:5fc5d82a-428f-41ec-9dcf-8ca59576d8b8>,https://www.indiainfoline.com/company/adani-energy-solutions-ltd/options/30-06-2026-ce-1260,2026-09-29 15:08:52.133879,,
926,170,2,<urn:uuid:ee71f0dc-cb09-46a2-ae17-f38fd78ea2e0>,https://www.cbsnews.com/detroit/video/man-accused-of-shooting-woman-in-orion-township-carjacking-denied-bond/,2026-09-29 15:08:52.133879,,
927,9,2,<urn:uuid:e95df731-06f2-48ec-949c-5a421d12714a>,https://www.goal.com/en-gh/lists/stu-holden-christian-pulisic-usmnt-world-cup-cristiano-ronaldo-last-dance/blt8e601d44d85e32f6,2026-09-29 15:08:52.133879,,
928,48,32,<urn:uuid:6ed7c1bf-856a-4c99-842e-80a4b15cc702>,https://www.masrawy.com/news/news_cases/details/2026/5/22/2992364/%D8%AE%D9%84%D8%A7%D9%81%D8%A7%D8%AA-%D8%A3%D8%B3%D8%B1%D9%8A%D8%A9-%D8%A7%D9%84%D8%B3%D8%A8%D8%A8-%D8%B6%D8%A8%D8%B7-%D8%B9%D8%A7%D9%85%D9%84-%D8%AA%D8%B9%D8%AF%D9%89-%D8%B9%D9%84%D9%89-%D8%B3%D9%8A%D8%AF%D8%AA%D9%8A%D9%86-%D8%AF%D8%A7%D8%AE%D9%84-%D9%85%D9%86%D8%B2%D9%84-%D8%A8%D8%A7%D9%84%D8%A8%D8%AD%D9%8A%D8%B1%D8%A9-,2026-09-29 15:08:52.133879,,
929,888,599,<urn:uuid:33856f36-ad63-4325-ad82-18b879e365ba>,https://www.phoenixnewtimes.com/news/rodney-glassmans-brother-sued-by-former-business-partner-40668499/,2026-09-29 15:08:53.50869,,
930,12,2,<urn:uuid:1295aecc-f3dc-45d5-aa29-f3f17cfe6852>,https://www.rotowire.com/baseball/headlines/wade-meckler-news-joins-big-league-club-1004697,2026-09-29 15:08:53.50869,,
931,316,2,<urn:uuid:7fb87879-4651-40b4-ace0-dbd068c1815c>,https://www.finanzen.at/nachrichten/aktien/the-agentic-ai-era-will-supercharge-soundhound-ais-growth--buy-it-before-it-surges-60percent--according-to-wall-street-analysts-15705710,2026-09-29 15:08:53.50869,,
932,887,598,<urn:uuid:7b228a31-c507-49f9-943f-be54e39e0bdc>,https://us.headtopics.com/news/the-best-far-side-cartoons-that-prove-gary-larson-s-genius-83658027,2026-09-29 15:08:53.50869,,
933,892,2,<urn:uuid:3ef95c64-9d3f-4d3b-9351-62113cc19db9>,https://essexnewsdaily.com/sports/sports-southorange/columbia-hs-track-teams-excel-at-sectionals/,2026-09-29 15:08:53.50869,,
934,890,2,<urn:uuid:8e2b9e2d-fd99-45e0-8870-45561e5cb622>,https://lajmi.net/be-i-jep-shqiperise-21-milione-euro-per-forcimin-e-kapaciteteve-ushtarake/,2026-09-29 15:08:53.50869,,
935,12,2,<urn:uuid:013eb3a6-e289-4b9d-9f9c-2157d84119aa>,https://www.rotowire.com/baseball/headlines/yoan-moncada-injury-lands-on-injured-list-1004693,2026-09-29 15:08:53.50869,,
936,894,601,<urn:uuid:9a469196-4681-4b10-979c-f12cf34762bf>,https://heavy.com/sports/nhl/new-york-rangers/ny-rangers-should-push-to-land-2nd-overall-pick-in-2026-draft/,2026-09-29 15:08:55.119783,,
937,895,2,<urn:uuid:a0787922-4d14-4a34-8136-844c6b85c17f>,https://www.altenergymag.com/company_directory/e-twow-electric-mobility/5839/,2026-09-29 15:08:55.119783,,
938,102,2,<urn:uuid:01fe2c34-3a6a-4f8b-be47-1a47b9beb0d6>,https://zeenews.india.com/cricket/the-handshake-that-never-happened-virat-kohli-and-travis-heads-ipl-2026-flashpoint-fully-explained-by-experts-3049704.html,2026-09-29 15:08:55.119783,,
939,893,602,<urn:uuid:0943a22c-b9fb-40f9-91ae-70a7634bcb92>,https://www.fox10phoenix.com/news/flagstaff-mother-accused-murder-ny-explosion-hurts-dozens-nightly-roundup,2026-09-29 15:08:55.119783,,
940,897,2,<urn:uuid:93480c2a-cf6a-485b-9400-04ba2c5d3b2d>,https://www.hagerty.com/marketplace/auction/2012-ford-mustang/291mHXSDgBKDZ8WN6QpN5u,2026-09-29 15:08:56.757497,,
941,895,2,<urn:uuid:24022259-4aa3-4378-8857-40ea648a76b9>,https://www.altenergymag.com/company_directory/magnetek-inc/2785/,2026-09-29 15:08:56.757497,,
942,897,2,<urn:uuid:0fedf5fd-ec3a-42c6-8d68-1b22bf62cd36>,https://www.hagerty.com/marketplace/auction/1970-oldsmobile-442/26506d98-e495-4ef0-9b2a-a1b9cd05be17,2026-09-29 15:08:58.695577,,
943,99,2,<urn:uuid:222af19c-f9d6-426d-9eea-8a84b3c740aa>,https://auto.hindustantimes.com/new-bikes/ktm/390-adventure-s/on-road-price-solan,2026-09-29 15:08:58.695577,,
944,895,2,<urn:uuid:12c2b92e-86f5-46ed-a0c3-9ff1252e4e64>,https://www.altenergymag.com/company_directory/save-energy-save-money/5681/,2026-09-29 15:08:58.695577,,
945,902,605,<urn:uuid:9df52e33-9865-42e4-b26e-d1f1dc960ad3>,https://www.pourquoidocteur.fr/Articles/Question-d-actu/54871-Emilia-Clarke-congeler-ovocytes-deroule,2026-09-29 15:08:58.695577,,
946,903,607,<urn:uuid:9389f57e-9c1c-47ae-9900-aaeb62f5feb9>,https://www.knba.org/npr-news/2026-05-23/summer-electric-bills-sizzle-as-the-cost-of-cooling-climbs,2026-09-29 15:09:00.404467,,
947,560,389,<urn:uuid:a3a45045-dfaa-4f0f-bfb7-8a365b6f9b7a>,https://www.tvtechnology.com/infrastructure/lawo-to-showcase-edge-one-and-efficient-ip-workflows-at-infocomm-2026,2026-09-29 15:09:00.404467,,
948,594,606,<urn:uuid:7ab8391c-4d15-4a22-b16c-10c31f6f0a3e>,https://www.on3.com/teams/tennessee-volunteers/news/tennessee-baseball-cam-appenzeller-team-usa-colegiate-national-team-training-camp/,2026-09-29 15:09:00.404467,,
949,9,2,<urn:uuid:790d080c-1705-46fc-969e-a236523c6e5f>,https://www.goal.com/en-sa/lists/pep-guardiola-reveals-details-sir-alex-ferguson-messaget-man-city-exit/blt55f8b62cf0a1a8ea,2026-09-29 15:09:02.200133,,
950,155,2,<urn:uuid:08e4d477-5b7b-46e6-a421-ae3a4ff78ccc>,https://www.wsbtv.com/news/local/atlanta/boil-water-advisory-lifted-downtown-atlanta/7UWNFZ72FRBKTLBQRV3AMQ3RSU/,2026-09-29 15:09:02.200133,,
951,63,609,<urn:uuid:f25b52cf-9d4e-4380-bf47-4c2794717226>,https://indianexpress.com/article/cities/hyderabad/lawyer-probing-waqf-land-encroachment-run-over-by-suv-in-hyderabad-murder-suspected-10704462/,2026-09-29 15:09:02.200133,,
952,114,2,<urn:uuid:a0501949-edd9-4efe-8457-274db635a122>,https://www.eanlibya.com/%D8%A3%D9%86%D9%82%D8%B1%D8%A9-%D8%AA%D8%B4%D8%AA%D8%B9%D9%84-%D8%B3%D9%8A%D8%A7%D8%B3%D9%8A%D8%A7-%D8%A7%D8%AD%D8%AA%D8%AC%D8%A7%D8%AC%D8%A7%D8%AA-%D8%AD%D8%A7%D8%B4%D8%AF%D8%A9-%D8%AA%D9%87%D8%B2/,2026-09-29 15:09:02.200133,,
953,911,612,<urn:uuid:0362992d-0905-43d2-9f79-015bf9245c32>,https://www.kbia.org/2026-05-23/actor-and-playwright-david-haig-talks-about-his-new-world-war-ii-thriller-pressure,2026-09-29 15:09:02.200133,,
954,88,610,<urn:uuid:9f097702-3c55-4923-8399-2809e9e02d88>,https://www.delawarepublic.org/2026-05-23/actor-and-playwright-david-haig-talks-about-his-new-world-war-ii-thriller-pressure,2026-09-29 15:09:02.200133,,
955,8,28,<urn:uuid:b1398ec8-ffc1-481e-b70d-e34946f8855c>,https://www.westernjournal.com/nascar-star-kyle-busch-hospitalized-severe-medical-issue/?utm_source=facebook&utm_medium=patriottribune&utm_campaign=lminetwork&utm_content=2026-05-23,2026-09-29 15:09:03.909136,,
956,897,2,<urn:uuid:f51ced67-a051-4f63-9ddd-bc45798c8fde>,https://www.hagerty.com/marketplace/auction/1924-ford-model-t/1a1f6497-b990-4e92-8324-98094f3eca88,2026-09-29 15:09:03.909136,,
957,241,2,<urn:uuid:d7292160-cdf1-4193-92b8-1c051038f7e9>,https://www.shorouknews.com/news/view.aspx?cdate=23052026&id=2e9174d7-878d-4ce3-92b4-4fdbb7b218cf,2026-09-29 15:09:03.909136,,
958,895,2,<urn:uuid:a419e2bc-3de7-4fee-a080-73b9b4e62456>,https://www.altenergymag.com/news/2011/01/17/solar-heating-costs-drop-from-15-year-payback-to-6-years-with-solarbeam-from-solartron-energy-system/7398/,2026-09-29 15:09:03.909136,,
959,26,2,<urn:uuid:aa71709c-f8ae-4f4f-a468-2a9488466a59>,https://www.nhl.com/hurricanes/news/projected-lineup-ecf-game-2-vs-montreal,2026-09-29 15:09:05.489075,,
960,364,2,<urn:uuid:de5c3c4c-c6e4-41bb-bcf4-4be16821e3b6>,https://www.foot-sur7.fr/748677-asse-un-coup-prepare-nice-geoffroy-guichard,2026-09-29 15:09:05.489075,,
961,30,2,<urn:uuid:8a558c79-5eb2-401a-93a0-e6ca31a7dc26>,https://www.elbalad.news/6981505,2026-09-29 15:09:05.489075,,
962,241,2,<urn:uuid:2c4d14b3-8c28-4617-a62a-03d93a6aeaa7>,https://www.shorouknews.com/news/view.aspx?cdate=23052026&id=52824928-e2f7-426e-b8aa-e748483f3941,2026-09-29 15:09:05.489075,,
963,921,617,<urn:uuid:6ae65a58-32e6-4328-9cba-16626811938f>,https://www.telestar.fr/serie_tv/exclu-lete-36-cest-primordial-cette-lecon-capitale-que-constance-gay-retient-de-la-serie-1765827,2026-09-29 15:09:05.489075,,
964,922,616,<urn:uuid:e973d531-cc07-453c-9436-ef4d06e3c96b>,https://za.headtopics.com/news/montpellier-win-third-epcr-challenge-cup-title-83682103,2026-09-29 15:09:05.489075,,
965,897,2,<urn:uuid:1d33b127-321f-4f8d-a5b3-64fb7a332d8f>,https://www.hagerty.com/marketplace/terms,2026-09-29 15:09:05.489075,,
966,894,619,<urn:uuid:b9368506-2742-4183-a32e-b8c9dbc10e13>,https://heavy.com/sports/nba/chicago-bulls/top-draft-target-holds-pro-day-lakers-facility/,2026-09-29 15:09:07.182942,,
967,607,421,<urn:uuid:2cf2c394-b6db-42d4-83f1-c38553c2ccb8>,https://www.football365.fr/real-madrid-valence-streaming-chaine-tv-et-compos-2-10296590.html,2026-09-29 15:09:07.182942,,
968,927,2,<urn:uuid:63f512d7-0423-4351-bca8-eba88dd96f16>,https://www.kyuk.org/2026-05-23/president-trump-says-u-s-and-iran-close-to-a-deal-for-ending-the-war,2026-09-29 15:09:08.938477,,
969,15,2,<urn:uuid:87dc9f08-fe91-4a99-a230-cacb0f260f83>,https://www.nasdaq.com/articles/number-should-change-way-you-think-about-sofis-business,2026-09-29 15:09:08.938477,,
970,14,2,<urn:uuid:6fc2ed98-3dc1-410b-a629-cb346b273664>,https://www.cbssports.com/fantasy/baseball/news/diamondbacks-jorge-barrosa-idle-saturday/,2026-09-29 15:09:08.938477,,
971,92,2,<urn:uuid:5ffce62b-382b-4d2a-b55c-9a5525523704>,https://www.hindustantimes.com/cities/noida-news/missing-15-year-old-boy-found-dead-in-greater-noida-village-101779558896675-amp.html,2026-09-29 15:09:08.938477,,
972,927,2,<urn:uuid:c62a5292-3093-4100-865f-3bba8561a1ab>,https://www.kyuk.org/2026-05-23/rubio-meets-with-nato-allies-amid-confusion-over-troop-deployments,2026-09-29 15:09:08.938477,,
973,930,623,<urn:uuid:61d49a73-7994-4d56-8e02-ba9d38a528fd>,https://www.peaches.fr/jardin-potager/terrasse-en-bois-comment-le-tapis-de-pierre-pour-terrasse-vous-evite-la-corvee-dentretien-chaque-printemps-225399.html,2026-09-29 15:09:10.849642,,
974,929,2,<urn:uuid:6a439439-ab76-492e-aa0e-14c39d308ae0>,https://www.exxeselection.com/womens-accessories,2026-09-29 15:09:10.849642,,
975,42,2,<urn:uuid:e24e1e0e-7802-4fc2-92a0-6512b448226d>,https://www.freepressjournal.in/bhopal/tome-and-plume-bhopal-summer-aching-days-melt-into-soothing-evenings,2026-09-29 15:09:10.849642,,
976,94,69,<urn:uuid:e7215c54-6265-4dcc-b2cf-6e2a05531750>,https://le10sport.com/football/mercato/zidane-a-negocie-le-contrat-de-sa-vie-a-monaco-on-va-le-faire-783900,2026-09-29 15:09:10.849642,,
977,934,625,<urn:uuid:e9103900-dc24-4d14-a2cb-b5db8011cabc>,https://se.headtopics.com/news/39-rig-man-dodad-i-hajattack-i-australien-deathlink-to-83712703,2026-09-29 15:09:14.774367,,
978,463,2,<urn:uuid:06db7fce-0c7b-4c80-b39e-195fdf201d1a>,https://entrevue.fr/monde/les-etats-unis-menent-un-exercice-militaire-spectaculaire-au-dessus-de-caracas/,2026-09-29 15:09:14.774367,,
979,263,626,<urn:uuid:48c80050-581d-463f-a05d-4c0076326c8b>,https://arynews.tv/pakistan-security-forces-kill-16-khawrij-in-bannu-security-sources,2026-09-29 15:09:16.444982,,
980,626,430,<urn:uuid:cb9dc95f-1cd7-4d77-9935-6ed485765232>,https://dotalkhalij.com/egypt/30000624/%D9%88%D8%B2%D8%B1%D8%A7%D8%A1-%D8%AE%D8%A7%D8%B1%D8%AC%D9%8A%D8%A9-15-%D8%AF%D9%88%D9%84%D8%A9-%D8%B9%D8%B1%D8%A8%D9%8A%D8%A9-%D9%88%D8%A5%D8%B3%D9%84%D8%A7%D9%85%D9%8A%D8%A9-%D9%8A%D8%AF%D9%8A%D9%86%D9%88%D9%86-%D8%A5%D9%82%D8%AF%D8%A7%D9%85-%D9%85%D8%A7-%D9%8A%D8%B3%D9%85%D9%89-%D8%A5%D9%82%D9%84%D9%8A%D9%85-%D8%A3%D8%B1%D8%B6-%D8%A7%D9%84%D8%B5%D9%88%D9%85%D8%A7%D9%84-%D8%B9%D9%84%D9%89-%D8%A7%D9%81%D8%AA%D8%AA%D8%A7%D8%AD-%D8%B3%D9%81%D8%A7%D8%B1%D8%A9-%D9%85%D8%B2%D8%B9%D9%88%D9%85%D8%A9-%D9%84%D9%87-%D9%81%D9%8A-%D8%A7%D9%84%D9%82%D8%AF%D8%B3-%D8%A7%D9%84%D9%85%D8%AD%D8%AA%D9%84%D8%A9.html,2026-09-29 15:09:16.444982,,
981,89,2,<urn:uuid:377507df-a971-4732-a402-2e81ec952621>,https://www.financialexpress.com/policy/economy/subsidy-spend-may-exceed-be-by-rs-2-lakh-crore/4249842/,2026-09-29 15:09:18.715643,,
982,940,2,<urn:uuid:f4640dff-f58a-4519-abf9-ee82f8cc7def>,https://albiladdaily.com/2026/05/24/%D9%85%D9%88%D8%A7%D8%AC%D9%87%D8%A7%D8%AA-%D9%82%D9%88%D9%8A%D8%A9-%D9%81%D9%8A-%D8%AF%D9%88%D8%B1-%D8%A7%D9%84%D9%80-32-%D9%81%D9%8A-%D9%83%D8%A3%D8%B3-%D8%AE%D8%A7%D8%AF%D9%85-%D8%A7%D9%84%D8%AD/,2026-09-29 15:09:18.715643,,
983,170,2,<urn:uuid:5870e8e2-938c-43f2-923f-53cb55067d52>,https://www.cbsnews.com/miami/video/warm-weather-in-store-for-the-rest-of-memorial-day-weekend-in-south-florida/,2026-09-29 15:09:18.715643,,
984,9,2,<urn:uuid:7ab72d3e-baeb-42f1-b777-49581fe544d7>,https://www.goal.com/ar-eg/%D8%A7%D9%84%D9%82%D9%88%D8%A7%D8%A6%D9%85/%D8%A8%D8%B1%D8%B4%D9%84%D9%88%D9%86%D8%A9-%D9%87%D8%A7%D8%B1%D9%8A-%D9%83%D9%8A%D9%86-%D8%A8%D8%A7%D9%8A%D8%B1%D9%86-%D9%85%D9%8A%D9%88%D9%86%D8%AE-%D8%A7%D9%94%D9%88%D9%84%D9%8A-%D9%87%D9%88%D9%86%D9%8A%D8%B3-%D8%A7%D9%84%D8%AF%D9%88%D8%B1%D9%8A-%D8%A7%D9%84%D8%A7%D9%95%D8%B3%D8%A8%D8%A7%D9%86%D9%8A-%D8%A7%D9%84%D8%A3%D9%84%D9%85%D8%A7%D9%86%D9%8A-%D8%A7%D9%84%D8%A7%D9%86%D8%AA%D9%82%D8%A7%D9%84%D8%A7%D8%AA/blt2d033c169705aed1,2026-09-29 15:09:18.715643,,
985,9,2,<urn:uuid:ad830468-2432-40c6-ba58-e7471501974b>,https://www.goal.com/ar/%D8%A7%D9%84%D9%82%D9%88%D8%A7%D8%A6%D9%85/%D9%84%D9%8A%D9%88%D9%86%D9%8A%D9%84-%D9%85%D9%8A%D8%B3%D9%8A-%D9%81%D9%8A-%D9%84%D8%A7%D8%AA%D8%B3%D9%8A%D9%88--%D9%85%D9%87%D8%A7%D8%AC%D9%85-%D8%A8%D8%B1%D8%B4%D9%84%D9%88%D9%86%D8%A9-%D8%A7%D9%84%D8%B3%D8%A7%D8%A8%D9%82-%D9%8A%D9%83%D8%B4%D9%81-%D8%B9%D9%86-%D8%A7%D9%84%D9%84%D8%A7%D8%B9%D8%A8%D9%8A%D9%86-%D8%A7%D9%84%D8%B0%D9%8A%D9%86-%D8%B3%D8%B9%D9%89-%D8%A7%D9%95%D9%84%D9%89-%D8%A7%D9%84%D8%AA%D8%B9%D8%A7%D9%82%D8%AF-%D9%85%D8%B9%D9%87%D9%85-%D9%81%D9%8A-%D8%A7%D9%95%D9%8A%D8%B7%D8%A7%D9%84%D9%8A%D8%A7/bltc68b281c13fbed20,2026-09-29 15:09:22.182866,,
986,945,632,<urn:uuid:df57cb7b-1512-4df3-ae4f-4c873921032d>,https://ntv.ca/features/birthdays-and-anniversaries/birthdays-and-anniversaries-may-24-2026/,2026-09-29 15:09:24.491693,,
987,942,633,<urn:uuid:5a547b2b-399b-4780-a80a-6bf1a7c3cc18>,https://news.prairiepublic.org/2026-05-24/cineplexity-the-state-of-star-wars,2026-09-29 15:09:24.491693,,
988,170,2,<urn:uuid:47d4e24e-a13e-4ac9-8899-9a2e1936808f>,https://www.cbsnews.com/philadelphia/news/new-jersey-man-arrested-vanessa-sturtevent-death/,2026-09-29 15:09:24.491693,,
989,227,2,<urn:uuid:6c0cd093-25b9-4375-9f8b-8e6401e66edd>,https://www.channelnewsasia.com/sport/mamelodi-sundowns-claim-african-champions-league-title-draw-in-rabat-6139416?cid=cna_flip_070214,2026-09-29 15:09:24.491693,,
990,351,630,<urn:uuid:ca0f792e-dfd0-4b4d-a8f2-082bdda67e60>,https://comicbook.com/tv-shows/list/7-scariest-tv-show-monsters-that-arent-vecna-or-pennywise/,2026-09-29 15:09:24.491693,,
991,947,634,<urn:uuid:d684b83e-fe8b-47b6-82ef-1e0daa2b7c8a>,https://www.zimbabweonlinenews.com/bitget-kicks-off-second-year-supporting-unicefs-game-changers-coalition-backing-expansion-into-financial-literacy-and-ai/,2026-09-29 15:09:26.56217,,
992,166,2,<urn:uuid:4577e81f-95e1-4985-bab4-5bf0d2fc31da>,https://www.indiainfoline.com/company/gail-india-ltd/options/30-06-2026-pe-156,2026-09-29 15:09:28.309918,,
993,950,638,<urn:uuid:2b2395fc-ab84-46fb-b3eb-14c6c1a64486>,https://www.phonearena.com/news/samsung-galaxy-buds-4-pro-new-woot-deal-cheaper-than-ever-likely-not-for-long_id180610,2026-09-29 15:09:31.075726,,
994,949,636,<urn:uuid:837de666-8036-4c34-ab12-dbb148b33262>,https://yen.com.gh/sports/football/305154-lionel-messi-suffers-major-injury-scare-world-cup-inter-miami-match/,2026-09-29 15:09:31.075726,,
995,273,186,<urn:uuid:b9f93f4c-5fc9-4f65-8380-1490e390c417>,https://www.albayan.ae/opinions/articles/1317506,2026-09-29 15:09:31.075726,,
996,952,640,<urn:uuid:d78a9354-712f-4a9e-be25-4207cad6b603>,https://www.webmanagercenter.com/2026/05/25/567351/tunisie-mesures-gouvernementales-pour-securiser-la-campagne-cerealiere-2026-et-2027/,2026-09-29 15:09:32.683384,,
997,953,639,<urn:uuid:3ad82150-45a1-4010-9132-99bf288b60a4>,https://www.capitalfm.co.ke/sports/2026/05/25/one-mans-tears-another-mans-champagne-ambani-laments-leopards-league-title-heartbreak-as-gor-celebrate-22nd-crown/,2026-09-29 15:09:32.683384,,
998,63,642,<urn:uuid:28f4616f-80b5-4226-b047-50a77a96a757>,https://indianexpress.com/article/cities/chandigarh/chandigarh-vodka-ice-roll-video-arrest-10707076/,2026-09-29 15:09:33.937551,,
999,954,643,<urn:uuid:7ce9190f-8ff5-4fcb-be20-d5a438c594be>,https://www.etvbharat.com/en/bharat/kerala-varsity-develops-eco-friendly-building-blocks-enn26052502216,2026-09-29 15:09:33.937551,,
1000,49,2,<urn:uuid:ee01e80f-7413-4497-8dfb-eec626efabcd>,https://www.shawlocal.com/real-estate/2026/05/25/single-family-home-sells-for-445000-in-oswego/,2026-09-29 15:09:33.937551,,
1001,237,2,<urn:uuid:64b2f9ad-8dc1-4fc4-8fc0-4649e44df4ed>,https://www.marketbeat.com/instant-alerts/filing-morningstar-investment-management-llc-has-312-million-stock-holdings-in-bristol-myers-squibb-company-bmy-2026-05-25/,2026-09-29 15:09:33.937551,,
1002,961,646,<urn:uuid:b42e981a-0b31-449c-bd8f-11a87fe73939>,https://townhall.com/tipsheet/mattvespa/2026/05/25/the-cleveland-cavaliers-coach-didnt-just-say-that-n2676613,2026-09-29 15:09:36.005357,,
1003,726,2,<urn:uuid:bae4357a-a1ed-4811-9ad7-32a02496abbb>,https://www.outlookindia.com/national/no-grave-urgency-cji-surya-kant-declines-urgent-hearing-on-plea-seeking-cbi-probe-into-cockroach-janta-party,2026-09-29 15:09:36.005357,,
1004,73,2,<urn:uuid:efea0ed3-361a-4dfa-9849-ac41fdc6b9ec>,https://www.skynewsarabia.com/varieties/1871440-%D8%B7%D9%88%D9%83%D9%8A%D9%88-%D8%A5%D8%B5%D8%A7%D8%A8%D8%A9-20-%D8%B4%D8%AE%D8%B5%D8%A7-%D8%A8%D8%AD%D8%A7%D8%AF%D8%AB%D8%A9-%D8%B1%D8%B4-%D9%85%D8%A7%D8%AF%D8%A9-%D9%85%D8%AC%D9%87%D9%88%D9%84%D8%A9,2026-09-29 15:09:36.005357,,
1005,963,2,<urn:uuid:e73bbaa1-1bfc-4a75-9a9a-c8ac58947ce5>,https://www.wtvr.com/videos/news/national-news/suspect-dead-after-approaching-white-house-checkpoint-with-weapon-secret-service-says,2026-09-29 15:09:36.005357,,
1006,962,645,<urn:uuid:62c9f342-a61a-4db9-9d3f-f21fe4fed8e0>,https://www.lyonmag.com/article/152171/lyon-un-feu-de-casserole-provoque-l-evacuation-d-un-immeuble-a-la-croix-rousse,2026-09-29 15:09:36.005357,,
1007,9,2,<urn:uuid:2619d416-dad3-4cdd-97a4-45bd22ae7bc6>,https://www.goal.com/en-gb/lists/morgan-gibbs-white-murillo-nottingham-forest-kick-on-relegation-battle-europa-league-four-managers/blt76c5cc07635f9c87,2026-09-29 15:09:36.005357,,
1008,965,2,<urn:uuid:84a51fbe-4ca6-49b6-8efa-598fb117c741>,https://www.fox47news.com/videos/world-news/rare-ebola-strain-spreading-in-congo-as-who-raises-risk-level,2026-09-29 15:09:37.798431,,
1009,96,67,<urn:uuid:6eee765a-0465-421e-8d16-80aa3abf68ca>,https://www.business-standard.com/markets/capital-market-news/suvidha-infraestate-corporation-standalone-net-profit-declines-83-33-in-the-march-2026-quarter-126052501338_1.html,2026-09-29 15:09:37.798431,,
1010,651,649,<urn:uuid:40a4d528-0d1b-470b-af00-8eaf0f142a12>,https://lusakastar.com/entertainment/dj-sly-zambiadj-cool-mike-exposes-industry-gaps,2026-09-29 15:09:39.620808,,
1011,252,2,<urn:uuid:0b6846a7-41df-4740-84ef-c4f143c2ec19>,https://www.tolerance.ca/ArticleExt.aspx?ID=603984&L=fr,2026-09-29 15:09:41.399851,,
1012,30,2,<urn:uuid:dfe49e1f-c858-4a3d-bacb-86e525b4bce8>,https://www.elbalad.news/6983903,2026-09-29 15:09:41.399851,,
1013,725,500,<urn:uuid:e9063102-2df5-4a09-aa73-a1df0b8776cf>,https://fakti.bg/en/world/1056753-cuba-callas-applies-double-standards,2026-09-29 15:09:43.169347,,
1014,972,654,<urn:uuid:783f68f4-0ff7-4e44-bf8c-e1669e99bcf8>,https://music.mxdwn.com/2026/05/25/news/ellie-goulding-live-debuts-new-single-black-prada-dress-at-radio-1s-big-weekend/,2026-09-29 15:09:44.868611,,
1015,970,653,<urn:uuid:81d60213-a948-4a78-9f73-9316dea4ed04>,https://twvme.substack.com/p/memorial-day-in-america,2026-09-29 15:09:44.868611,,
1016,973,2,<urn:uuid:f9f5fbf6-4e3f-4a0d-ba8c-58c20d0c9501>,https://aawsat.com/%D9%8A%D9%88%D9%85%D9%8A%D8%A7%D8%AA-%D8%A7%D9%84%D8%B4%D8%B1%D9%82/5276220-%D8%B1%D8%AD%D9%8A%D9%84-%D8%A7%D9%84%D8%B4%D8%A7%D8%B9%D8%B1-%D8%A7%D9%84%D9%85%D8%B5%D8%B1%D9%8A-%D8%B3%D9%85%D9%8A%D8%B1-%D8%B9%D8%A8%D8%AF-%D8%A7%D9%84%D8%A8%D8%A7%D9%82%D9%8A-%D9%81%D8%A7%D8%B1%D8%B3-%D9%85%D8%B3%D8%B1%D8%AD-%D8%A7%D9%84%D8%B9%D8%B1%D8%A7%D8%A6%D8%B3,2026-09-29 15:09:44.868611,,
1017,971,2,<urn:uuid:054a1f7b-f21b-4754-b247-68a1cfd5c45f>,https://www.cnews.fr/sport/2025-11-12/cest-incroyable-du-jamais-vu-la-rencontre-tres-touchante-entre-deux-joueurs-de,2026-09-29 15:09:44.868611,,
1018,973,2,<urn:uuid:9aefb7f7-0a37-49ee-8a1b-9fb330a3280c>,https://aawsat.com/%D9%8A%D9%88%D9%85%D9%8A%D8%A7%D8%AA-%D8%A7%D9%84%D8%B4%D8%B1%D9%82/5276289-7dogs-%D9%85%D9%86-%D8%A7%D9%84%D8%B1%D9%8A%D8%A7%D8%B6-%D8%A5%D9%84%D9%89-%D8%A7%D9%84%D8%B9%D8%A7%D9%84%D9%85,2026-09-29 15:09:44.868611,,
1019,976,2,<urn:uuid:81b110df-8401-4aa7-ac4a-9bdf95376657>,https://www.wantedonline.co.za/travel/2026-05-26-an-island-state-of-mind/,2026-09-29 15:09:48.96184,,
1020,51,181,<urn:uuid:d4cd51a8-231d-4932-85d3-b6e4beda6684>,https://www.newindianexpress.com/states/odisha/2026/May/26/odisha-govt-directs-urban-bodies-to-hand-over-bus-stands-to-transport-dept-for-abs-scheme-revamp,2026-09-29 15:09:48.96184,,
1021,974,656,<urn:uuid:35f5ae0d-2471-4c31-babf-bb8fc3daa5f5>,https://trashtalk.co/2026/05/24/pari-nba-un-gros-duel-au-scoring-entre-wembanyama-et-sga/,2026-09-29 15:09:48.96184,,
1022,51,655,<urn:uuid:b38a8d7c-e764-4fda-8353-b976fc99ba83>,https://www.newindianexpress.com/states/odisha/2026/May/26/odisha-police-adopts-thok-denge-model-legal-experts-see-red,2026-09-29 15:09:48.96184,,
1023,96,67,<urn:uuid:fb6c87b5-566d-48b0-8e13-1babc69bf960>,https://www.business-standard.com/markets/capital-market-news/rajputana-stainless-standalone-net-profit-rises-58-40-in-the-march-2026-quarter-126052600191_1.html,2026-09-29 15:09:48.96184,,
1037,991,671,<urn:uuid:f9d5bb3d-e2fe-428f-9f68-37d45296ced7>,https://www.irishtimes.com/sport/athletics/2026/05/01/sonia-osullivan-irelands-future-relay-prospects-will-be-put-to-the-test-in-botswana/,2026-09-30 12:00:06.466657,https://data.commoncrawl.org/crawl-data/CC-NEWS/2026/05/CC-NEWS-20260501055621-07752.warc.gz,2026-05-01T05:56:26Z
1038,237,670,<urn:uuid:b4ec292b-9142-4321-81e3-83b3ec96be46>,https://www.marketbeat.com/instant-alerts/american-tower-nyseamt-evp-sells-9923488-in-stock-2026-04-30/,2026-09-30 12:00:06.466657,https://data.commoncrawl.org/crawl-data/CC-NEWS/2026/05/CC-NEWS-20260501055621-07752.warc.gz,2026-05-01T05:56:26Z
1039,995,672,<urn:uuid:ffd34c23-b242-4bb3-8991-699cc7a8654d>,https://www.whio.com/news/local/officers-auditors-sweep-gas-stations-skimmers-parts-montgomery-co/4RZ4WJX6UJDDXI2WJLXQYVIULA/,2026-09-30 12:00:06.553068,https://data.commoncrawl.org/crawl-data/CC-NEWS/2026/05/CC-NEWS-20260501080229-07753.warc.gz,2026-05-01T08:02:35Z
1040,10,673,<urn:uuid:9c99d627-7e11-4244-8c8e-006c7fb7aea3>,https://www.walfoot.be/news/2026-04-30/officiel--le-club-de-bruges-prolonge-deux-icones-du-club,2026-09-30 12:00:06.553068,https://data.commoncrawl.org/crawl-data/CC-NEWS/2026/05/CC-NEWS-20260501080229-07753.warc.gz,2026-05-01T08:02:38Z
1041,9,,<urn:uuid:15dd18db-a36c-4074-8777-5b0648f83568>,https://www.goal.com/fr/news/l-ajax-a-tente-de-convaincre-ce-gardien-talentueux-mais-n-y-est-absolument-pas-parvenu/blt0030bf4cc56a40fe,2026-09-30 12:00:06.553068,https://data.commoncrawl.org/crawl-data/CC-NEWS/2026/05/CC-NEWS-20260501080229-07753.warc.gz,2026-05-01T08:02:40Z
1042,1,3,<urn:uuid:7c88d6bf-810c-4275-a8c7-b754009d9e8b>,https://menafn.com/1111052505/Quote-Of-The-Day-By-Thomas-Alva-Edison-On-Path-To-Success-I-Have-Not-Failed-Ive-Just-Found,2026-09-30 12:00:09.122096,https://data.commoncrawl.org/crawl-data/CC-NEWS/2026/05/CC-NEWS-20260501024825-07751.warc.gz,2026-05-01T02:48:35Z
1043,2,660,<urn:uuid:46b3aa60-07da-4dba-a1a9-939111c2bfc2>,https://www.bizcommunity.com/article/entries-open-for-702-jozi-my-jozi-walk-the-talk-2026-847993a,2026-09-30 12:00:09.122096,https://data.commoncrawl.org/crawl-data/CC-NEWS/2026/05/CC-NEWS-20260501024825-07751.warc.gz,2026-05-01T02:48:35Z
1044,1,3,<urn:uuid:247a7f1e-c450-48d6-90bc-a62b9329e49a>,https://menafn.com/1111052506/PM-Modi-To-Host-Vietnam-President-To-Lam-In-India-From-5-7-May-Strategic-Ties-On-The-Cards,2026-09-30 12:00:09.122096,https://data.commoncrawl.org/crawl-data/CC-NEWS/2026/05/CC-NEWS-20260501024825-07751.warc.gz,2026-05-01T02:48:36Z
1045,237,670,<urn:uuid:b9325d27-ada3-42d0-a3ad-7e65bfc2878c>,https://www.marketbeat.com/instant-alerts/ametek-nyseame-announces-earnings-results-2026-04-30/,2026-09-30 12:00:09.13051,https://data.commoncrawl.org/crawl-data/CC-NEWS/2026/05/CC-NEWS-20260501055621-07752.warc.gz,2026-05-01T05:56:28Z
1047,1000,678,<urn:uuid:10dee832-e4c5-4df2-a53a-9bc61511e2d1>,https://www.thequint.com/amp/story/opinion/india-brics-step-in-choked-strait-of-hormuz,2026-09-30 12:00:09.142124,https://data.commoncrawl.org/crawl-data/CC-NEWS/2026/05/CC-NEWS-20260501100142-07754.warc.gz,2026-05-01T10:01:47Z
1048,397,677,<urn:uuid:feee21de-aeb1-45fe-bfd0-1325b18bfe42>,https://exclusivepress.net/archives/156364,2026-09-30 12:00:09.142124,https://data.commoncrawl.org/crawl-data/CC-NEWS/2026/05/CC-NEWS-20260501100142-07754.warc.gz,2026-05-01T10:01:47Z
1049,28,680,<urn:uuid:ef4b92ff-43a3-45fc-a36f-50b1ce8ea038>,https://timesofindia.indiatimes.com/entertainment/tamil/movies/news/pooja-hegde-recalls-peaceful-chaos-and-ligament-tear-as-suriya-starrer-retro-clocks-a-year-storms-fire-and-snakes/articleshow/130673483.cms,2026-09-30 12:00:26.108579,https://data.commoncrawl.org/crawl-data/CC-NEWS/2026/05/CC-NEWS-20260501100142-07754.warc.gz,2026-05-01T10:01:47Z
1052,1005,682,<urn:uuid:d5ca2f19-a320-4673-9996-b81991426316>,https://www.shafaq.com/ar/%D9%85%D8%AC%D8%AA%D9%80%D9%85%D8%B9/%D8%B9%D9%8A%D8%AF-%D8%A7%D9%84%D8%B9%D9%85%D8%A7%D9%84-%D9%81%D9%8A-%D8%A7%D9%84%D8%B9%D8%B1%D8%A7%D9%82-%D8%B1%D8%B3%D8%A7-%D9%84-%D8%B1%D8%B3%D9%85%D9%8A%D8%A9-%D9%84%D8%AA%D8%B9%D8%B2%D9%8A%D8%B2-%D8%A7%D9%84%D8%AD%D9%82%D9%88%D9%82-%D9%88%D8%AA%D8%AD%D8%B3%D9%8A%D9%86-%D8%B8%D8%B1%D9%88%D9%81-%D8%A7%D9%84%D8%B9%D9%85%D9%84,2026-09-30 12:00:26.114789,https://data.commoncrawl.org/crawl-data/CC-NEWS/2026/05/CC-NEWS-20260501115900-07755.warc.gz,2026-05-01T11:59:04Z
1055,42,683,<urn:uuid:aabd2ffd-5ecf-46db-8fb8-d425064c3e7d>,https://www.freepressjournal.in/education/thane-neet-2026-12862-students-27-centers-tight-security-as-medical-entrance-exam-set-for-sunday,2026-09-30 12:00:26.120489,https://data.commoncrawl.org/crawl-data/CC-NEWS/2026/05/CC-NEWS-20260501134040-07756.warc.gz,2026-05-01T13:40:44Z
1056,1009,686,<urn:uuid:5fa7be13-1780-4ca4-bb6d-ee6c8d14e712>,https://www.kbc.co.ke/moroccan-sahara-germany-backs-centrality-of-autonomy-under-moroccan-sovereignty/,2026-09-30 12:00:28.812654,https://data.commoncrawl.org/crawl-data/CC-NEWS/2026/05/CC-NEWS-20260501115900-07755.warc.gz,2026-05-01T11:59:03Z
1057,12,681,<urn:uuid:ee2b39a9-d33b-4597-92ca-cc148bbcbbf4>,https://www.rotowire.com/soccer/headlines/andreas-christensen-injury-remains-doubtful-for-osasuna-clash-513517,2026-09-30 12:00:28.812654,https://data.commoncrawl.org/crawl-data/CC-NEWS/2026/05/CC-NEWS-20260501115900-07755.warc.gz,2026-05-01T11:59:07Z
1058,1011,,<urn:uuid:6fc103ef-6586-4b5e-b93b-810f2b7557cb>,https://m.faireensemble.info/C-est-de-la-speculation-sur-le-dos-des-Francais-Olivier-Faure-justifie-sa-proposition-de-loi-sur-les-superprofits_a69549.html,2026-09-30 12:00:28.842332,https://data.commoncrawl.org/crawl-data/CC-NEWS/2026/05/CC-NEWS-20260501134040-07756.warc.gz,2026-05-01T13:40:45Z
1059,237,670,<urn:uuid:689f4f8f-7680-428f-a159-5d938585131d>,https://www.marketbeat.com/instant-alerts/filing-conestoga-capital-advisors-llc-has-2802-million-holdings-in-procore-technologies-inc-pcor-2026-05-01/,2026-09-30 12:00:28.842332,https://data.commoncrawl.org/crawl-data/CC-NEWS/2026/05/CC-NEWS-20260501134040-07756.warc.gz,2026-05-01T13:40:45Z
1062,420,690,<urn:uuid:f3f162cd-6d2c-4a67-a650-bdcc186aa4c4>,https://www.prnewswire.com/news-releases/fuutura-outlines-architecture-built-for-the-cross-border-stablecoin-corridors-the-imf-now-tracks-302760183.html,2026-09-30 12:00:28.845631,https://data.commoncrawl.org/crawl-data/CC-NEWS/2026/05/CC-NEWS-20260501152712-07757.warc.gz,2026-05-01T15:27:18Z
1063,1017,693,<urn:uuid:1634b753-f85d-4cd7-907a-7b0ff117dc22>,https://www.businessreport.com/article/roundup-powering-hyundai-amendment-4-natural-gas-prices,2026-09-30 12:00:46.130283,https://data.commoncrawl.org/crawl-data/CC-NEWS/2026/05/CC-NEWS-20260501152712-07757.warc.gz,2026-05-01T15:27:19Z
1064,16,692,<urn:uuid:deabaaad-8de6-4329-8b58-9aa51d9dc423>,https://www.blick.ch/fr/suisse/elle-hausse-le-ton-elisabeth-baume-schneider-aborde-les-fronts-sociaux-actuels-id21915108.html,2026-09-30 12:00:46.130283,https://data.commoncrawl.org/crawl-data/CC-NEWS/2026/05/CC-NEWS-20260501152712-07757.warc.gz,2026-05-01T15:27:20Z
1076,26,701,<urn:uuid:60347c2e-5f53-4101-b413-6dd6e09f4f20>,https://www.nhl.com/news/topic/playoffs/tampa-bay-lightning-montreal-canadiens-game-6-preview-may-1-2026,2026-09-30 12:00:48.412213,https://data.commoncrawl.org/crawl-data/CC-NEWS/2026/05/CC-NEWS-20260501191844-07759.warc.gz,2026-05-01T19:18:50Z
1081,1034,705,<urn:uuid:21e46f36-d7a4-463f-84e2-e564ac33e6f7>,https://www.ksat.com/business/2026/05/01/trump-says-hell-place-25-tariff-on-autos-from-eu-accusing-bloc-of-not-complying-with-trade-deal/,2026-09-30 12:00:50.600125,https://data.commoncrawl.org/crawl-data/CC-NEWS/2026/05/CC-NEWS-20260501171411-07758.warc.gz,2026-05-01T17:14:24Z
1082,911,707,<urn:uuid:163fb3e9-6ff9-446f-acca-7ae183543cc2>,https://www.kbia.org/2026-04-30/in-real-world-test-an-ai-model-did-better-than-doctors-at-diagnosing-patients,2026-09-30 12:00:50.600125,https://data.commoncrawl.org/crawl-data/CC-NEWS/2026/05/CC-NEWS-20260501171411-07758.warc.gz,2026-05-01T17:14:24Z
1083,24,709,<urn:uuid:b76640eb-9bb0-4562-8273-82baef5b1a18>,https://fansided.com/nba/3-teams-nikola-jokic-could-move-to-that-would-make-the-nba-much-more-interesting,2026-09-30 12:00:50.626943,https://data.commoncrawl.org/crawl-data/CC-NEWS/2026/05/CC-NEWS-20260501191844-07759.warc.gz,2026-05-01T19:18:51Z
1084,28,708,<urn:uuid:f448f920-eb38-47e6-9e3c-647e85e59157>,https://timesofindia.indiatimes.com/city/kanpur/bhagalpur-cong-dist-president-killed-in-car-crash/articleshow/130685004.cms,2026-09-30 12:00:50.626943,https://data.commoncrawl.org/crawl-data/CC-NEWS/2026/05/CC-NEWS-20260501191844-07759.warc.gz,2026-05-01T19:18:51Z
1087,1038,712,<urn:uuid:3752ff26-4780-4f6f-83ba-ba0ead096461>,https://rutherfordsource.com/subway-launches-fresh-value-menu-with-15-items-under-5/,2026-09-30 12:00:50.631744,https://data.commoncrawl.org/crawl-data/CC-NEWS/2026/05/CC-NEWS-20260501214122-07760.warc.gz,2026-05-01T21:41:27Z
1088,1040,,<urn:uuid:6603d802-2961-48e5-b51a-0eb62eddac32>,https://livenews.co.nz/2026/05/02/mhesi-joins-partners-to-launch-space-f-batch-7-pushing-thai-foodtech-to-the-global-stage-highlighting-the-wellness-economy-as-a-new-economic-engine/,2026-09-30 12:00:52.157432,https://data.commoncrawl.org/crawl-data/CC-NEWS/2026/05/CC-NEWS-20260501171411-07758.warc.gz,2026-05-01T17:14:24Z
1089,1041,713,<urn:uuid:cb85009e-c448-4199-9a11-77b1099f074b>,https://baylorlariat.com/2026/05/01/lariat-tv-news-local-dessert-shop-makes-in-on-the-big-screen-a-recap-of-the-best-weve-had-to-offer-this-semester/,2026-09-30 12:00:52.170739,https://data.commoncrawl.org/crawl-data/CC-NEWS/2026/05/CC-NEWS-20260501214122-07760.warc.gz,2026-05-01T21:41:28Z
1090,1042,714,<urn:uuid:90c117df-065f-43e8-91c6-16a71b5a00a9>,https://www.kenw.org/2026-05-01/the-global-economic-impact-of-war-from-energy-markets-to-everyday-prices,2026-09-30 12:00:52.170739,https://data.commoncrawl.org/crawl-data/CC-NEWS/2026/05/CC-NEWS-20260501214122-07760.warc.gz,2026-05-01T21:41:28Z
1103,1056,724,<urn:uuid:4f956cad-5057-414d-b361-69cd2da7fdc9>,https://www.fox9.com/news/minnesota-unemployment-stabilizes-after-operation-metro-surge-may-2026,2026-09-30 12:00:56.326114,https://data.commoncrawl.org/crawl-data/CC-NEWS/2026/05/CC-NEWS-20260502005203-07761.warc.gz,2026-05-02T00:52:08Z
1104,202,725,<urn:uuid:f0de4f10-09d6-436a-adba-6120b78b9e53>,https://www.emaratalyoum.com/sports/arab-and-international/2026-05-02-1.2041593,2026-09-30 12:00:56.326114,https://data.commoncrawl.org/crawl-data/CC-NEWS/2026/05/CC-NEWS-20260502005203-07761.warc.gz,2026-05-02T00:52:08Z
1105,121,723,<urn:uuid:117c63cd-3985-4696-b0c3-a6c8bec92669>,https://www.si.com/nfl/patriots/onsi/patriots-wr-may-have-been-saved-from-draft-day-doom,2026-09-30 12:00:56.326114,https://data.commoncrawl.org/crawl-data/CC-NEWS/2026/05/CC-NEWS-20260502005203-07761.warc.gz,2026-05-02T00:52:08Z
1108,1058,726,<urn:uuid:368a3ae5-4ea5-4f22-be11-b01d2cca6933>,https://www.football.fr/lille/ethan-mbappe-probleme-confirme-812836.html,2026-09-30 12:00:56.590608,https://data.commoncrawl.org/crawl-data/CC-NEWS/2026/05/CC-NEWS-20260502045638-07762.warc.gz,2026-05-02T04:56:45Z
1109,1062,81,<urn:uuid:467273c1-5a26-4ec8-8f51-aa281706bd8a>,https://en.dailypakistan.com.pk/02-May-2026/pakistans-f-16-jets-to-stay-operational-till-2040-under-new-488mn-us-deal,2026-09-30 12:00:56.60254,https://data.commoncrawl.org/crawl-data/CC-NEWS/2026/05/CC-NEWS-20260502081253-07763.warc.gz,2026-05-02T08:12:58Z
1110,14,681,<urn:uuid:16e1c43d-a586-48ec-92e5-9dafac65c7fa>,https://www.cbssports.com/fantasy/hockey/news/golden-knights-brett-howden-stays-hot-in-game-6-win/,2026-09-30 12:00:56.60254,https://data.commoncrawl.org/crawl-data/CC-NEWS/2026/05/CC-NEWS-20260502081253-07763.warc.gz,2026-05-02T08:12:59Z
1111,316,685,<urn:uuid:17df68c1-7d0f-44e4-bccc-7a786222ed6e>,https://www.finanzen.at/nachrichten/aktien/dolby-laboratories-bottom-line-climbs-in-q2-1036089808,2026-09-30 12:00:56.60254,https://data.commoncrawl.org/crawl-data/CC-NEWS/2026/05/CC-NEWS-20260502081253-07763.warc.gz,2026-05-02T08:12:59Z
1112,41,733,<urn:uuid:7ab2d4bd-d95e-483f-a620-1897668c5df6>,https://www.oursportscentral.com/services/releases/black-bears-shut-out-jr-americans-to-take-game-one/n-6356342,2026-09-30 12:00:58.37642,https://data.commoncrawl.org/crawl-data/CC-NEWS/2026/05/CC-NEWS-20260502045638-07762.warc.gz,2026-05-02T04:56:48Z
1113,42,732,<urn:uuid:ce2b99ba-9467-4dbb-9151-0ade9570e7ab>,https://www.freepressjournal.in/india/historic-moment-passengers-welcome-vande-bharat-linking-jammu-srinagar-cutting-travel-time-boosting-economic-growth,2026-09-30 12:00:58.37642,https://data.commoncrawl.org/crawl-data/CC-NEWS/2026/05/CC-NEWS-20260502045638-07762.warc.gz,2026-05-02T04:56:50Z
1121,1074,739,<urn:uuid:8fbff0fb-6bf5-4b3a-8b4e-c534c954d7e5>,https://voz.us/en/politics/260502/35376/trump-makes-good-on-his-threat-and-orders-5-000-troops-withdrawn-from-germany.html,2026-09-30 12:01:00.657642,https://data.commoncrawl.org/crawl-data/CC-NEWS/2026/05/CC-NEWS-20260502104352-07764.warc.gz,2026-05-02T10:43:57Z
1122,817,741,<urn:uuid:95aaa1af-ec45-4107-b823-960f0e5a4752>,https://briefly.co.za/people/240913-ghanaians-protest-south-african-illegal-immigrants-tiktok-video/,2026-09-30 12:01:00.657642,https://data.commoncrawl.org/crawl-data/CC-NEWS/2026/05/CC-NEWS-20260502104352-07764.warc.gz,2026-05-02T10:43:57Z
1123,1,3,<urn:uuid:f159ca32-5b21-4824-82c0-5c66673867ee>,https://menafn.com/1111043198/Form-83-Picton-Property-Income-Limited,2026-09-30 12:01:00.663871,https://data.commoncrawl.org/crawl-data/CC-NEWS/2026/05/CC-NEWS-20260502130018-07765.warc.gz,2026-05-02T13:00:20Z
1124,1076,742,<urn:uuid:5217d8e1-288e-4930-89f4-8233328e2d98>,https://pepperdine-graphic.com/threads-of-identity-the-beauty-behind-the-aesthetic/?utm_source=rss&utm_medium=rss&utm_campaign=threads-of-identity-the-beauty-behind-the-aesthetic,2026-09-30 12:01:00.663871,https://data.commoncrawl.org/crawl-data/CC-NEWS/2026/05/CC-NEWS-20260502130018-07765.warc.gz,2026-05-02T13:00:20Z
1125,260,744,<urn:uuid:f07f5c87-8873-4c68-acf5-b446eece65a3>,https://tass.com/politics/2125547,2026-09-30 12:01:00.663871,https://data.commoncrawl.org/crawl-data/CC-NEWS/2026/05/CC-NEWS-20260502130018-07765.warc.gz,2026-05-02T13:00:21Z
1129,49,748,<urn:uuid:342333e8-c1be-46b8-8704-747932810bed>,https://www.shawlocal.com/news/2026/05/02/gas-price-average-spikes-56-cents-in-illinois/,2026-09-30 12:01:02.757324,https://data.commoncrawl.org/crawl-data/CC-NEWS/2026/05/CC-NEWS-20260502104352-07764.warc.gz,2026-05-02T10:43:58Z
1130,1083,335,<urn:uuid:288f01f5-3170-4b85-982b-5ddb908a7d8f>,https://www.peninsuladailynews.com/2026/05/02/vote-on-censure-becomes-official/,2026-09-30 12:01:02.764531,https://data.commoncrawl.org/crawl-data/CC-NEWS/2026/05/CC-NEWS-20260502152439-07766.warc.gz,2026-05-02T15:24:42Z
1131,8,28,<urn:uuid:b54337fc-f8d7-4c24-87cc-a1ad6e9d62cd>,https://www.westernjournal.com/us-moves-deploy-never-used-dark-eagle-weapons-system-iran/?utm_source=facebook&utm_medium=patriotupdate&utm_campaign=lminetwork&utm_content=2026-05-02,2026-09-30 12:01:02.764531,https://data.commoncrawl.org/crawl-data/CC-NEWS/2026/05/CC-NEWS-20260502152439-07766.warc.gz,2026-05-02T15:24:43Z
1132,55,749,<urn:uuid:f148e861-a071-4e42-86f5-912683dae374>,https://www.filgoal.com/articles/528341/%D9%83%D8%A7%D9%81-%D9%8A%D8%B9%D9%84%D9%86-%D9%85%D9%88%D8%B9%D8%AF-%D9%83%D8%A3%D8%B3-%D8%A3%D9%85%D9%85-%D8%A5%D9%81%D8%B1%D9%8A%D9%82%D9%8A%D8%A7-2027,2026-09-30 12:01:02.764531,https://data.commoncrawl.org/crawl-data/CC-NEWS/2026/05/CC-NEWS-20260502152439-07766.warc.gz,2026-05-02T15:24:45Z
1135,57,752,<urn:uuid:220fa5e9-114a-440b-b38d-a6e448480466>,https://www.tastingtable.com/2159960/coleslaw-spicy-flavor-pepperoncini/,2026-09-30 12:01:02.783291,https://data.commoncrawl.org/crawl-data/CC-NEWS/2026/05/CC-NEWS-20260502175946-07767.warc.gz,2026-05-02T17:59:52Z
1136,92,,<urn:uuid:197fa5a0-3e56-4675-920f-1dab76fa5c33>,https://www.hindustantimes.com/cricket/babar-azam-breaks-silence-on-becoming-pakistan-captain-again-if-he-wins-psl-2026-if-such-a-situation-101777737944919-amp.html,2026-09-30 12:01:04.287196,https://data.commoncrawl.org/crawl-data/CC-NEWS/2026/05/CC-NEWS-20260502175946-07767.warc.gz,2026-05-02T17:59:52Z
1137,56,754,<urn:uuid:a28eb91e-ce40-463e-acb6-01f0bcba0406>,https://www.boursorama.com/actualite-economique/actualites/grosses-performances-pour-nicolas-pepe-et-georges-mikautadze-4ddbdd263821ccc4188a3b4689b44ce2,2026-09-30 12:01:04.287196,https://data.commoncrawl.org/crawl-data/CC-NEWS/2026/05/CC-NEWS-20260502175946-07767.warc.gz,2026-05-02T17:59:56Z
1145,58,43,<urn:uuid:ae6c6a30-4839-4b70-bcc3-fdde1abfee12>,https://www.zeffy.com/en-US/ticketing/kids-fun-pack,2026-09-30 12:01:06.005469,https://data.commoncrawl.org/crawl-data/CC-NEWS/2026/05/CC-NEWS-20260502210118-07768.warc.gz,2026-05-02T21:01:33Z
1146,59,42,<urn:uuid:5069fe8d-531d-491b-a0f2-0d796c9977cf>,https://www.womansera.com/kunickaa-sadanand-slams-netizens-after-facing-backlash-for-her-a-clip-showing-her-offering-chadar-at-sufi-shrine/,2026-09-30 12:01:06.005469,https://data.commoncrawl.org/crawl-data/CC-NEWS/2026/05/CC-NEWS-20260502210118-07768.warc.gz,2026-05-02T21:01:32Z
1149,5,,<urn:uuid:70c1bd29-cf54-4deb-a9b7-e8fe0635d042>,https://www.dvidshub.net/image/9656947/great-texas-airshow-2026,2026-09-30 12:01:06.020997,https://data.commoncrawl.org/crawl-data/CC-NEWS/2026/05/CC-NEWS-20260503011308-07769.warc.gz,2026-05-03T01:13:19Z
1153,60,41,<urn:uuid:14755afc-54cc-4cd3-bd2a-feb3aeeeb0b6>,https://www.aletihad.ae/news/%D8%B9%D8%B1%D8%A8%D9%8A-%D9%88%D8%AF%D9%88%D9%84%D9%8A/4662720/%D8%A3%D9%85%D9%8A%D8%B1-%D9%82%D8%B7%D8%B1-%D9%8A%D8%A4%D9%83%D8%AF-%D8%AF%D8%B9%D9%85-%D8%A7%D9%84%D8%AF%D9%88%D8%AD%D8%A9-%D8%A7%D9%84%D8%AB%D8%A7%D8%A8%D8%AA-%D9%84%D9%84%D8%B9%D8%B1%D8%A7%D9%82,2026-09-30 12:01:07.859228,https://data.commoncrawl.org/crawl-data/CC-NEWS/2026/05/CC-NEWS-20260502210118-07768.warc.gz,2026-05-02T21:01:37Z
1154,14,681,<urn:uuid:f3be051e-70f6-497e-89ea-1ff6cfc72175>,https://www.cbssports.com/fantasy/baseball/news/guardians-jose-ramirez-hits-big-milestone-saturday/,2026-09-30 12:01:07.884709,https://data.commoncrawl.org/crawl-data/CC-NEWS/2026/05/CC-NEWS-20260503011308-07769.warc.gz,2026-05-03T01:13:21Z
1155,5,,<urn:uuid:2f0643a4-005d-41de-a954-13f565d43dd7>,https://www.dvidshub.net/image/9656948/great-texas-airshow-2026,2026-09-30 12:01:07.884709,https://data.commoncrawl.org/crawl-data/CC-NEWS/2026/05/CC-NEWS-20260503011308-07769.warc.gz,2026-05-03T01:13:25Z
1158,413,771,<urn:uuid:64f09e24-eae3-48a2-9501-a102cf43085c>,https://www.indulgexpress.com/trends/2026/May/03/are-you-using-chatgpt-for-palm-reading-heres-why-it-can-put-your-life-into-danger,2026-09-30 12:01:07.890101,https://data.commoncrawl.org/crawl-data/CC-NEWS/2026/05/CC-NEWS-20260503051247-07770.warc.gz,2026-05-03T05:12:52Z
1159,41,774,<urn:uuid:55f5b759-3346-4ab5-8b8b-202ee9cc6806>,https://www.oursportscentral.com/services/releases/wild-spicer-stoppage-time-winner/n-6356627,2026-09-30 12:01:10.001393,https://data.commoncrawl.org/crawl-data/CC-NEWS/2026/05/CC-NEWS-20260503051247-07770.warc.gz,2026-05-03T05:12:54Z
1160,64,772,<urn:uuid:57e65956-45ca-4f8a-925d-0e022138105b>,https://www.nysun.com/article/pirro-say-she-wont-end-federal-reserve-probe-i-am-going-forward,2026-09-30 12:01:10.001393,https://data.commoncrawl.org/crawl-data/CC-NEWS/2026/05/CC-NEWS-20260503051247-07770.warc.gz,2026-05-03T05:12:56Z
1161,1114,777,<urn:uuid:b83905c9-5006-4bf9-8b36-deb3c35c6fd6>,https://www.prajavani.net/elections/election-snippets/dmk-ally-says-vijay-tvk-cannot-win-3955526,2026-09-30 12:01:10.010209,https://data.commoncrawl.org/crawl-data/CC-NEWS/2026/05/CC-NEWS-20260503081943-07771.warc.gz,2026-05-03T08:19:53Z
1162,1113,776,<urn:uuid:7506b7c8-9fd7-4f14-986d-96666365bc8d>,https://www.fiercelovemn.com/p/good-news-42626-5226,2026-09-30 12:01:10.010209,https://data.commoncrawl.org/crawl-data/CC-NEWS/2026/05/CC-NEWS-20260503081943-07771.warc.gz,2026-05-03T08:19:54Z
1163,309,775,<urn:uuid:699a656a-b6b4-4585-bf04-b85732261fc8>,https://www.dnaindia.com/bollywood/report-raja-shivaji-vs-ek-din-box-office-collection-day-2-riteish-deshmukh-film-stays-steady-junaid-khan-sai-pallavi-movie-continues-to-struggle-3208673,2026-09-30 12:01:10.010209,https://data.commoncrawl.org/crawl-data/CC-NEWS/2026/05/CC-NEWS-20260503081943-07771.warc.gz,2026-05-03T08:19:53Z
1169,1118,782,<urn:uuid:6c45f6a8-49e5-48df-bcec-27d3a5c4f6e9>,https://www.lesmobiles.com/actualite/samsung-galaxy-a17-une-remise-immediate-pour-le-nouveau-champion-de-l-entree-de-gamme,2026-09-30 12:01:12.127448,https://data.commoncrawl.org/crawl-data/CC-NEWS/2026/05/CC-NEWS-20260503110126-07772.warc.gz,2026-05-03T11:01:27Z
1172,1121,784,<urn:uuid:80902e06-0d1f-4edc-9dae-93d5f6b5d3d5>,https://www.kalw.org/2026-05-03/a-group-of-intergenerational-mall-walkers-in-portland-makes-exercise-performance-art,2026-09-30 12:01:12.140753,https://data.commoncrawl.org/crawl-data/CC-NEWS/2026/05/CC-NEWS-20260503132943-07773.warc.gz,2026-05-03T13:29:47Z
1175,1126,789,<urn:uuid:669193a7-2314-4991-af70-a61ad3d03d16>,https://www.vanguardngr.com/2026/05/no-one-assaulted-my-decorators-70-year-old-father-in-delta-counter-claim-emerges/,2026-09-30 12:01:12.147472,https://data.commoncrawl.org/crawl-data/CC-NEWS/2026/05/CC-NEWS-20260503160429-07774.warc.gz,2026-05-03T16:04:36Z
1176,418,791,<urn:uuid:2728f8c1-27be-4c41-8cb9-b8432d71ae0b>,https://www.football365.com/news/arsenal-endrick-real-madrid-enquiries-lyon,2026-09-30 12:01:13.672985,https://data.commoncrawl.org/crawl-data/CC-NEWS/2026/05/CC-NEWS-20260503110126-07772.warc.gz,2026-05-03T11:01:28Z
1177,329,790,<urn:uuid:fdacbb16-0de4-46e5-9014-6294020e303a>,https://sundayworld.co.za/big-reads/mazwi-kubheka-kidnapping-case-not-closed-says-panyaza-lesufi/?utm_source=rss&utm_medium=rss&utm_campaign=mazwi-kubheka-kidnapping-case-not-closed-says-panyaza-lesufi,2026-09-30 12:01:13.672985,https://data.commoncrawl.org/crawl-data/CC-NEWS/2026/05/CC-NEWS-20260503110126-07772.warc.gz,2026-05-03T11:01:28Z
1178,379,792,<urn:uuid:c0c7c473-3fb2-4b44-84e3-d0d3f5f9811e>,https://www.slashfilm.com/2161655/meryl-streep-nearly-drowned-90s-thriller-kevin-bacon-the-river-wild/,2026-09-30 12:01:13.67923,https://data.commoncrawl.org/crawl-data/CC-NEWS/2026/05/CC-NEWS-20260503132943-07773.warc.gz,2026-05-03T13:29:47Z
1179,991,,<urn:uuid:c9e4b5ac-debf-4bb1-9d60-3096c3c04560>,https://www.irishtimes.com/sport/2026/05/03/wu-yize-into-crucible-final-as-mark-allen-pays-for-missed-black-in-dramatic-semi-final/,2026-09-30 12:01:13.67923,https://data.commoncrawl.org/crawl-data/CC-NEWS/2026/05/CC-NEWS-20260503132943-07773.warc.gz,2026-05-03T13:29:46Z
1180,76,57,<urn:uuid:b46cdc89-9b77-4b02-bd5a-f75a01536113>,https://english.republika.mk/macedonia/arrests-made-following-the-skopje-synagogue-attack-attackers-were-inspired-by-isis/,2026-09-30 12:01:13.683647,https://data.commoncrawl.org/crawl-data/CC-NEWS/2026/05/CC-NEWS-20260503160429-07774.warc.gz,2026-05-03T16:04:35Z
1181,5,,<urn:uuid:e69b9c54-ecce-4236-91bc-c2701864b418>,https://www.dvidshub.net/image/9657590/great-texas-airshow-2026,2026-09-30 12:01:13.683647,https://data.commoncrawl.org/crawl-data/CC-NEWS/2026/05/CC-NEWS-20260503160429-07774.warc.gz,2026-05-03T16:04:37Z
1194,12,681,<urn:uuid:b1c977d8-fd9f-43f5-9215-c1be359e82a4>,https://www.rotowire.com/baseball/headlines/lawrence-butler-news-taking-seat-against-southpaw-1001141,2026-09-30 12:01:18.31099,https://data.commoncrawl.org/crawl-data/CC-NEWS/2026/05/CC-NEWS-20260503211424-07776.warc.gz,2026-05-03T21:14:27Z
1195,81,,<urn:uuid:3c3e0568-33e4-462a-bb40-d03e106a8df9>,https://unidivers.fr/event/carte-aux-tresor-au-fil-de-leau-docelles-vosges-2026-05-24/,2026-09-30 12:01:18.31099,https://data.commoncrawl.org/crawl-data/CC-NEWS/2026/05/CC-NEWS-20260503211424-07776.warc.gz,2026-05-03T21:14:27Z
1196,3,61,<urn:uuid:1dbe1597-6a05-4d2b-b0f1-f6e9b3b1145c>,https://news.abplive.com/elections/raiganj-election-result-2026-live-updates-constituency-vote-counting-winner-loser-tmc-bjp-congress-west-bengal-assembly-election-1840127,2026-09-30 12:01:18.31099,https://data.commoncrawl.org/crawl-data/CC-NEWS/2026/05/CC-NEWS-20260503211424-07776.warc.gz,2026-05-03T21:14:30Z
1201,78,794,<urn:uuid:512c02e8-864f-48a0-a3f0-ce10b271c5b5>,https://www.gamenguide.com/articles/107948/20260502/fortnite-star-wars-update-2026-new-game-modes-features-content-explained.htm,2026-09-30 12:01:20.89692,https://data.commoncrawl.org/crawl-data/CC-NEWS/2026/05/CC-NEWS-20260503182938-07775.warc.gz,2026-05-03T18:29:50Z
1202,81,,<urn:uuid:983082dd-5f8b-4751-9872-928ccd6a2d40>,https://unidivers.fr/event/soiree-amicale-des-pecheurs-dahlenheim-bas-rhin-2026-08-01/,2026-09-30 12:01:20.89692,https://data.commoncrawl.org/crawl-data/CC-NEWS/2026/05/CC-NEWS-20260503182938-07775.warc.gz,2026-05-03T18:29:50Z
1203,1154,809,<urn:uuid:7e7b6d68-5e38-4be4-b573-095bbc94ec38>,https://panapress.org/2026/05/03/iresh-anchatageri-slams-mysuru-mayor-what-it-means-for-african-cities/,2026-09-30 12:01:20.911957,https://data.commoncrawl.org/crawl-data/CC-NEWS/2026/05/CC-NEWS-20260503234643-07777.warc.gz,2026-05-03T23:46:47Z
1204,91,811,<urn:uuid:0b8686e2-1eee-494d-97c4-4d7b75f0f541>,https://www.wmot.org/2026-05-03/hantavirus-outbreak-kills-3-on-cruise-ship-in-the-atlantic-ocean-who-says,2026-09-30 12:01:20.911957,https://data.commoncrawl.org/crawl-data/CC-NEWS/2026/05/CC-NEWS-20260503234643-07777.warc.gz,2026-05-03T23:46:49Z
1205,90,810,<urn:uuid:0947dda0-d51c-43ab-b388-059fc6a3bece>,https://www.latestly.com/india/news/allahabad-high-court-overturns-life-sentence-of-man-accused-of-kidnap-and-sxual-assault-after-learning-that-victim-was-an-adult-who-entered-into-consensual-relationship-7290193.html,2026-09-30 12:01:20.911957,https://data.commoncrawl.org/crawl-data/CC-NEWS/2026/05/CC-NEWS-20260503234643-07777.warc.gz,2026-05-03T23:46:51Z
1207,92,813,<urn:uuid:3f821883-dcc2-42fc-b5e5-6d86c2a63aa6>,https://www.hindustantimes.com/india-news/palakkad-thrithala-kazhakoottam-ernakulam-election-results-live-kerala-election-seats-live-updates-winners-101777858265891-amp.html,2026-09-30 12:01:20.920438,https://data.commoncrawl.org/crawl-data/CC-NEWS/2026/05/CC-NEWS-20260504021159-07778.warc.gz,2026-05-04T02:12:09Z
1208,92,813,<urn:uuid:25ab38fc-fe86-4043-b0e4-121d34739acf>,https://www.hindustantimes.com/india-news/palakkad-thrithala-kazhakoottam-ernakulam-election-results-live-kerala-election-seats-live-updates-winners-101777858265891.html,2026-09-30 12:01:20.920438,https://data.commoncrawl.org/crawl-data/CC-NEWS/2026/05/CC-NEWS-20260504021159-07778.warc.gz,2026-05-04T02:12:16Z
1209,1157,814,<urn:uuid:da987958-da32-440a-9c56-490bd45eb750>,https://okmagazine.com/p/meghan-markle-spirals-loss-celebrity-pals-she-truly-lost-plot/,2026-09-30 12:01:22.983236,https://data.commoncrawl.org/crawl-data/CC-NEWS/2026/05/CC-NEWS-20260503182938-07775.warc.gz,2026-05-03T18:29:52Z
1210,92,815,<urn:uuid:7e72042f-c1c7-45dc-bfb2-e08f8538f38a>,https://www.hindustantimes.com/india-news/puducherry-election-2026-result-live-ec-puducherry-poll-results-latest-updates-101777854269577-amp.html,2026-09-30 12:01:22.99233,https://data.commoncrawl.org/crawl-data/CC-NEWS/2026/05/CC-NEWS-20260504021159-07778.warc.gz,2026-05-04T02:12:22Z
1215,209,821,<urn:uuid:ca71b0eb-45d3-4051-9f91-80290b59d3b8>,https://www.lakeshorepublicmedia.org/npr-news/2026-05-03/trump-says-the-u-s-will-guide-stranded-ships-from-the-strait-of-hormuz,2026-09-30 12:01:25.933918,https://data.commoncrawl.org/crawl-data/CC-NEWS/2026/05/CC-NEWS-20260504050131-07779.warc.gz,2026-05-04T05:01:33Z
1216,94,69,<urn:uuid:f98b3c3a-9544-44e6-b2fe-ab5dae5c637b>,https://le10sport.com/football/ligue1/psg/psgarsenal-en-finale-de-la-ligue-des-champions-robert-pires-a-deja-choisi-son-camp-782184,2026-09-30 12:01:25.933918,https://data.commoncrawl.org/crawl-data/CC-NEWS/2026/05/CC-NEWS-20260504050131-07779.warc.gz,2026-05-04T05:01:37Z
1218,425,824,<urn:uuid:deb485c7-e10e-44a8-b963-e5d662edfa6d>,https://zambianobserver.com/senior-democrat-says-us-in-worse-position-on-iran/,2026-09-30 12:01:25.939786,https://data.commoncrawl.org/crawl-data/CC-NEWS/2026/05/CC-NEWS-20260504073645-07780.warc.gz,2026-05-04T07:36:49Z
1219,516,823,<urn:uuid:d1e09439-9aef-4b0c-9c71-c31d85d8a88c>,https://www.india.com/entertainment/tamil-nadu-election-results-2026-thalapathy-vijays-chennai-home-under-tight-security-as-tvk-achieves-historic-100-seats-watch-video-8401956/,2026-09-30 12:01:25.939786,https://data.commoncrawl.org/crawl-data/CC-NEWS/2026/05/CC-NEWS-20260504073645-07780.warc.gz,2026-05-04T07:36:50Z
1223,92,812,<urn:uuid:327be9e1-a004-4f62-a8f7-d8ba358c8f22>,https://www.hindustantimes.com/cities/lucknow-news/akhilesh-yadav-targets-bjp-over-lpg-price-hike-smart-meters-and-evm-security-101777865036520.html,2026-09-30 12:01:28.212667,https://data.commoncrawl.org/crawl-data/CC-NEWS/2026/05/CC-NEWS-20260504050131-07779.warc.gz,2026-05-04T05:01:42Z
1224,40,27,<urn:uuid:6e5dc36d-e3dd-44c0-b04a-f8bf3f0cd5d4>,https://www.sentinelassam.com/cities/guwahati-city/recurring-urban-flooding-in-guwahati-sparks-questions-over-civic-accountability,2026-09-30 12:01:28.220526,https://data.commoncrawl.org/crawl-data/CC-NEWS/2026/05/CC-NEWS-20260504073645-07780.warc.gz,2026-05-04T07:36:51Z
1225,1175,829,<urn:uuid:4568a8fc-7691-4a3b-9358-ae1c925042e8>,https://www.thebostonpilot.com/article.php?ID=202468,2026-09-30 12:01:28.226078,https://data.commoncrawl.org/crawl-data/CC-NEWS/2026/05/CC-NEWS-20260504091745-07781.warc.gz,2026-05-04T09:17:48Z
1226,578,401,<urn:uuid:528e4002-d233-423e-85f9-e524eef006ce>,https://sarabic.ae/20260504/%D8%A7%D9%84%D8%A7%D8%AA%D8%AD%D8%A7%D8%AF-%D8%A7%D9%84%D8%A3%D9%88%D8%B1%D9%88%D8%A8%D9%8A-%D8%A7%D9%84%D9%82%D9%88%D8%A7%D8%AA-%D8%A7%D9%84%D8%A3%D9%85%D8%B1%D9%8A%D9%83%D9%8A%D8%A9-%D8%AA%D9%88%D8%AC%D8%AF-%D9%81%D9%8A-%D8%A3%D9%88%D8%B1%D9%88%D8%A8%D8%A7-%D9%84%D8%AD%D9%85%D8%A7%D9%8A%D8%A9-%D9%85%D8%B5%D8%A7%D9%84%D8%AD-%D9%88%D8%A7%D8%B4%D9%86%D8%B7%D9%86-%D9%83%D8%B0%D9%84%D9%83-1113092821.html,2026-09-30 12:01:28.226078,https://data.commoncrawl.org/crawl-data/CC-NEWS/2026/05/CC-NEWS-20260504091745-07781.warc.gz,2026-05-04T09:17:47Z
1227,124,830,<urn:uuid:54569e67-0a74-44c5-8659-7a5e41b441de>,https://www.keranews.org/2026-05-04/morning-news-brief,2026-09-30 12:01:28.226078,https://data.commoncrawl.org/crawl-data/CC-NEWS/2026/05/CC-NEWS-20260504091745-07781.warc.gz,2026-05-04T09:17:51Z
1233,577,,<urn:uuid:7ab02676-05ab-491d-9e30-c8ac0c56b9b8>,https://www.azernews.az/sports/257959.html,2026-09-30 12:01:45.416541,https://data.commoncrawl.org/crawl-data/CC-NEWS/2026/05/CC-NEWS-20260504121431-07783.warc.gz,2026-05-04T12:14:32Z
1236,1184,837,<urn:uuid:e671b87e-d4f7-486e-8adc-24439a7265af>,https://pluggedingolf.com/swag-vandal-x-rad-putter-review/,2026-09-30 12:01:45.420021,https://data.commoncrawl.org/crawl-data/CC-NEWS/2026/05/CC-NEWS-20260504133733-07784.warc.gz,2026-05-04T13:37:33Z
1237,103,73,<urn:uuid:87966b38-9117-47eb-adbc-b4fb928e1b99>,https://www.newsgram.com/india/2026/05/04/sringeri-recounting-row-ktaka-cops-file-fir-against-victorious-bjp-candidate-2-others,2026-09-30 12:01:48.494877,https://data.commoncrawl.org/crawl-data/CC-NEWS/2026/05/CC-NEWS-20260504104600-07782.warc.gz,2026-05-04T10:46:03Z
1238,56,841,<urn:uuid:d696fe9b-8182-497c-b55c-a826788c92eb>,https://www.boursorama.com/bourse/actualites/deutsche-bank-releve-sa-cible-sur-lseg-5bf352cd8b2b469086566500ab2776d3,2026-09-30 12:01:48.494877,https://data.commoncrawl.org/crawl-data/CC-NEWS/2026/05/CC-NEWS-20260504104600-07782.warc.gz,2026-05-04T10:46:03Z
1239,28,840,<urn:uuid:bfec9093-2507-47f5-8a0f-a08edfb2b486>,https://timesofindia.indiatimes.com/science/scientists-uncover-2000-year-old-amazon-magic-soil-that-boosts-tree-growth-instantly/articleshow/130777804.cms,2026-09-30 12:01:48.494877,https://data.commoncrawl.org/crawl-data/CC-NEWS/2026/05/CC-NEWS-20260504104600-07782.warc.gz,2026-05-04T10:46:03Z
1240,1,3,<urn:uuid:eecc7f76-241b-4347-9642-9e4852aa289e>,https://menafn.com/1111054226/Ktaka-DKS-Says-Yettinahole-Project-To-Resume-Land-Set-Aside-For-Mekedatu,2026-09-30 12:01:48.503138,https://data.commoncrawl.org/crawl-data/CC-NEWS/2026/05/CC-NEWS-20260504121431-07783.warc.gz,2026-05-04T12:14:33Z
1241,749,842,<urn:uuid:e59b60c2-6de2-489c-8f3e-8cd5c72039eb>,https://www.wshu.org/podcast/david-bouchier-a-few-well-chosen-words/2026-05-04/be-kind-to-animals-week,2026-09-30 12:01:48.503138,https://data.commoncrawl.org/crawl-data/CC-NEWS/2026/05/CC-NEWS-20260504121431-07783.warc.gz,2026-05-04T12:14:34Z
1242,1034,845,<urn:uuid:5acbd0a5-0867-4499-b993-3385e3a28bee>,https://www.ksat.com/sa-live/2026/05/04/as-seen-on-sa-live-monday-may-4-2026/,2026-09-30 12:01:48.518618,https://data.commoncrawl.org/crawl-data/CC-NEWS/2026/05/CC-NEWS-20260504133733-07784.warc.gz,2026-05-04T13:37:35Z
1243,1,3,<urn:uuid:84701f8c-f667-4d75-977a-341186a84fe0>,https://menafn.com/1111063222/KnowBe4-Research-Finds-86-of-Phishing-Attacks-are-AI-Driven,2026-09-30 12:01:48.518618,https://data.commoncrawl.org/crawl-data/CC-NEWS/2026/05/CC-NEWS-20260504133733-07784.warc.gz,2026-05-04T13:37:35Z
1253,63,855,<urn:uuid:70c12556-02c6-439e-b0a9-258b170ee86b>,https://indianexpress.com/article/sports/s8ul-announces-gm-pranesh-m-roster-esports-world-cup-10672597/,2026-09-30 12:01:53.346112,https://data.commoncrawl.org/crawl-data/CC-NEWS/2026/05/CC-NEWS-20260504145739-07785.warc.gz,2026-05-04T14:57:42Z
1254,856,,<urn:uuid:e27e5649-a29a-4901-b922-052433a02b94>,https://www.neworleanssaints.com/news/saints-host-lions-on-sunday-to-kickoff-2009-campaign-1090864,2026-09-30 12:01:53.346112,https://data.commoncrawl.org/crawl-data/CC-NEWS/2026/05/CC-NEWS-20260504145739-07785.warc.gz,2026-05-04T14:57:43Z
1255,864,854,<urn:uuid:d355f531-e66f-4308-80b5-a78def0e83ea>,https://www.wlrn.org/national-politics/2026-05-02/iran-submits-a-14-point-response-to-a-u-s-proposal-to-end-the-war,2026-09-30 12:01:53.346112,https://data.commoncrawl.org/crawl-data/CC-NEWS/2026/05/CC-NEWS-20260504145739-07785.warc.gz,2026-05-04T14:57:43Z
1256,455,,<urn:uuid:9275aaa6-7e39-4bf8-b8a1-4cfa772109c0>,https://www.biospace.com/press-releases/acurx-announces-scientific-poster-presentation-of-its-dna-pol-iiic-inhibitors-microbiome-evaluation-at-escmid-global-2026,2026-09-30 12:01:53.356155,https://data.commoncrawl.org/crawl-data/CC-NEWS/2026/05/CC-NEWS-20260504162432-07786.warc.gz,2026-05-04T16:24:36Z
1257,39,,<urn:uuid:cb123d8c-a44d-4604-9b0c-0311984d5ae4>,https://almanar.com.lb/article/821482/,2026-09-30 12:01:53.356155,https://data.commoncrawl.org/crawl-data/CC-NEWS/2026/05/CC-NEWS-20260504162432-07786.warc.gz,2026-05-04T16:24:37Z
1258,688,856,<urn:uuid:c39d2315-fadd-4869-af83-378337eed8b7>,https://www.vice.com/en/article/pokemon-legends-z-a-when-does-season-10-end/,2026-09-30 12:01:53.356155,https://data.commoncrawl.org/crawl-data/CC-NEWS/2026/05/CC-NEWS-20260504162432-07786.warc.gz,2026-05-04T16:24:38Z
1262,42,852,<urn:uuid:c488b215-5909-46ac-8d4d-04e5c3ab9ae0>,https://www.freepressjournal.in/bhopal/five-elephants-trigger-panic-in-anuppur-one-woman-died-and-three-injured,2026-09-30 12:01:54.941073,https://data.commoncrawl.org/crawl-data/CC-NEWS/2026/05/CC-NEWS-20260504180256-07787.warc.gz,2026-05-04T18:03:02Z
1263,119,860,<urn:uuid:c1ade5a4-526f-406d-9f7b-831e12bef049>,https://gulfnews.com/uae/usiran-conflict-indian-embassy-in-uae-confirms-three-injured-in-fujairah-attacks-1.500528930,2026-09-30 12:01:54.941073,https://data.commoncrawl.org/crawl-data/CC-NEWS/2026/05/CC-NEWS-20260504180256-07787.warc.gz,2026-05-04T18:03:02Z
1264,116,862,<urn:uuid:40620fb7-ed94-4187-ae07-a9a541ec0878>,https://www.kdll.org/npr-news/2026-05-04/heres-how-medication-abortion-works-with-just-one-drug,2026-09-30 12:01:54.941073,https://data.commoncrawl.org/crawl-data/CC-NEWS/2026/05/CC-NEWS-20260504180256-07787.warc.gz,2026-05-04T18:03:02Z
1276,9,871,<urn:uuid:d7943fb8-062c-47f0-b612-2d1ed5040c4c>,https://www.goal.com/ar-sa/%D8%A3%D8%AE%D8%A8%D8%A7%D8%B1/%D8%AC%D8%AF%D9%88%D9%84-%D9%85%D8%A8%D8%A7%D8%B1%D9%8A%D8%A7%D8%AA-%D8%A7%D9%84%D9%8A%D9%88%D9%85-%D8%A7%D9%84%D8%AB%D9%84%D8%A7%D8%AB%D8%A7%D8%A1-5-%D9%85%D8%A7%D9%8A%D9%88-2026-%D9%88%D8%A7%D9%84%D9%82%D9%86%D9%88%D8%A7%D8%AA-%D8%A7%D9%84%D9%86%D8%A7%D9%82%D9%84%D8%A9-%D9%88%D8%A7%D9%84%D9%85%D8%B9%D9%84%D9%82%D9%8A%D9%86/blta03cd53614370d7e,2026-09-30 12:01:56.832986,https://data.commoncrawl.org/crawl-data/CC-NEWS/2026/05/CC-NEWS-20260504221702-07789.warc.gz,2026-05-04T22:17:07Z
1280,202,875,<urn:uuid:e0385741-9f57-41de-bb42-26e0bd974dbd>,https://www.emaratalyoum.com/politics/news/2026-05-04-1.2042419,2026-09-30 12:01:58.76356,https://data.commoncrawl.org/crawl-data/CC-NEWS/2026/05/CC-NEWS-20260504195833-07788.warc.gz,2026-05-04T19:58:39Z
1281,81,,<urn:uuid:a3f87f73-c9ee-4c62-a78e-fe5db7ac2dc3>,https://unidivers.fr/event/conference-du-fond-des-oceans-les-montagnes-sont-plus-grandes-tarnos-landes-2026-06-04/,2026-09-30 12:01:58.76356,https://data.commoncrawl.org/crawl-data/CC-NEWS/2026/05/CC-NEWS-20260504195833-07788.warc.gz,2026-05-04T19:58:40Z
1282,60,41,<urn:uuid:fb1b41a3-8dec-4259-9382-76c3abb83f42>,https://www.aletihad.ae/news/%D8%B9%D8%B1%D8%A8%D9%8A-%D9%88%D8%AF%D9%88%D9%84%D9%8A/4663176/%D9%82%D8%AA%D9%8A%D9%84%D8%A7%D9%86-%D8%AC%D8%B1%D8%A7%D8%A1-%D8%AD%D8%A7%D8%AF%D8%AB%D8%A9-%D8%AF%D9%87%D8%B3-%D8%A8%D8%B3%D9%8A%D8%A7%D8%B1%D8%A9-%D9%81%D9%8A-%D8%A3%D9%84%D9%85%D8%A7%D9%86%D9%8A%D8%A7,2026-09-30 12:01:58.76356,https://data.commoncrawl.org/crawl-data/CC-NEWS/2026/05/CC-NEWS-20260504195833-07788.warc.gz,2026-05-04T19:58:40Z
1283,129,876,<urn:uuid:470a64f6-e725-4ba3-a7bf-5c8211a43498>,https://www.wuwm.com/npr-education/2026-05-04/more-college-applicants-are-opting-to-include-sat-or-act-scores-in-their-submissions,2026-09-30 12:01:58.77225,https://data.commoncrawl.org/crawl-data/CC-NEWS/2026/05/CC-NEWS-20260504221702-07789.warc.gz,2026-05-04T22:17:08Z
1284,127,876,<urn:uuid:567df1e3-5cc6-4fbd-9892-efa71553898f>,https://www.publicradiotulsa.org/2026-05-04/more-college-applicants-are-opting-to-include-sat-or-act-scores-in-their-submissions,2026-09-30 12:01:58.77225,https://data.commoncrawl.org/crawl-data/CC-NEWS/2026/05/CC-NEWS-20260504221702-07789.warc.gz,2026-05-04T22:17:08Z
1285,134,878,<urn:uuid:ec21ee92-b16f-417c-a823-465178f68c76>,https://www.wskg.org/npr-news/2026-05-04/hotels-have-a-big-world-cup-problem-bookings-are-running-far-below-projections,2026-09-30 12:01:58.777935,https://data.commoncrawl.org/crawl-data/CC-NEWS/2026/05/CC-NEWS-20260505011037-07790.warc.gz,2026-05-05T01:10:44Z
1286,81,,<urn:uuid:cc36eb12-d9bf-45f9-8e40-3bd7e016aa20>,https://unidivers.fr/event/concert-julie-zenatti-phalsbourg-moselle-2026-06-12/,2026-09-30 12:01:58.777935,https://data.commoncrawl.org/crawl-data/CC-NEWS/2026/05/CC-NEWS-20260505011037-07790.warc.gz,2026-05-05T01:10:44Z
1287,227,877,<urn:uuid:7e84f5a6-3dc1-4e9b-8c09-876e099be64f>,https://www.channelnewsasia.com/business/openai-co-founder-discloses-nearly-30-billion-stake-financial-ties-altman-6099766,2026-09-30 12:01:58.777935,https://data.commoncrawl.org/crawl-data/CC-NEWS/2026/05/CC-NEWS-20260505011037-07790.warc.gz,2026-05-05T01:10:46Z
1290,204,,<urn:uuid:410cc351-162f-4a0b-857d-d850305cebb5>,https://www.einpresswire.com/article/910407000/little-lorraine-sells-out-in-sydney-plays-across-canada,2026-09-30 12:02:01.227714,https://data.commoncrawl.org/crawl-data/CC-NEWS/2026/05/CC-NEWS-20260505042617-07791.warc.gz,2026-05-05T04:26:21Z
1293,1,3,<urn:uuid:5cf716a7-599d-4723-a47b-36b9e80901a2>,https://menafn.com/1111063548/Army-Officers-Wifes-Organ-Donation-Saves-14-Year-Old-Boys-Life,2026-09-30 12:02:01.235091,https://data.commoncrawl.org/crawl-data/CC-NEWS/2026/05/CC-NEWS-20260505064655-07792.warc.gz,2026-05-05T06:47:04Z
1296,1,3,<urn:uuid:317b3da6-8b84-4a8b-b9d0-67fadf22e4d0>,https://menafn.com/1111061729/Rahul-Gandhi-Slams-BJPs-Anti-Woman-Ideology-Over-Thakor-Remark,2026-09-30 12:02:01.245687,https://data.commoncrawl.org/crawl-data/CC-NEWS/2026/05/CC-NEWS-20260505083605-07793.warc.gz,2026-05-05T08:36:09Z
1297,136,886,<urn:uuid:33202d38-3f8f-4f58-aa68-fc05a699f3c6>,https://www.telegraphindia.com/edugraph/news/iit-roorkee-extends-jee-advanced-2026-registration-deadline-check-new-last-date/cid/2159075,2026-09-30 12:02:03.035292,https://data.commoncrawl.org/crawl-data/CC-NEWS/2026/05/CC-NEWS-20260505042617-07791.warc.gz,2026-05-05T04:26:26Z
1298,135,879,<urn:uuid:90c18b29-4fc3-48e2-b6b6-4d1364061ce6>,https://newsable.asianetnews.com/india/kabaddi-promoter-murder-shooter-aditya-kapoor-arrested-in-agartala-articleshow-o9or9uh,2026-09-30 12:02:03.035292,https://data.commoncrawl.org/crawl-data/CC-NEWS/2026/05/CC-NEWS-20260505042617-07791.warc.gz,2026-05-05T04:26:26Z
1299,1246,821,<urn:uuid:78cc979d-d2f3-44a3-bf9d-8f8e9efb5fb0>,https://www.kclu.org/world/2026-05-04/cruise-ship-waiting-for-help-after-3-people-died-in-a-suspected-hantavirus-outbreak,2026-09-30 12:02:03.053473,https://data.commoncrawl.org/crawl-data/CC-NEWS/2026/05/CC-NEWS-20260505064655-07792.warc.gz,2026-05-05T06:47:05Z
1300,863,583,<urn:uuid:9b02d965-490e-4862-8f0e-3b276b5163c8>,https://sa.headtopics.com/news/15711583161015865830-82937645,2026-09-30 12:02:03.053473,https://data.commoncrawl.org/crawl-data/CC-NEWS/2026/05/CC-NEWS-20260505064655-07792.warc.gz,2026-05-05T06:47:05Z
1301,114,850,<urn:uuid:e9ea0a30-961e-4730-b1ab-ff68e6280eaf>,https://www.eanlibya.com/%D8%B3%D9%88%D8%B1%D9%8A%D8%A7-%D8%A7%D9%84%D9%81%D9%8A%D8%B6%D8%A7%D9%86%D8%A7%D8%AA-%D8%AA%D8%A8%D8%AA%D9%84%D8%B9-%D8%A7%D9%84%D8%A3%D8%AD%D9%8A%D8%A7%D8%A1-%D9%88%D8%A7%D9%86%D9%87%D9%8A%D8%A7/,2026-09-30 12:02:03.059052,https://data.commoncrawl.org/crawl-data/CC-NEWS/2026/05/CC-NEWS-20260505083605-07793.warc.gz,2026-05-05T08:36:11Z
1302,30,704,<urn:uuid:5c4bf0c3-89cc-4191-843c-0729dd2b78c7>,https://www.elbalad.news/6959884,2026-09-30 12:02:03.059052,https://data.commoncrawl.org/crawl-data/CC-NEWS/2026/05/CC-NEWS-20260505083605-07793.warc.gz,2026-05-05T08:36:13Z
1310,204,894,<urn:uuid:17ae6481-730a-4190-a42b-0b5f3d231746>,https://www.einpresswire.com/article/910473197/large-format-displays-market-to-reach-us-29-3-billion-by-2033-growing-at-7-1-cagr,2026-09-30 12:02:05.105285,https://data.commoncrawl.org/crawl-data/CC-NEWS/2026/05/CC-NEWS-20260505125307-07796.warc.gz,2026-05-05T12:53:10Z
1311,242,896,<urn:uuid:bf0601e2-8918-4d69-955e-fea6f7d74bff>,https://www.okaz.com.sa/culture/na/2247184,2026-09-30 12:02:05.105285,https://data.commoncrawl.org/crawl-data/CC-NEWS/2026/05/CC-NEWS-20260505125307-07796.warc.gz,2026-05-05T12:53:11Z
1312,241,,<urn:uuid:4f010409-c426-477e-a747-d141c6c938c4>,https://www.shorouknews.com/news/view.aspx?cdate=05052026&id=9e32fed4-276d-45d1-a80b-1f5985e9e374,2026-09-30 12:02:21.808749,https://data.commoncrawl.org/crawl-data/CC-NEWS/2026/05/CC-NEWS-20260505101053-07794.warc.gz,2026-05-05T10:10:56Z
1313,1121,898,<urn:uuid:fda69e60-c155-4503-87d9-ca6eb062680d>,https://www.kalw.org/2026-05-05/tuesdays-election-in-indiana-puts-trumps-influence-to-the-test,2026-09-30 12:02:21.808749,https://data.commoncrawl.org/crawl-data/CC-NEWS/2026/05/CC-NEWS-20260505101053-07794.warc.gz,2026-05-05T10:10:57Z
1314,74,897,<urn:uuid:3a88f60f-b748-45bc-9a03-83759e5c06f3>,https://www.newsbytesapp.com/news/lifestyle/rock-climbing-in-africa-5-hidden-peaks/story,2026-09-30 12:02:21.808749,https://data.commoncrawl.org/crawl-data/CC-NEWS/2026/05/CC-NEWS-20260505101053-07794.warc.gz,2026-05-05T10:10:57Z
1316,1264,901,<urn:uuid:0c34a975-bc67-436c-bfdc-0e138b190fa4>,https://www.digitalspy.com/soaps/emmerdale/a71215629/emmerdale-spoilers-bear-paddy-dylan-verdicts/,2026-09-30 12:02:21.816109,https://data.commoncrawl.org/crawl-data/CC-NEWS/2026/05/CC-NEWS-20260505113642-07795.warc.gz,2026-05-05T11:36:44Z
1317,96,67,<urn:uuid:d948a820-db04-42d9-be67-e8b91c1e3396>,https://www.business-standard.com/markets/capital-market-news/australian-market-slips-slightly-as-rate-hike-and-global-tensions-weigh-on-sentiment-126050500946_1.html,2026-09-30 12:02:21.816109,https://data.commoncrawl.org/crawl-data/CC-NEWS/2026/05/CC-NEWS-20260505113642-07795.warc.gz,2026-05-05T11:36:45Z
1318,397,677,<urn:uuid:6d622daa-aa14-4653-9639-8336b247b983>,https://exclusivepress.net/archives/158387,2026-09-30 12:02:21.819817,https://data.commoncrawl.org/crawl-data/CC-NEWS/2026/05/CC-NEWS-20260505125307-07796.warc.gz,2026-05-05T12:53:11Z
1319,92,,<urn:uuid:381aca86-5183-4efe-b673-a695e63d160c>,https://www.hindustantimes.com/entertainment/bollywood/hc-closes-dhurandhar-director-aditya-dhar-defamation-suit-as-filmmaker-santosh-kumar-apologises-for-calling-him-thief-101777976750166-amp.html,2026-09-30 12:02:24.362356,https://data.commoncrawl.org/crawl-data/CC-NEWS/2026/05/CC-NEWS-20260505113642-07795.warc.gz,2026-05-05T11:36:45Z
1322,63,46,<urn:uuid:47b3c01d-9760-4e36-811c-a843ef6eb51c>,https://indianexpress.com/article/sports/chess/anvi-hinge-youngest-womens-candidates-master-chess-history-10674417/,2026-09-30 12:02:24.373878,https://data.commoncrawl.org/crawl-data/CC-NEWS/2026/05/CC-NEWS-20260505141736-07797.warc.gz,2026-05-05T14:17:39Z
1325,1270,906,<urn:uuid:3b9dcac3-5737-4702-b145-ae4263a02353>,https://www.entrepreneur.com/buying-a-franchise/federal-standard-lynchpin-of-franchising-congress-make-franchise-act-permanent,2026-09-30 12:02:24.380208,https://data.commoncrawl.org/crawl-data/CC-NEWS/2026/05/CC-NEWS-20260505154440-07798.warc.gz,2026-05-05T15:44:45Z
1326,202,908,<urn:uuid:8fd21c27-6e05-4766-944e-2ced07c1c786>,https://www.emaratalyoum.com/local-section/other/2026-05-05-1.2042757,2026-09-30 12:02:26.216695,https://data.commoncrawl.org/crawl-data/CC-NEWS/2026/05/CC-NEWS-20260505141736-07797.warc.gz,2026-05-05T14:17:40Z
1327,96,67,<urn:uuid:bfb0e015-9eea-4384-a95f-c7bed2d372b7>,https://www.business-standard.com/amp/markets/capital-market-news/board-of-voltamp-transformers-approves-rs-25-cr-investment-in-land-126050500772_1.html,2026-09-30 12:02:26.216695,https://data.commoncrawl.org/crawl-data/CC-NEWS/2026/05/CC-NEWS-20260505141736-07797.warc.gz,2026-05-05T14:17:41Z
1328,44,30,<urn:uuid:d6e2ac8f-bb2b-4deb-b480-f8e7d489beca>,https://www.koimoi.com/box-office/the-odyssey-box-office-the-unreal-box-office-target-it-must-achieve-globally-to-become-tom-hollands-biggest-film/,2026-09-30 12:02:26.221063,https://data.commoncrawl.org/crawl-data/CC-NEWS/2026/05/CC-NEWS-20260505154440-07798.warc.gz,2026-05-05T15:44:46Z
1329,81,,<urn:uuid:0f646593-c307-42f2-b9ca-509cf660e83f>,https://unidivers.fr/event/festival-hors-cadres-atelier-de-doublage-de-voix-pavillon-de-la-roche-doetre-saint-philbert-sur-orne-orne-2026-06-04t1800000200/,2026-09-30 12:02:26.221063,https://data.commoncrawl.org/crawl-data/CC-NEWS/2026/05/CC-NEWS-20260505154440-07798.warc.gz,2026-05-05T15:44:47Z
1333,227,877,<urn:uuid:3990f276-5088-4aac-83cb-cea2831ef070>,https://www.channelnewsasia.com/business/nissan-cut-900-job-cuts-in-europe-part-global-restructuring-6101331?cid=cna_flip_070214,2026-09-30 12:02:28.350097,https://data.commoncrawl.org/crawl-data/CC-NEWS/2026/05/CC-NEWS-20260505170921-07799.warc.gz,2026-05-05T17:09:22Z
1334,81,,<urn:uuid:418aade2-03b5-4465-9ca7-7db3452dde10>,https://unidivers.fr/event/ateliers-therapeutiques-pour-les-personnes-vivant-des-situations-de-racisme-meg-geneve-2026-06-13t1400000200/,2026-09-30 12:02:28.350097,https://data.commoncrawl.org/crawl-data/CC-NEWS/2026/05/CC-NEWS-20260505170921-07799.warc.gz,2026-05-05T17:09:24Z
1335,407,914,<urn:uuid:ddefd4fa-0e3d-4180-ac35-634244a946a2>,https://www.mondaq.com/unitedstates/dodd-frank-consumer-protection-act/1781966/virginia-moves-toward-state-court-class-actions-a-major-shift-with-significant-business-implications,2026-09-30 12:02:28.350097,https://data.commoncrawl.org/crawl-data/CC-NEWS/2026/05/CC-NEWS-20260505170921-07799.warc.gz,2026-05-05T17:09:25Z
1346,131,863,<urn:uuid:e5497625-2b0d-4cad-ad97-745c5dd1c944>,https://www.wvia.org/news/health/2026-05-05/what-to-know-about-a-cruise-ship-hantavirus-outbreak,2026-09-30 12:02:30.458405,https://data.commoncrawl.org/crawl-data/CC-NEWS/2026/05/CC-NEWS-20260505201943-07801.warc.gz,2026-05-05T20:19:51Z
1347,166,,<urn:uuid:9670b79b-a7d6-4cef-8a23-a71f33839c7c>,https://www.indiainfoline.com/company/blue-star-ltd/options/30-06-2026-ce-2120,2026-09-30 12:02:30.458405,https://data.commoncrawl.org/crawl-data/CC-NEWS/2026/05/CC-NEWS-20260505201943-07801.warc.gz,2026-05-05T20:19:51Z
1352,121,924,<urn:uuid:6b5f1b09-2580-4529-850c-da1475625361>,https://www.si.com/college/michigan/football/jon-jansen-talks-bryce-underwood-development-michigan-has-gotten-better-spring-ball,2026-09-30 12:02:32.618918,https://data.commoncrawl.org/crawl-data/CC-NEWS/2026/05/CC-NEWS-20260505184242-07800.warc.gz,2026-05-05T18:42:47Z
1353,227,877,<urn:uuid:59287ad0-1375-49f4-a6aa-254a74a4b524>,https://www.channelnewsasia.com/sport/help-wanted-fox-sports-hiring-world-cup-watcher-50000-6101871?cid=cna_flip_070214,2026-09-30 12:02:32.618918,https://data.commoncrawl.org/crawl-data/CC-NEWS/2026/05/CC-NEWS-20260505184242-07800.warc.gz,2026-05-05T18:42:47Z
1354,108,,<urn:uuid:4f7c6ead-4170-4c60-9373-1e824561cb12>,https://thewest.com.au/business/money/consumers-hang-tough-despite-echoes-of-covid-headwinds-c-22240599,2026-09-30 12:02:32.624925,https://data.commoncrawl.org/crawl-data/CC-NEWS/2026/05/CC-NEWS-20260505201943-07801.warc.gz,2026-05-05T20:19:51Z
1356,56,539,<urn:uuid:756db899-7985-4f7b-b1f6-7f160e1694a6>,https://www.boursorama.com/bourse/actualites/international-flavors-fragrances-en-hausse-grace-a-des-resultats-trimestriels-encourageants-de52d8b07b5093c7bda70b101636f783,2026-09-30 12:02:32.630016,https://data.commoncrawl.org/crawl-data/CC-NEWS/2026/05/CC-NEWS-20260505222322-07802.warc.gz,2026-05-05T22:23:28Z
1357,636,927,<urn:uuid:a7120e97-403c-42fb-9f04-54e54fcc7ea3>,https://www.latimes.com/entertainment-arts/business/story/2026-05-05/amc-theaters-live-concert-experience-local-movie-theaters,2026-09-30 12:02:32.630016,https://data.commoncrawl.org/crawl-data/CC-NEWS/2026/05/CC-NEWS-20260505222322-07802.warc.gz,2026-05-05T22:23:30Z
1358,81,,<urn:uuid:af3c6a80-5472-4ce5-bf70-2cb11dce5b6b>,https://unidivers.fr/event/concours-de-lego-a-vendome-loup-perche-vendome-loir-et-cher-2026-05-30t0000000200/,2026-09-30 12:02:49.474575,https://data.commoncrawl.org/crawl-data/CC-NEWS/2026/05/CC-NEWS-20260505184242-07800.warc.gz,2026-05-05T18:42:48Z
1359,242,928,<urn:uuid:95692b61-ba5d-42c6-a658-06f19d7af66b>,https://www.okaz.com.sa/local/na/2247284,2026-09-30 12:02:49.478393,https://data.commoncrawl.org/crawl-data/CC-NEWS/2026/05/CC-NEWS-20260505222322-07802.warc.gz,2026-05-05T22:23:30Z
1362,1307,929,<urn:uuid:08488411-0493-4409-a051-9af21d2f38ce>,https://businessmotoring.co.uk/audi-rs5-phev-priced-from-89400/,2026-09-30 12:02:49.482022,https://data.commoncrawl.org/crawl-data/CC-NEWS/2026/05/CC-NEWS-20260506005045-07803.warc.gz,2026-05-06T00:50:48Z
1363,1311,931,<urn:uuid:48e27294-14ab-4654-85bc-91bca5e99534>,https://waynetimes.com/obituaries/zimmerman-angelina-peace/,2026-09-30 12:02:56.520181,https://data.commoncrawl.org/crawl-data/CC-NEWS/2026/05/CC-NEWS-20260506005045-07803.warc.gz,2026-05-06T00:50:51Z
1364,1310,932,<urn:uuid:b654f6c0-727e-4def-96ea-d6e93a123ef3>,https://www.iheart.com/content/2026-05-04-supreme-court-stays-ruling-that-blocked-telehealth-access-to-abortion-drug/,2026-09-30 12:02:56.520181,https://data.commoncrawl.org/crawl-data/CC-NEWS/2026/05/CC-NEWS-20260506005045-07803.warc.gz,2026-05-06T00:50:51Z
1366,1313,,<urn:uuid:d7fab416-49d4-4642-bc18-8bd35fad3b04>,https://www.worldipreview.com/leaders-2026/richard-vary,2026-09-30 12:02:56.531729,https://data.commoncrawl.org/crawl-data/CC-NEWS/2026/05/CC-NEWS-20260506032759-07804.warc.gz,2026-05-06T03:28:02Z
1367,60,41,<urn:uuid:d81fd83d-4160-432a-ae01-55cc1d6bf6a6>,https://www.aletihad.ae/news/%D8%A7%D9%84%D8%A5%D9%85%D8%A7%D8%B1%D8%A7%D8%AA/4663492/%D8%AD%D9%85%D9%8A%D8%AF-%D8%A8%D9%86-%D8%B1%D8%A7%D8%B4%D8%AF--%D9%82%D8%B1%D8%A7%D8%B1-%D8%AA%D9%88%D8%AD%D9%8A%D8%AF-%D8%A7%D9%84%D9%82%D9%88%D8%A7%D8%AA-%D8%A7%D9%84%D9%85%D8%B3%D9%84%D8%AD%D8%A9-%D8%AC%D8%A7%D8%A1-%D8%AA%D8%B9%D8%A8%D9%8A%D8%B1%D8%A7-%D8%B9%D9%86-%D9%88%D8%B9%D9%8A-%D8%A8%D8%AD,2026-09-30 12:02:56.531729,https://data.commoncrawl.org/crawl-data/CC-NEWS/2026/05/CC-NEWS-20260506032759-07804.warc.gz,2026-05-06T03:28:08Z
1371,1313,,<urn:uuid:bda4daa4-c225-4888-af8c-d268952b40f1>,https://www.worldipreview.com/leaders-2026/richard-wylie,2026-09-30 12:02:58.383426,https://data.commoncrawl.org/crawl-data/CC-NEWS/2026/05/CC-NEWS-20260506032759-07804.warc.gz,2026-05-06T03:28:11Z
1373,1,3,<urn:uuid:d54ad797-85df-47dc-8e1b-d80036bd0f45>,https://menafn.com/1111067108/A-NEW-STANDARD-FOR-STAYS-NOA-NASHVILLE-REDEFINES-SHORT-TERM-RENTALS-WITH-A-WELLNESS-DRIVEN-URBAN-RESORT,2026-09-30 12:02:58.394461,https://data.commoncrawl.org/crawl-data/CC-NEWS/2026/05/CC-NEWS-20260506054610-07805.warc.gz,2026-05-06T05:46:14Z
1374,177,119,<urn:uuid:cf15181a-e3f1-4ea6-bc55-0c3d66187b42>,https://www.i24news.tv/en/news/international/americas/artc-iranian-proxies-attacked-us-targets-in-iraq-over-600-times-during-ongoing-conflict-report,2026-09-30 12:02:58.394461,https://data.commoncrawl.org/crawl-data/CC-NEWS/2026/05/CC-NEWS-20260506054610-07805.warc.gz,2026-05-06T05:46:16Z
1376,30,704,<urn:uuid:3afbaec7-8e69-44e7-92cf-4d23f5393c05>,https://www.elbalad.news/6961130,2026-09-30 12:02:58.400565,https://data.commoncrawl.org/crawl-data/CC-NEWS/2026/05/CC-NEWS-20260506074727-07806.warc.gz,2026-05-06T07:47:32Z
1377,241,,<urn:uuid:ed8a1221-5678-4a5c-882a-676e591e9ed4>,https://www.shorouknews.com/news/view.aspx?cdate=06052026&id=30b23371-f2db-44f7-a947-621783c967ce,2026-09-30 12:02:58.400565,https://data.commoncrawl.org/crawl-data/CC-NEWS/2026/05/CC-NEWS-20260506074727-07806.warc.gz,2026-05-06T07:47:32Z
1378,58,43,<urn:uuid:e7fcd826-9374-43a1-83f5-387a41854ad9>,https://www.zeffy.com/en-US/ticketing/concession-stand-sales--41726,2026-09-30 12:03:00.09749,https://data.commoncrawl.org/crawl-data/CC-NEWS/2026/05/CC-NEWS-20260506054610-07805.warc.gz,2026-05-06T05:46:16Z
1379,8,942,<urn:uuid:589ede36-3402-4cfc-896e-f005593d5cd4>,https://www.westernjournal.com/colorado-dems-pass-law-banning-pet-stores-selling-dogs-cats/?utm_source=facebook&utm_medium=jeffersonnewsletter&utm_campaign=lminetwork&utm_content=2026-05-06,2026-09-30 12:03:00.108691,https://data.commoncrawl.org/crawl-data/CC-NEWS/2026/05/CC-NEWS-20260506074727-07806.warc.gz,2026-05-06T07:47:32Z
1382,802,943,<urn:uuid:ad97d7dd-192b-4e50-99c5-5246e36550f6>,https://sana.sy/health/2468432/,2026-09-30 12:03:00.114062,https://data.commoncrawl.org/crawl-data/CC-NEWS/2026/05/CC-NEWS-20260506092708-07807.warc.gz,2026-05-06T09:27:10Z
1383,1329,945,<urn:uuid:bb1fb0a7-f489-47c8-90f4-e28dd6ebbd31>,https://corrieretoscano.it/italia-mondo/immediapress/aid-2026-to-showcase-booming-opportunities-in-silver-economy/,2026-09-30 12:03:02.1138,https://data.commoncrawl.org/crawl-data/CC-NEWS/2026/05/CC-NEWS-20260506092708-07807.warc.gz,2026-05-06T09:27:13Z
1384,234,,<urn:uuid:1bacccc5-5543-4de3-9864-3cbabe40d089>,https://www.zawya.com/en/press-release/companies-news/ford-customer-care-and-integrated-after-sales-experience-in-saudi-arabia-strengthening-trust-and-customer-loyalty-t6727zrv,2026-09-30 12:03:02.1138,https://data.commoncrawl.org/crawl-data/CC-NEWS/2026/05/CC-NEWS-20260506092708-07807.warc.gz,2026-05-06T09:27:13Z
1389,30,704,<urn:uuid:7b2ebae8-dd0c-4451-9a47-855479ac447d>,https://www.elbalad.news/6961474,2026-09-30 12:03:02.128237,https://data.commoncrawl.org/crawl-data/CC-NEWS/2026/05/CC-NEWS-20260506121308-07809.warc.gz,2026-05-06T12:13:10Z
1390,17,949,<urn:uuid:950d4bbf-971d-4f56-9fdf-74fca3cca8a2>,https://www.foxnews.com/sports/wwe-legend-ric-flair-blasts-lakers-luka-doncic-calls-team-trade,2026-09-30 12:03:02.128237,https://data.commoncrawl.org/crawl-data/CC-NEWS/2026/05/CC-NEWS-20260506121308-07809.warc.gz,2026-05-06T12:13:10Z
1392,1339,953,<urn:uuid:6a84aa4a-40df-4c15-9205-7029432f57db>,https://vir.com.vn/adb-launches-70-billion-push-to-connect-asias-power-grids-and-digital-networks-152067.html,2026-09-30 12:03:04.643283,https://data.commoncrawl.org/crawl-data/CC-NEWS/2026/05/CC-NEWS-20260506105410-07808.warc.gz,2026-05-06T10:54:11Z
1393,1338,,<urn:uuid:659a3cdf-70e0-43ec-808c-44175901df08>,https://www.opindia.com/news-updates/delhi-hc-rejects-sameer-wankhedes-petition-against-netflix-series-bads-of-bollywood/,2026-09-30 12:03:04.643283,https://data.commoncrawl.org/crawl-data/CC-NEWS/2026/05/CC-NEWS-20260506105410-07808.warc.gz,2026-05-06T10:54:13Z
1394,56,920,<urn:uuid:5e0c033e-5ad8-410e-b283-48711edffdb8>,https://www.boursorama.com/actualite-economique/actualites/les-neobanques-rendent-la-remuneration-des-depots-plus-agile-blog-de-la-bce-0556fda65a0b29827798c122c24c1c42,2026-09-30 12:03:04.661751,https://data.commoncrawl.org/crawl-data/CC-NEWS/2026/05/CC-NEWS-20260506121308-07809.warc.gz,2026-05-06T12:13:11Z
1397,17,956,<urn:uuid:6bd0a12d-be1e-47b0-ba0d-a93d3af712f6>,https://www.foxnews.com/sports/red-sox-broadcast-fumes-framber-valdez-acting-like-child-bench-clearing-move-joke,2026-09-30 12:03:04.666984,https://data.commoncrawl.org/crawl-data/CC-NEWS/2026/05/CC-NEWS-20260506132724-07810.warc.gz,2026-05-06T13:27:29Z
1398,312,,<urn:uuid:d3503e68-f7ad-48a8-b92f-e68b7da0f343>,https://www.straitstimes.com/world/middle-east/us-and-iran-closing-in-on-one-page-memo-to-end-war-axios-reports,2026-09-30 12:03:06.315664,https://data.commoncrawl.org/crawl-data/CC-NEWS/2026/05/CC-NEWS-20260506105410-07808.warc.gz,2026-05-06T10:54:13Z
1399,397,677,<urn:uuid:a61f2320-7c3d-405e-b16f-d429efcc544f>,https://exclusivepress.net/archives/159825,2026-09-30 12:03:06.323534,https://data.commoncrawl.org/crawl-data/CC-NEWS/2026/05/CC-NEWS-20260506132724-07810.warc.gz,2026-05-06T13:27:29Z
1400,166,,<urn:uuid:fafa3d57-2d19-4d17-90c4-dd411322e59f>,https://www.indiainfoline.com/company/360-one-wam-ltd/options/26-05-2026-pe-1140,2026-09-30 12:03:06.323534,https://data.commoncrawl.org/crawl-data/CC-NEWS/2026/05/CC-NEWS-20260506132724-07810.warc.gz,2026-05-06T13:27:29Z
1404,555,,<urn:uuid:2511437c-4ecd-46ac-ac4f-f8652b035e57>,https://kz.kinoafisha.info/en/kostanay/movies/8385368/2026-05-07/,2026-09-30 12:03:08.998928,https://data.commoncrawl.org/crawl-data/CC-NEWS/2026/05/CC-NEWS-20260506144106-07811.warc.gz,2026-05-06T14:41:08Z
1405,204,962,<urn:uuid:fca9c340-f722-46c9-aebf-dd6c19feb1bd>,https://www.einpresswire.com/article/909387988/amr-rentals-ski-board-expands-its-breckenridge-lineup-with-black-crow-and-dynastar-skis,2026-09-30 12:03:08.998928,https://data.commoncrawl.org/crawl-data/CC-NEWS/2026/05/CC-NEWS-20260506144106-07811.warc.gz,2026-05-06T14:41:12Z
1406,1352,963,<urn:uuid:a9a806e8-193e-4dfc-ac3c-3623ef69b877>,https://themorninghustle.com/playlist/celebrities-with-autistic-children-autism-asd/,2026-09-30 12:03:08.998928,https://data.commoncrawl.org/crawl-data/CC-NEWS/2026/05/CC-NEWS-20260506144106-07811.warc.gz,2026-05-06T14:41:11Z
1412,1356,,<urn:uuid:2f19d689-2037-417b-9c37-2113a92ce908>,https://express-press-release.net/news/2026/05/06/1751522,2026-09-30 12:03:09.014054,https://data.commoncrawl.org/crawl-data/CC-NEWS/2026/05/CC-NEWS-20260506171634-07813.warc.gz,2026-05-06T17:16:40Z
1413,1359,967,<urn:uuid:456f17b4-b27b-48bf-a345-e5f43232e0d2>,https://www.iomtoday.co.im/news/courts/student-accused-of-child-sex-offences-allowed-to-leave-the-isle-of-man-904462,2026-09-30 12:03:10.955907,https://data.commoncrawl.org/crawl-data/CC-NEWS/2026/05/CC-NEWS-20260506155550-07812.warc.gz,2026-05-06T15:55:53Z
1414,391,,<urn:uuid:be6b0016-3d59-4cb5-b3eb-69e16d38de65>,https://www.ktvh.com/videos/news/national/iran-war/trump-issues-bombing-starts-ultimatum-in-strait-of-hormuz-dispute,2026-09-30 12:03:10.955907,https://data.commoncrawl.org/crawl-data/CC-NEWS/2026/05/CC-NEWS-20260506155550-07812.warc.gz,2026-05-06T15:55:53Z
1415,517,968,<urn:uuid:38cf6432-33fd-42aa-972e-d75341e60cf3>,https://www.wwno.org/npr-news/2026-05-06/new-orleans-needs-to-prepare-to-relocate-residents-new-climate-study-says,2026-09-30 12:03:10.955907,https://data.commoncrawl.org/crawl-data/CC-NEWS/2026/05/CC-NEWS-20260506155550-07812.warc.gz,2026-05-06T15:55:53Z
1416,1363,969,<urn:uuid:4ab894d1-a518-4571-9735-a715ac91560a>,https://www.pehub.com/godspeed-backed-nextpoint-picks-up-uscontracting/,2026-09-30 12:03:10.960671,https://data.commoncrawl.org/crawl-data/CC-NEWS/2026/05/CC-NEWS-20260506171634-07813.warc.gz,2026-05-06T17:16:43Z
1417,195,,<urn:uuid:db82ccfb-5de3-4c1f-ba0d-f6a09fa60167>,https://fr.allafrica.com/stories/202605060693.html,2026-09-30 12:03:10.960671,https://data.commoncrawl.org/crawl-data/CC-NEWS/2026/05/CC-NEWS-20260506171634-07813.warc.gz,2026-05-06T17:16:43Z
1422,519,354,<urn:uuid:6b31351d-3d15-469a-8259-b5ec0617fbad>,https://www.cbc.bb/news/entertainment-news/blake-lively-and-justin-baldonis-wayfarer-reach-settlement/,2026-09-30 12:03:12.978259,https://data.commoncrawl.org/crawl-data/CC-NEWS/2026/05/CC-NEWS-20260506185337-07814.warc.gz,2026-05-06T18:53:40Z
1423,199,973,<urn:uuid:ecbf7340-d930-4b78-b03e-82814ab18a85>,https://www.elitedaily.com/entertainment/the-bear-season-5-kill-richie-death-prequel-episode-hint,2026-09-30 12:03:12.978259,https://data.commoncrawl.org/crawl-data/CC-NEWS/2026/05/CC-NEWS-20260506185337-07814.warc.gz,2026-05-06T18:53:44Z
1426,14,975,<urn:uuid:1533d917-42a4-4548-8216-c42487afb2d6>,https://www.cbssports.com/betting/news/nebraska-online-sports-betting-referendum-on-pace-for-ballot/,2026-09-30 12:03:12.984767,https://data.commoncrawl.org/crawl-data/CC-NEWS/2026/05/CC-NEWS-20260506202424-07815.warc.gz,2026-05-06T20:24:30Z
1430,197,970,<urn:uuid:7ede2ff9-b9e4-4250-8602-0fe5a0aed17c>,https://www.fox13news.com/news/deputies-attempting-identify-driver-after-firey-crash-killed-1-pcso,2026-09-30 12:03:14.736686,https://data.commoncrawl.org/crawl-data/CC-NEWS/2026/05/CC-NEWS-20260506185337-07814.warc.gz,2026-05-06T18:53:44Z
1431,1377,,<urn:uuid:5fe24cd8-22e9-4519-8648-75fa8da0a5ed>,https://vakanser.se/jobb/technical+process+specialist+6/,2026-09-30 12:03:14.741206,https://data.commoncrawl.org/crawl-data/CC-NEWS/2026/05/CC-NEWS-20260506202424-07815.warc.gz,2026-05-06T20:24:31Z
1432,200,,<urn:uuid:24bfb545-c3bb-4656-a61d-e7992ad6f836>,https://clickup.com/templates/invoice/for-wholesale,2026-09-30 12:03:14.741206,https://data.commoncrawl.org/crawl-data/CC-NEWS/2026/05/CC-NEWS-20260506202424-07815.warc.gz,2026-05-06T20:24:30Z
1437,1382,983,<urn:uuid:1bc678a1-8297-4767-b561-4334cc30bc18>,https://hollywoodlife.com/feature/ted-turner-wife-ex-jane-fonda-5536959/,2026-09-30 12:03:19.752091,https://data.commoncrawl.org/crawl-data/CC-NEWS/2026/05/CC-NEWS-20260506223353-07816.warc.gz,2026-05-06T22:33:56Z
1438,349,982,<urn:uuid:6a5c5f24-93c2-404e-b67d-1a5c93b1fe32>,https://www.wsls.com/sports/2026/05/06/an-outrageous-owner-and-savvy-businessman-ted-turner-reshaped-the-sports-world/,2026-09-30 12:03:19.752091,https://data.commoncrawl.org/crawl-data/CC-NEWS/2026/05/CC-NEWS-20260506223353-07816.warc.gz,2026-05-06T22:33:58Z
1441,15,912,<urn:uuid:dffab1d0-dd1d-4770-9b79-c9c34b19c28e>,https://www.nasdaq.com/articles/ibotta-ibta-reports-q1-loss-tops-revenue-estimates,2026-09-30 12:03:19.761033,https://data.commoncrawl.org/crawl-data/CC-NEWS/2026/05/CC-NEWS-20260507014042-07817.warc.gz,2026-05-07T01:41:26Z
1443,15,912,<urn:uuid:d1580ce6-ea5c-4db5-a376-e7a0084390df>,https://www.nasdaq.com/articles/tronox-trox-q1-earnings-taking-look-key-metrics-versus-estimates,2026-09-30 12:03:19.765334,https://data.commoncrawl.org/crawl-data/CC-NEWS/2026/05/CC-NEWS-20260507043155-07818.warc.gz,2026-05-07T04:32:15Z
1444,67,,<urn:uuid:00b49146-8a09-4509-93b5-f8715228ab85>,https://www.thoughtworks.com/en-sg/about-us/news/2026/iress-platform-ai-growth-wealth-management,2026-09-30 12:03:19.765334,https://data.commoncrawl.org/crawl-data/CC-NEWS/2026/05/CC-NEWS-20260507043155-07818.warc.gz,2026-05-07T04:32:21Z
1445,612,,<urn:uuid:b2994928-0103-43e3-b0ce-c8c1e1b616f5>,https://www.perthnow.com.au/lifestyle/motoring/hyundai-ioniq-v-a-possibility-for-australia-c-22246980,2026-09-30 12:03:21.524359,https://data.commoncrawl.org/crawl-data/CC-NEWS/2026/05/CC-NEWS-20260506223353-07816.warc.gz,2026-05-06T22:33:58Z
1446,1390,990,<urn:uuid:a42a20e0-37fe-4666-b08b-4c35e4d5fa51>,https://www.fox26houston.com/news/disgruntled-employee-who-allegedly-pointed-gun-security-guard-heb-now-behind-bars,2026-09-30 12:03:21.52959,https://data.commoncrawl.org/crawl-data/CC-NEWS/2026/05/CC-NEWS-20260507014042-07817.warc.gz,2026-05-07T01:41:30Z
1447,98,,<urn:uuid:1a7f8d2d-acc9-4bc9-b250-3593c1a79e15>,https://www.wionews.com/world/us-judge-releases-alleged-jeffrey-epstein-suicide-note-1778114143058,2026-09-30 12:03:21.52959,https://data.commoncrawl.org/crawl-data/CC-NEWS/2026/05/CC-NEWS-20260507014042-07817.warc.gz,2026-05-07T01:41:30Z
1448,742,991,<urn:uuid:2b73f12f-bdb0-4cfc-8dfe-95666eba517c>,https://www.katc.com/sports/ul-sports/louisiana-blanks-troy-to-advance-in-sun-belt-softball-championship,2026-09-30 12:03:21.534883,https://data.commoncrawl.org/crawl-data/CC-NEWS/2026/05/CC-NEWS-20260507043155-07818.warc.gz,2026-05-07T04:32:24Z
1454,1397,996,<urn:uuid:d63a32f0-1f1f-4e6f-abf5-5f67d8e5065e>,https://www.elleadore.com/lifestyle/ce-geste-simple-sur-mes-prises-electriques-a-stoppe-net-les-fourmis-et-evite-un-risque-que-tout-le-monde-neglige-105219,2026-09-30 12:03:23.547228,https://data.commoncrawl.org/crawl-data/CC-NEWS/2026/05/CC-NEWS-20260507082427-07820.warc.gz,2026-05-07T08:24:31Z
1455,1401,999,<urn:uuid:c576c2f1-4271-46a4-a5af-1eca2fbfd8b7>,https://www.wvpe.org/2026-05-07/the-fda-has-approved-the-sale-of-fruit-flavored-vapes-whats-behind-the-shift,2026-09-30 12:03:23.55633,https://data.commoncrawl.org/crawl-data/CC-NEWS/2026/05/CC-NEWS-20260507095950-07821.warc.gz,2026-05-07T09:59:53Z
1456,1246,997,<urn:uuid:a19aaf8c-9bbb-4fa9-94dd-f2cfce162b5a>,https://www.kclu.org/politics/2026-05-07/in-new-poll-americans-voice-broad-bipartisan-support-for-age-caps-in-congress,2026-09-30 12:03:23.55633,https://data.commoncrawl.org/crawl-data/CC-NEWS/2026/05/CC-NEWS-20260507095950-07821.warc.gz,2026-05-07T09:59:53Z
1457,1400,998,<urn:uuid:f9335bab-91b0-42a5-a4b0-fbfdc597330d>,https://www.wusf.org/2026-05-07/a-giant-tsunami-in-alaska-last-year-was-a-near-miss-in-a-tourist-location-study-says,2026-09-30 12:03:23.55633,https://data.commoncrawl.org/crawl-data/CC-NEWS/2026/05/CC-NEWS-20260507095950-07821.warc.gz,2026-05-07T09:59:56Z
1461,1338,1003,<urn:uuid:dac2eac7-7f2c-45f6-a44d-022b0e140a65>,https://www.opindia.com/2026/05/akram-alam-beg-bareilly-gym-hindu-doctor-drug-rape-blackmail-arrested/,2026-09-30 12:03:25.236519,https://data.commoncrawl.org/crawl-data/CC-NEWS/2026/05/CC-NEWS-20260507082427-07820.warc.gz,2026-05-07T08:24:31Z
1462,1405,,<urn:uuid:b980c767-ab99-487f-bf58-608fdf6f7679>,https://www.iranintl.com/ar/202605078166,2026-09-30 12:03:25.236519,https://data.commoncrawl.org/crawl-data/CC-NEWS/2026/05/CC-NEWS-20260507082427-07820.warc.gz,2026-05-07T08:24:31Z
1466,51,181,<urn:uuid:92b62bc1-9ffd-49af-89bc-9115f8738c91>,https://www.newindianexpress.com/states/odisha/2026/May/07/odisha-hc-directs-action-over-permission-to-set-up-petrol-pump-under-high-tension-line,2026-09-30 12:03:27.999657,https://data.commoncrawl.org/crawl-data/CC-NEWS/2026/05/CC-NEWS-20260507064817-07819.warc.gz,2026-05-07T06:48:21Z
1467,1,3,<urn:uuid:cdf35d37-85b0-4e2f-93cc-4888794f8446>,https://menafn.com/1111068292/Quasaredge-Acquisition-Corp-Announces-The-Separate-Trading-Of-Its-Ordinary-Shares-And-Rights,2026-09-30 12:03:27.999657,https://data.commoncrawl.org/crawl-data/CC-NEWS/2026/05/CC-NEWS-20260507064817-07819.warc.gz,2026-05-07T06:48:21Z
1468,555,,<urn:uuid:08fe0c8c-3ce9-46d5-9605-43d3bb548616>,https://kz.kinoafisha.info/en/satpaev/movies/8386006/2026-05-12/,2026-09-30 12:03:27.999657,https://data.commoncrawl.org/crawl-data/CC-NEWS/2026/05/CC-NEWS-20260507064817-07819.warc.gz,2026-05-07T06:48:22Z
1469,195,,<urn:uuid:0530b908-51c4-4ce4-86e8-68938df7a9ae>,https://fr.allafrica.com/stories/202605070212.html,2026-09-30 12:03:28.007627,https://data.commoncrawl.org/crawl-data/CC-NEWS/2026/05/CC-NEWS-20260507112921-07822.warc.gz,2026-05-07T11:29:23Z
1470,1415,,<urn:uuid:b696d781-334d-4931-802e-eebc8a5995cd>,https://www.palmbeachillustrated.com/see-herbie-hancock-in-palm-beach/,2026-09-30 12:03:28.007627,https://data.commoncrawl.org/crawl-data/CC-NEWS/2026/05/CC-NEWS-20260507112921-07822.warc.gz,2026-05-07T11:29:25Z
1471,1414,,<urn:uuid:55ab2439-f794-4a61-9783-81056739080f>,https://www.nippon.com/en/news/yjj2026050600717/honda-mulls-freezing-ev-plant-project-in-canada.html,2026-09-30 12:03:28.007627,https://data.commoncrawl.org/crawl-data/CC-NEWS/2026/05/CC-NEWS-20260507112921-07822.warc.gz,2026-05-07T11:29:26Z
1475,114,850,<urn:uuid:d3cba166-a755-4429-b571-3c93a9c36a1f>,https://www.eanlibya.com/%D9%85%D9%88%D8%AC%D8%A9-%D8%AD%D8%B1-%D8%AA%D8%B6%D8%B1%D8%A8-%D9%84%D9%8A%D8%A8%D9%8A%D8%A7-%D9%83%D9%85-%D8%AA%D8%A8%D9%84%D8%BA-%D8%AF%D8%B1%D8%AC%D8%A7%D8%AA-%D8%A7%D9%84%D8%AD%D8%B1%D8%A7/,2026-09-30 12:03:29.938131,https://data.commoncrawl.org/crawl-data/CC-NEWS/2026/05/CC-NEWS-20260507125016-07823.warc.gz,2026-05-07T12:50:16Z
1476,81,,<urn:uuid:4d7328c1-5720-4e22-8931-aadb0b2cd075>,https://unidivers.fr/event/festival-place-aux-momes-nevez-finistere-2026-07-22/,2026-09-30 12:03:29.938131,https://data.commoncrawl.org/crawl-data/CC-NEWS/2026/05/CC-NEWS-20260507125016-07823.warc.gz,2026-05-07T12:50:16Z
1477,36,1011,<urn:uuid:60a73d56-e5af-46db-9dbc-c268719feada>,https://www.indiatoday.in/india/story/nagpur-student-arrested-for-alleged-rape-of-stepmother-after-complaint-2908170-2026-05-07,2026-09-30 12:03:29.938131,https://data.commoncrawl.org/crawl-data/CC-NEWS/2026/05/CC-NEWS-20260507125016-07823.warc.gz,2026-05-07T12:50:17Z
1485,3,1019,<urn:uuid:dd032bcd-2eb5-45af-a416-455916686f10>,https://news.abplive.com/sports/cricket/suryakumar-yadav-enters-parenthood-couple-welcomes-first-child-1842105,2026-09-30 12:03:31.822636,https://data.commoncrawl.org/crawl-data/CC-NEWS/2026/05/CC-NEWS-20260507141245-07824.warc.gz,2026-05-07T14:12:46Z
1486,319,,<urn:uuid:c8201732-e477-457d-b3f8-ccd267ec3b88>,https://www.nbc26.com/videos/news/national-politics/rubio-seeks-to-repair-us-vatican-ties-amid-trumps-attacks-on-pope,2026-09-30 12:03:31.822636,https://data.commoncrawl.org/crawl-data/CC-NEWS/2026/05/CC-NEWS-20260507141245-07824.warc.gz,2026-05-07T14:12:49Z
1487,5,,<urn:uuid:5c4569ad-0e07-476c-855e-699110996043>,https://www.dvidshub.net/image/9669316/sailors-use-metal-shoring-damage-control-drill-onboard-uss-lake-erie-cg-70,2026-09-30 12:03:31.833258,https://data.commoncrawl.org/crawl-data/CC-NEWS/2026/05/CC-NEWS-20260507152933-07825.warc.gz,2026-05-07T15:29:36Z
1488,1432,1021,<urn:uuid:d5264f02-57b6-4179-891c-cdae83d36a78>,https://jewishpress.com/word-prompt-shteig-rabbi-moshe-kurtz/,2026-09-30 12:03:31.833258,https://data.commoncrawl.org/crawl-data/CC-NEWS/2026/05/CC-NEWS-20260507152933-07825.warc.gz,2026-05-07T15:29:36Z
1489,1432,1020,<urn:uuid:3cbbb114-2932-4ac9-af0c-3e239529f584>,https://jewishpress.com/word-prompt-shteig/,2026-09-30 12:03:31.833258,https://data.commoncrawl.org/crawl-data/CC-NEWS/2026/05/CC-NEWS-20260507152933-07825.warc.gz,2026-05-07T15:29:38Z
1493,1436,1025,<urn:uuid:2d4155f8-75b7-4968-a8ce-5688db5edff9>,https://7news.com.au/sport/afl/hawthorn-star-tom-barrass-suffers-hamstring-injury-during-first-half-of-clash-against-fremantle-c-22251906,2026-09-30 12:03:34.190683,https://data.commoncrawl.org/crawl-data/CC-NEWS/2026/05/CC-NEWS-20260507141245-07824.warc.gz,2026-05-07T14:12:49Z
1494,1439,1027,<urn:uuid:9d17cb48-71dd-4750-8d81-b784a88fc348>,https://newsone.com/6859552/wnba-2026-season-guide-everything-you-need-to-know/,2026-09-30 12:03:34.197984,https://data.commoncrawl.org/crawl-data/CC-NEWS/2026/05/CC-NEWS-20260507170051-07826.warc.gz,2026-05-07T17:00:54Z
1495,5,,<urn:uuid:4b015dad-36b2-43e0-b1dd-74ec26b0acf9>,https://www.dvidshub.net/image/9669434/sailors-working-aloft-onboard-uss-lake-erie-cg-70,2026-09-30 12:03:34.197984,https://data.commoncrawl.org/crawl-data/CC-NEWS/2026/05/CC-NEWS-20260507170051-07826.warc.gz,2026-05-07T17:00:54Z
1496,51,181,<urn:uuid:0d5f841b-b424-4522-aa2f-c1ed05e28d29>,https://www.newindianexpress.com/business/2026/May/07/rbi-clears-kotak-mahindra-bank-to-pick-up-999-stake-in-federal-bank,2026-09-30 12:03:34.197984,https://data.commoncrawl.org/crawl-data/CC-NEWS/2026/05/CC-NEWS-20260507170051-07826.warc.gz,2026-05-07T17:00:54Z
1499,399,821,<urn:uuid:1e76d5fa-2796-4a9f-824b-514af2249906>,https://wtop.com/world/2026/05/romanias-pro-european-coalition-collapses-after-prime-minister-fails-no-confidence-vote/,2026-09-30 12:03:34.209203,https://data.commoncrawl.org/crawl-data/CC-NEWS/2026/05/CC-NEWS-20260507183632-07827.warc.gz,2026-05-07T18:36:33Z
1500,179,,<urn:uuid:b696b1f1-7f57-4f21-8e70-9d0f23c222be>,https://allafrica.com/stories/202605070703.html,2026-09-30 12:03:35.943194,https://data.commoncrawl.org/crawl-data/CC-NEWS/2026/05/CC-NEWS-20260507183632-07827.warc.gz,2026-05-07T18:36:34Z
1501,1444,1030,<urn:uuid:e5374cc7-0145-4fa7-bff5-8d31710ffeb9>,https://www.businessday.co.za/sport/soccer/2026-05-07-arsenal-need-to-remain-focused-at-west-ham/,2026-09-30 12:03:35.943194,https://data.commoncrawl.org/crawl-data/CC-NEWS/2026/05/CC-NEWS-20260507183632-07827.warc.gz,2026-05-07T18:36:34Z
1508,3,1035,<urn:uuid:f8c58b92-0eb5-46cf-ba50-4ab565263627>,https://news.abplive.com/news/world/us-iran-war-live-iran-warns-long-painful-strikes-after-us-mulls-short-powerful-attack-amid-stalled-peace-talks-1839733,2026-09-30 12:04:40.878599,https://data.commoncrawl.org/crawl-data/CC-NEWS/2026/05/CC-NEWS-20260501024825-07751.warc.gz,2026-05-01T02:48:37Z
1509,4,,<urn:uuid:3697543d-524d-4c00-adbb-0c3e4c1aa882>,https://www.law360.com/pulse/articles/2471753/j-j-says-ill-ruling-backs-beasley-allen-s-dq-from-talc-suits-,2026-09-30 12:04:40.878599,https://data.commoncrawl.org/crawl-data/CC-NEWS/2026/05/CC-NEWS-20260501024825-07751.warc.gz,2026-05-01T02:48:37Z
1510,1451,1036,<urn:uuid:535cdfa3-c975-4022-8ca7-47cb6c68e9a3>,https://burkina24.com/2026/05/01/bceao-solidite-financiere-confirmee-et-dynamique-economique-soutenue-dans-luemoa-en-2025/,2026-09-30 12:04:40.878599,https://data.commoncrawl.org/crawl-data/CC-NEWS/2026/05/CC-NEWS-20260501024825-07751.warc.gz,2026-05-01T02:48:42Z
1511,6,6,<urn:uuid:b342d8ad-17e6-4e30-a65c-295c354d2898>,https://www.koreaherald.com/article/10729835,2026-09-30 12:04:40.890339,https://data.commoncrawl.org/crawl-data/CC-NEWS/2026/05/CC-NEWS-20260501055621-07752.warc.gz,2026-05-01T05:56:28Z
1512,5,,<urn:uuid:65857d4f-f75a-4ca2-a76c-0972300635e5>,https://www.dvidshub.net/video/1004781/pacific-60-april-28-2026,2026-09-30 12:04:40.890339,https://data.commoncrawl.org/crawl-data/CC-NEWS/2026/05/CC-NEWS-20260501055621-07752.warc.gz,2026-05-01T05:56:29Z
1513,7,7,<urn:uuid:ebe1473d-86e5-4232-b074-ff50ca1ead04>,https://censor.net/en/news/4000891/general-staff-reports-109-combat-clashes-at-front,2026-09-30 12:04:40.890339,https://data.commoncrawl.org/crawl-data/CC-NEWS/2026/05/CC-NEWS-20260501055621-07752.warc.gz,2026-05-01T05:56:31Z
1514,995,,<urn:uuid:e9a4dfe2-8e70-45db-9f41-101ff066f71a>,https://www.whio.com/news/massive-explosion/3SARUICIU43R5BQP6Q2PXAW43U/,2026-09-30 12:04:40.894488,https://data.commoncrawl.org/crawl-data/CC-NEWS/2026/05/CC-NEWS-20260501080229-07753.warc.gz,2026-05-01T08:02:41Z
1515,8,1039,<urn:uuid:7cc20f6a-c8ec-43ed-b0c0-79be07d89b25>,https://www.westernjournal.com/texas-tech-university-qb-checks-rehab-gambling-addiction/?utm_source=facebook&utm_medium=patriottimesusa&utm_campaign=lminetwork&utm_content=2026-05-01,2026-09-30 12:04:40.894488,https://data.commoncrawl.org/crawl-data/CC-NEWS/2026/05/CC-NEWS-20260501080229-07753.warc.gz,2026-05-01T08:02:40Z
1516,1457,,<urn:uuid:7730512f-cd5d-4671-a599-b0b4971a25e3>,https://www.fbcnews.com.fj/news/authorities-warn-pubs-out-of-bounds-for-minors/,2026-09-30 12:04:40.894488,https://data.commoncrawl.org/crawl-data/CC-NEWS/2026/05/CC-NEWS-20260501080229-07753.warc.gz,2026-05-01T08:02:42Z
1517,108,,<urn:uuid:625fa73d-b6c5-47b9-a65f-20211ff4c53c>,https://thewest.com.au/lifestyle/motoring/china-suspends-robotaxi-permits-after-mass-outage-c-22220003,2026-09-30 12:08:09.610053,https://data.commoncrawl.org/crawl-data/CC-NEWS/2026/05/CC-NEWS-20260501024825-07751.warc.gz,2026-05-01T02:48:42Z
1518,1,3,<urn:uuid:6ece4791-c6ad-42f7-b133-3cd6be69b878>,https://menafn.com/1111052507/I-PAC-Director-Vinesh-Chandel-Gets-Bail-In-Money-Laundering-Case-What-The-Court-Said,2026-09-30 12:08:09.610053,https://data.commoncrawl.org/crawl-data/CC-NEWS/2026/05/CC-NEWS-20260501024825-07751.warc.gz,2026-05-01T02:48:43Z
1519,4,,<urn:uuid:937dfec2-7ddf-4eeb-8bb3-c51b89d69dfb>,https://www.law360.com/pulse/articles/2471904/expedia-legal-chief-s-comp-dipped-to-8-3m-in-2025,2026-09-30 12:08:09.610053,https://data.commoncrawl.org/crawl-data/CC-NEWS/2026/05/CC-NEWS-20260501024825-07751.warc.gz,2026-05-01T02:48:43Z
1520,991,1041,<urn:uuid:23979025-0188-4960-8aea-8d2d35f15c32>,https://www.irishtimes.com/sport/soccer/2026/05/01/finances-tight-for-every-league-of-ireland-club-not-called-bohemians/,2026-09-30 12:08:09.976968,https://data.commoncrawl.org/crawl-data/CC-NEWS/2026/05/CC-NEWS-20260501055621-07752.warc.gz,2026-05-01T05:56:32Z
1521,5,,<urn:uuid:b48aec63-dfa9-42d3-b1ea-5cf8620ccf98>,https://www.dvidshub.net/video/1004782/pacific-60-may-1-2026,2026-09-30 12:08:09.976968,https://data.commoncrawl.org/crawl-data/CC-NEWS/2026/05/CC-NEWS-20260501055621-07752.warc.gz,2026-05-01T05:56:34Z
1522,237,670,<urn:uuid:76095c24-4500-4a4a-9cb9-bcb76c062118>,https://www.marketbeat.com/instant-alerts/ametek-q1-earnings-call-highlights-2026-05-01/,2026-09-30 12:08:09.976968,https://data.commoncrawl.org/crawl-data/CC-NEWS/2026/05/CC-NEWS-20260501055621-07752.warc.gz,2026-05-01T05:56:34Z
1523,424,1043,<urn:uuid:a2e36b00-e61e-4535-a0d6-5cd291cf70dd>,https://www.gamereactor.eu/james-gunn-confirms-lanterns-will-debut-on-hbo-max-this-august-1713243/,2026-09-30 12:08:10.059528,https://data.commoncrawl.org/crawl-data/CC-NEWS/2026/05/CC-NEWS-20260501080229-07753.warc.gz,2026-05-01T08:02:42Z
1524,10,673,<urn:uuid:2ca7e006-b7e0-452c-b325-58db9c4b39db>,https://www.walfoot.be/news/2026-04-30/officiel--manchester-united-prolonge-le-contrat-de-lun-de-ses-plus-grands-talents,2026-09-30 12:08:10.059528,https://data.commoncrawl.org/crawl-data/CC-NEWS/2026/05/CC-NEWS-20260501080229-07753.warc.gz,2026-05-01T08:02:44Z
1525,9,,<urn:uuid:623119ad-7637-4799-874f-8085789ca2dc>,https://www.goal.com/fr/news/ou-regarder-la-jordanie-lors-de-la-coupe-du-monde-de-football-2026-aujourd-hui-guide-tv-diffusions-en-streaming-gratuites-vpn-esim/bltbdc8cc3606901b87,2026-09-30 12:08:10.059528,https://data.commoncrawl.org/crawl-data/CC-NEWS/2026/05/CC-NEWS-20260501080229-07753.warc.gz,2026-05-01T08:02:47Z
1526,834,1046,<urn:uuid:8a1a0bca-8608-41c7-9fe1-70992f840428>,https://www.btpm.org/2026-05-01/judge-orders-ice-to-return-wayne-county-farmworker-to-new-york,2026-09-30 12:08:17.434533,https://data.commoncrawl.org/crawl-data/CC-NEWS/2026/05/CC-NEWS-20260501100142-07754.warc.gz,2026-05-01T10:01:47Z
1527,1470,1045,<urn:uuid:2493e177-4c80-4f55-8c9c-9d31501d8886>,https://www.la-croix.com/international/kosovo-plus-d-un-an-apres-les-elections-legislatives-le-pays-reste-ingouvernable-20260501,2026-09-30 12:08:17.434533,https://data.commoncrawl.org/crawl-data/CC-NEWS/2026/05/CC-NEWS-20260501100142-07754.warc.gz,2026-05-01T10:01:48Z
1528,11,1047,<urn:uuid:88643e6b-3644-4f21-82b2-468c22165022>,https://www.ypradio.org/2026-05-01/the-u-s-once-had-a-monopoly-on-rare-earths-how-it-lost-to-china,2026-09-30 12:08:17.434533,https://data.commoncrawl.org/crawl-data/CC-NEWS/2026/05/CC-NEWS-20260501100142-07754.warc.gz,2026-05-01T10:01:48Z
1529,15,891,<urn:uuid:417524f6-1e4b-40e8-a6d0-9f9e75f8c17a>,https://www.nasdaq.com/articles/daqo-dq-q1-2026-earnings-call-transcript,2026-09-30 12:08:17.441952,https://data.commoncrawl.org/crawl-data/CC-NEWS/2026/05/CC-NEWS-20260501115900-07755.warc.gz,2026-05-01T11:59:09Z
1530,1005,682,<urn:uuid:f30f6d12-0d67-4d4f-8e8e-551c7ce01c2d>,https://www.shafaq.com/ar/%D9%85%D8%AC%D8%AA%D9%80%D9%85%D8%B9/%D9%81%D9%8A-%D9%8A%D9%88%D9%85%D9%87%D9%85-%D8%A7%D9%84%D8%B9%D8%A7%D9%84%D9%85%D9%8A-%D8%B9%D9%85%D8%A7%D9%84-%D8%A7%D9%84%D8%B9%D8%B1%D8%A7%D9%82-%D8%A8%D9%8A%D9%86-%D9%85%D8%B7%D8%B1%D9%82%D8%A9-%D8%A7%D9%84%D8%A7%D9%86%D8%AA%D9%87%D8%A7%D9%83%D8%A7%D8%AA-%D9%88%D8%B3%D9%86%D8%AF%D8%A7%D9%86-%D8%A7%D9%84%D9%85%D8%B7%D8%A7%D9%84%D8%A8-%D8%A7%D9%84%D9%85-%D8%AC%D9%84%D8%A9,2026-09-30 12:08:17.441952,https://data.commoncrawl.org/crawl-data/CC-NEWS/2026/05/CC-NEWS-20260501115900-07755.warc.gz,2026-05-01T11:59:11Z
1531,1009,686,<urn:uuid:6db7f212-650c-46a1-a8df-2d469abdff63>,https://www.kbc.co.ke/ps-mugambi-hails-antoines-tudor-creek-triumph-as-win-for-nature/,2026-09-30 12:08:17.441952,https://data.commoncrawl.org/crawl-data/CC-NEWS/2026/05/CC-NEWS-20260501115900-07755.warc.gz,2026-05-01T11:59:11Z
1532,1477,1052,<urn:uuid:359fb3f5-f79c-482c-af07-dfeb3afc1c8a>,https://spearswms.com/sponsored-content/the-quiet-reality-many-families-face-when-parents-age/,2026-09-30 12:08:17.447667,https://data.commoncrawl.org/crawl-data/CC-NEWS/2026/05/CC-NEWS-20260501134040-07756.warc.gz,2026-05-01T13:40:45Z
1533,14,1051,<urn:uuid:43d26189-a009-48ea-bde0-096c07709345>,https://www.cbssports.com/nfl/news/nfl-rookie-quarterback-contracts-offseason-draft/,2026-09-30 12:08:17.447667,https://data.commoncrawl.org/crawl-data/CC-NEWS/2026/05/CC-NEWS-20260501134040-07756.warc.gz,2026-05-01T13:40:47Z
1534,555,,<urn:uuid:3f3eedee-3816-4efb-9d30-9535f0aafe27>,https://kz.kinoafisha.info/en/aktau/movies/8369364/2026-05-03/,2026-09-30 12:08:17.447667,https://data.commoncrawl.org/crawl-data/CC-NEWS/2026/05/CC-NEWS-20260501134040-07756.warc.gz,2026-05-01T13:40:46Z
1535,17,949,<urn:uuid:46acfdea-67ca-4430-8b25-35401c91fc1d>,https://www.foxnews.com/sports/wwe-champ-liv-morgan-previews-upcoming-summerslam-upset-missing-last-years-home-state,2026-09-30 12:08:35.293902,https://data.commoncrawl.org/crawl-data/CC-NEWS/2026/05/CC-NEWS-20260501152712-07757.warc.gz,2026-05-01T15:27:20Z
1536,48,32,<urn:uuid:dce349a5-20ee-4210-bd05-058b7b0305b0>,https://www.masrawy.com/sports/sports-others/details/2026/5/1/2981153/%D9%86%D8%AC%D9%85-%D8%A7%D9%84%D8%B2%D9%85%D8%A7%D9%84%D9%83-%D8%A7%D9%84%D8%B3%D8%A7%D8%A8%D9%82-%D8%AB%D9%82%D8%A7%D8%AA%D9%86%D8%A7-%D9%81%D9%8A-%D8%A7%D9%84%D9%81%D9%88%D8%B2-%D8%A8%D8%A7%D9%84%D9%82%D9%85%D8%A9-%D8%A8%D9%84%D8%A7-%D8%AD%D8%AF%D9%88%D8%AF-%D9%88%D8%A7%D9%84%D8%A8%D8%B7%D9%88%D9%84%D8%A9-%D9%87%D8%AF%D9%81%D9%86%D8%A7,2026-09-30 12:08:35.293902,https://data.commoncrawl.org/crawl-data/CC-NEWS/2026/05/CC-NEWS-20260501152712-07757.warc.gz,2026-05-01T15:27:20Z
1537,15,912,<urn:uuid:85d5b00c-cdf4-4d62-b3f7-afc98c92d083>,https://www.nasdaq.com/articles/exploring-analyst-estimates-metlife-met-q1-earnings-beyond-revenue-and-eps,2026-09-30 12:08:35.293902,https://data.commoncrawl.org/crawl-data/CC-NEWS/2026/05/CC-NEWS-20260501152712-07757.warc.gz,2026-05-01T15:27:21Z
1538,18,17,<urn:uuid:0e892294-2bc5-4371-aaba-571a48ebc017>,https://www.benzinga.com/insights/news/26/04/52178702/eli-lilly-q1-2026-earnings-call-transcript,2026-09-30 12:08:35.367271,https://data.commoncrawl.org/crawl-data/CC-NEWS/2026/05/CC-NEWS-20260501171411-07758.warc.gz,2026-05-01T17:14:25Z
1539,170,1057,<urn:uuid:acf389a6-ea70-4af0-a8a4-78a0cf44cfb2>,https://www.cbsnews.com/newyork/video/nj-transit-warns-world-cup-fans-against-taking-unsanctioned-rides-to-matches/,2026-09-30 12:08:35.367271,https://data.commoncrawl.org/crawl-data/CC-NEWS/2026/05/CC-NEWS-20260501171411-07758.warc.gz,2026-05-01T17:14:25Z
1540,141,707,<urn:uuid:a208d07b-420c-4e29-a7f6-1590d5ffb431>,https://www.nhpr.org/2026-04-30/in-real-world-test-an-ai-model-did-better-than-doctors-at-diagnosing-patients,2026-09-30 12:08:35.367271,https://data.commoncrawl.org/crawl-data/CC-NEWS/2026/05/CC-NEWS-20260501171411-07758.warc.gz,2026-05-01T17:14:25Z
1541,841,,<urn:uuid:fe6b875c-6cf5-4bd9-8d36-d256a80d003c>,https://www.nike.com/ca/fr/w/meilleures-ventes-running-lunettes-de-soleil-37v7jz76m50zarlyp,2026-09-30 12:08:35.490105,https://data.commoncrawl.org/crawl-data/CC-NEWS/2026/05/CC-NEWS-20260501191844-07759.warc.gz,2026-05-01T19:18:53Z
1542,26,695,<urn:uuid:dba7c5c7-1291-4656-a4dc-5bb3c2276a60>,https://www.nhl.com/news/topic/short-shifts/cam-york-gets-ot-goal-stick-back-from-philadelphia-flyers-fan,2026-09-30 12:08:35.490105,https://data.commoncrawl.org/crawl-data/CC-NEWS/2026/05/CC-NEWS-20260501191844-07759.warc.gz,2026-05-01T19:18:56Z
1543,24,1060,<urn:uuid:47e1dcd0-b669-47b9-8891-b844c0d148bd>,https://fansided.com/nba/4-atlanta-hawks-who-wont-be-back-after-nba-playoffs-collapse-to-the-knicks,2026-09-30 12:08:35.490105,https://data.commoncrawl.org/crawl-data/CC-NEWS/2026/05/CC-NEWS-20260501191844-07759.warc.gz,2026-05-01T19:18:57Z
1544,1489,,<urn:uuid:bd70532a-83e9-4307-9610-e567771ec33b>,https://wsvn.com/news/local/miami-dade/police-investigation-underway-on-sr-836-near-i-95-i-395-eb-lanes-on-interchange-closed/,2026-09-30 12:08:37.388833,https://data.commoncrawl.org/crawl-data/CC-NEWS/2026/05/CC-NEWS-20260501214122-07760.warc.gz,2026-05-01T21:41:28Z
1545,31,1062,<urn:uuid:f1bdd370-0dca-4630-8551-613c1fd96f3f>,https://www.motor.com/2026/05/technician-apprenticeship-program-dealerships/,2026-09-30 12:08:37.388833,https://data.commoncrawl.org/crawl-data/CC-NEWS/2026/05/CC-NEWS-20260501214122-07760.warc.gz,2026-05-01T21:41:32Z
1546,420,1061,<urn:uuid:cab9a2a2-11b9-486b-a0f1-3ea2ab0f8899>,https://www.prnewswire.com/news-releases/actblue-files-federal-lawsuit-against-texas-attorney-general-ken-paxton-302760479.html,2026-09-30 12:08:37.388833,https://data.commoncrawl.org/crawl-data/CC-NEWS/2026/05/CC-NEWS-20260501214122-07760.warc.gz,2026-05-01T21:41:32Z
1547,1490,1065,<urn:uuid:fd22f0be-e953-45e0-8d2d-99f668e4229d>,https://www.carolinajournal.com/gov-stein-presents-long-leaf-pine-honors-at-executive-mansion/,2026-09-30 12:08:37.420003,https://data.commoncrawl.org/crawl-data/CC-NEWS/2026/05/CC-NEWS-20260502005203-07761.warc.gz,2026-05-02T00:52:08Z
1548,1491,1064,<urn:uuid:543ab286-5140-49cc-9949-f9ac91481d54>,https://www.geosuper.tv/latest/55667-shadab-says-kingsmen-deserved-to-be-in-final-after-uniteds-psl-11-exit,2026-09-30 12:08:37.420003,https://data.commoncrawl.org/crawl-data/CC-NEWS/2026/05/CC-NEWS-20260502005203-07761.warc.gz,2026-05-02T00:52:08Z
1549,1492,1063,<urn:uuid:d50c5be0-4a0a-48fd-8b18-ecd410f8cc6b>,https://www.k991fm.com/news/local/teen-hospitalized-after-accidental-shooting-montgomery-county/2DMLJM6KLFF2BEIS7KEFR5JSKQ/,2026-09-30 12:08:37.420003,https://data.commoncrawl.org/crawl-data/CC-NEWS/2026/05/CC-NEWS-20260502005203-07761.warc.gz,2026-05-02T00:52:09Z
1550,1058,726,<urn:uuid:e2850fcd-bdcd-4cda-a02b-8345ecc1d95a>,https://www.football.fr/real-madrid/didier-deschamps-au-real-madrid-cest-confirme-812807.html,2026-09-30 12:08:37.426967,https://data.commoncrawl.org/crawl-data/CC-NEWS/2026/05/CC-NEWS-20260502045638-07762.warc.gz,2026-05-02T04:56:52Z
1551,41,1066,<urn:uuid:434b665a-e9aa-4091-9d25-229d664f8d54>,https://www.oursportscentral.com/services/releases/burgers-big-sixth-inning-helps-to-even-series/n-6356266,2026-09-30 12:08:37.426967,https://data.commoncrawl.org/crawl-data/CC-NEWS/2026/05/CC-NEWS-20260502045638-07762.warc.gz,2026-05-02T04:56:54Z
1552,42,1,<urn:uuid:be94b34c-cac0-4ef7-9998-ab54ce527d41>,https://www.freepressjournal.in/india/supreme-court-to-hear-tmc-plea-against-eci-decision-on-central-staff-for-vote-counting-after-calcutta-high-court-nod,2026-09-30 12:08:37.426967,https://data.commoncrawl.org/crawl-data/CC-NEWS/2026/05/CC-NEWS-20260502045638-07762.warc.gz,2026-05-02T04:56:56Z
1553,44,1071,<urn:uuid:dcc5f90a-3ebe-4f30-873b-54e431d386b1>,https://www.koimoi.com/box-office/patriot-box-office-day-1-collection-mammoottys-biggest-opening-of-all-time-2nd-biggest-for-mollywood/,2026-09-30 12:08:39.085097,https://data.commoncrawl.org/crawl-data/CC-NEWS/2026/05/CC-NEWS-20260502081253-07763.warc.gz,2026-05-02T08:13:02Z
1554,8,8,<urn:uuid:3abbd1f7-4dc0-4e7f-bd5c-aca28625de5f>,https://www.westernjournal.com/supreme-court-gives-pro-life-pregnancy-center-win-battle-blue-state/?utm_source=facebook&utm_medium=teaparty&utm_campaign=lminetwork&utm_content=2026-05-02,2026-09-30 12:08:39.085097,https://data.commoncrawl.org/crawl-data/CC-NEWS/2026/05/CC-NEWS-20260502081253-07763.warc.gz,2026-05-02T08:13:03Z
1555,14,681,<urn:uuid:3c187dad-4f57-4e28-97af-5fec255aff4d>,https://www.cbssports.com/fantasy/hockey/news/golden-knights-carter-hart-eliminates-mammoth/,2026-09-30 12:08:39.085097,https://data.commoncrawl.org/crawl-data/CC-NEWS/2026/05/CC-NEWS-20260502081253-07763.warc.gz,2026-05-02T08:13:05Z
1556,9,1072,<urn:uuid:338b2edb-1dd4-4d27-8a57-e27a43bad140>,https://www.goal.com/en-us/betting/tips/bayern-munich-vs-heidenheim-predictions-05-02/A%3Ablt108c3db99a57b8e7,2026-09-30 12:08:39.092477,https://data.commoncrawl.org/crawl-data/CC-NEWS/2026/05/CC-NEWS-20260502104352-07764.warc.gz,2026-05-02T10:43:59Z
1557,48,32,<urn:uuid:040a6f5c-74d7-4f03-9dc5-fb9e6f675c62>,https://www.masrawy.com/autos/autos_news/details/2026/5/2/2981114/%D8%A8%D8%AF%D9%8A%D9%84-%D8%A7%D9%84%D8%B2%D9%8A%D8%B1%D9%88-%D8%B3%D9%8A%D8%A7%D8%B1%D8%A7%D8%AA-%D8%A3%D9%88%D8%AA%D9%88%D9%85%D8%A7%D8%AA%D9%8A%D9%83-%D9%85%D8%B3%D8%AA%D8%B9%D9%85%D9%84%D8%A9-%D8%A8%D8%A3%D9%82%D9%84-%D9%85%D9%86-500-%D8%A3%D9%84%D9%81-%D8%AC%D9%86%D9%8A%D9%87-%D9%81%D9%8A-%D9%85%D8%B5%D8%B1,2026-09-30 12:08:39.092477,https://data.commoncrawl.org/crawl-data/CC-NEWS/2026/05/CC-NEWS-20260502104352-07764.warc.gz,2026-05-02T10:43:59Z
1558,1500,1074,<urn:uuid:81c1e17e-56d4-4655-beac-674f56e4333e>,https://magicbaltimore.com/5415796/rev-stephen-green-faith-justice-black-church/,2026-09-30 12:08:39.092477,https://data.commoncrawl.org/crawl-data/CC-NEWS/2026/05/CC-NEWS-20260502104352-07764.warc.gz,2026-05-02T10:43:59Z
1559,256,1076,<urn:uuid:1bc8550e-43b9-4816-8f94-a93ff8266e88>,https://www.republicworld.com/cricket/suresh-raina-drops-massive-update-on-ms-dhoni-s-availability-for-high-voltage-csk-vs-mi-clash-in-ipl-2026-ab-aayega-na-maza,2026-09-30 12:08:39.099502,https://data.commoncrawl.org/crawl-data/CC-NEWS/2026/05/CC-NEWS-20260502130018-07765.warc.gz,2026-05-02T13:00:22Z
1560,1504,1077,<urn:uuid:897d925f-f9bf-464c-ada6-9514f033dea6>,https://www.themahareport.com/p/maha-wins-house-farm-bill-nixes-pesticide,2026-09-30 12:08:39.099502,https://data.commoncrawl.org/crawl-data/CC-NEWS/2026/05/CC-NEWS-20260502130018-07765.warc.gz,2026-05-02T13:00:22Z
1561,1042,1075,<urn:uuid:d196981e-3247-422e-b44d-f6995793069d>,https://www.kenw.org/2026-05-02/a-louisiana-man-exonerated-for-a-crime-was-elected-court-clerk-his-role-was-eliminated,2026-09-30 12:08:39.099502,https://data.commoncrawl.org/crawl-data/CC-NEWS/2026/05/CC-NEWS-20260502130018-07765.warc.gz,2026-05-02T13:00:22Z
1562,8,28,<urn:uuid:42e22cec-34c5-4b71-a084-6144433e52c9>,https://www.westernjournal.com/us-moves-deploy-never-used-dark-eagle-weapons-system-iran/?utm_source=facebook&utm_medium=rightalertspolls&utm_campaign=lminetwork&utm_content=2026-05-02,2026-09-30 12:08:45.404098,https://data.commoncrawl.org/crawl-data/CC-NEWS/2026/05/CC-NEWS-20260502152439-07766.warc.gz,2026-05-02T15:24:50Z
1563,273,186,<urn:uuid:1a5be1bf-38c7-40c2-a190-ccab6c027871>,https://www.albayan.ae/news/middle-east/iran/1242969,2026-09-30 12:08:45.404098,https://data.commoncrawl.org/crawl-data/CC-NEWS/2026/05/CC-NEWS-20260502152439-07766.warc.gz,2026-05-02T15:25:20Z
1564,1506,1079,<urn:uuid:46372d24-8bad-4fdb-b116-a98132f26089>,https://fr.sputniknews.africa/20260502/la-cote-divoire-a-fait-du-gaz-un-pilier-de-sa-production-electrique---le-ministere-des-mines-1085454696.html,2026-09-30 12:08:45.404098,https://data.commoncrawl.org/crawl-data/CC-NEWS/2026/05/CC-NEWS-20260502152439-07766.warc.gz,2026-05-02T15:25:20Z
1565,1509,1083,<urn:uuid:10e675b9-2152-4bfc-b471-5bcec1e3a841>,https://www.iowapublicradio.org/news-from-npr/2026-05-02/banksy-confirms-new-statue-installed-in-central-london-is-his-work,2026-09-30 12:08:45.413876,https://data.commoncrawl.org/crawl-data/CC-NEWS/2026/05/CC-NEWS-20260502175946-07767.warc.gz,2026-05-02T17:59:57Z
1566,1510,1081,<urn:uuid:b556f1a9-2d48-4975-b9a0-2fb8a083d4cd>,https://showsnob.com/netflix-built-film-set-masterful-western-miniseries,2026-09-30 12:08:45.413876,https://data.commoncrawl.org/crawl-data/CC-NEWS/2026/05/CC-NEWS-20260502175946-07767.warc.gz,2026-05-02T17:59:57Z
1567,148,895,<urn:uuid:3b359980-c091-495b-89b1-700b7edf04cf>,https://www.bluewin.ch/en/news/switzerland/fuss-about-lovers-at-the-federal-supreme-court-what-you-need-to-know-3215689.html,2026-09-30 12:08:45.413876,https://data.commoncrawl.org/crawl-data/CC-NEWS/2026/05/CC-NEWS-20260502175946-07767.warc.gz,2026-05-02T17:59:57Z
1568,59,42,<urn:uuid:c622b542-e901-4ffd-aeb8-07f0bee640eb>,https://www.womansera.com/she-is-cute-like-raha-arbaaz-khan-and-sshura-khans-picture-with-a-baby-girl-going-viral-on-social-media/,2026-09-30 12:08:45.425063,https://data.commoncrawl.org/crawl-data/CC-NEWS/2026/05/CC-NEWS-20260502210118-07768.warc.gz,2026-05-02T21:01:40Z
1569,1512,1086,<urn:uuid:cea15c70-d0d0-4d8c-9013-b1a10dbc5ef5>,https://theindependent.sg/is-romance-dead-woman-slammed-after-calling-bf-unromantic-over-just-because-flowers/,2026-09-30 12:08:45.425063,https://data.commoncrawl.org/crawl-data/CC-NEWS/2026/05/CC-NEWS-20260502210118-07768.warc.gz,2026-05-02T21:01:42Z
1570,1511,821,<urn:uuid:8d283065-0baf-48f6-9692-71988006c10d>,https://www.kpcw.org/npr-news/2026-05-02/taiwans-lai-lands-in-eswatini-in-a-trip-delayed-by-lack-of-overflight-clearance,2026-09-30 12:08:45.425063,https://data.commoncrawl.org/crawl-data/CC-NEWS/2026/05/CC-NEWS-20260502210118-07768.warc.gz,2026-05-02T21:01:42Z
1571,14,681,<urn:uuid:0b44c85d-328c-4f90-ac16-a58b09033f23>,https://www.cbssports.com/fantasy/baseball/news/guardians-slade-cecconi-carried-to-first-win-by-offense/,2026-09-30 12:08:48.974089,https://data.commoncrawl.org/crawl-data/CC-NEWS/2026/05/CC-NEWS-20260503011308-07769.warc.gz,2026-05-03T01:13:27Z
1572,5,,<urn:uuid:7e6ec767-5a2e-43d0-acc1-3fe903ab9f63>,https://www.dvidshub.net/image/9656951/great-texas-airshow-2026,2026-09-30 12:08:48.974089,https://data.commoncrawl.org/crawl-data/CC-NEWS/2026/05/CC-NEWS-20260503011308-07769.warc.gz,2026-05-03T01:13:31Z
1573,5,,<urn:uuid:0355302e-2a31-483d-a48d-cf1913a3cd2a>,https://www.dvidshub.net/image/9656952/great-texas-airshow-2026,2026-09-30 12:08:48.974089,https://data.commoncrawl.org/crawl-data/CC-NEWS/2026/05/CC-NEWS-20260503011308-07769.warc.gz,2026-05-03T01:13:32Z
1574,41,1090,<urn:uuid:fa5ab9dd-1afb-4b32-809c-9749ca17c281>,https://www.oursportscentral.com/services/releases/wild-things-play-final-exhibition-game-of-2026-in-front-of-brave-crowd-in-chilly-temps/n-6356692,2026-09-30 12:08:48.982097,https://data.commoncrawl.org/crawl-data/CC-NEWS/2026/05/CC-NEWS-20260503051247-07770.warc.gz,2026-05-03T05:13:00Z
1575,68,1088,<urn:uuid:c193b78c-1f36-4f37-9bb2-4b51d9a20b11>,https://www.premiumtimesng.com/news/top-news/876386-portable-suffers-first-celebrity-boxing-defeat-in-lagos-showdown-against-carter-efe.html,2026-09-30 12:08:48.982097,https://data.commoncrawl.org/crawl-data/CC-NEWS/2026/05/CC-NEWS-20260503051247-07770.warc.gz,2026-05-03T05:13:00Z
1576,64,1089,<urn:uuid:eb417fc0-6efa-4317-a998-933bd578c73b>,https://www.nysun.com/article/president-trumps-grace-under-fire,2026-09-30 12:08:48.982097,https://data.commoncrawl.org/crawl-data/CC-NEWS/2026/05/CC-NEWS-20260503051247-07770.warc.gz,2026-05-03T05:13:02Z
1577,309,1091,<urn:uuid:6bfeade9-6728-420f-b7f5-021ad436c4df>,https://www.dnaindia.com/entertainment/report-namrata-shirodkar-reacts-to-husband-mahesh-babu-being-called-biggest-actor-of-telugu-cinema-during-varanasi-panel-at-mexico-comic-con-2026-3208671,2026-09-30 12:08:48.987436,https://data.commoncrawl.org/crawl-data/CC-NEWS/2026/05/CC-NEWS-20260503081943-07771.warc.gz,2026-05-03T08:20:00Z
1578,309,1093,<urn:uuid:96bfe052-14d4-4a92-afac-17879d4aee08>,https://www.dnaindia.com/india/report-delhi-judge-dies-by-suicide-found-inside-locked-bathroom-at-his-residence-family-alleges-mental-harassment-by-wife-ias-sister-in-law-3208672,2026-09-30 12:08:48.987436,https://data.commoncrawl.org/crawl-data/CC-NEWS/2026/05/CC-NEWS-20260503081943-07771.warc.gz,2026-05-03T08:20:06Z
1579,309,1092,<urn:uuid:2526b735-3c24-4c76-8013-0ac8b0243319>,https://www.dnaindia.com/india/report-west-bengal-assembly-election-results-2026-why-one-seat-out-of-294-won-t-have-results-on-may-4-3208674,2026-09-30 12:08:48.987436,https://data.commoncrawl.org/crawl-data/CC-NEWS/2026/05/CC-NEWS-20260503081943-07771.warc.gz,2026-05-03T08:20:12Z
1580,72,779,<urn:uuid:b7d984e5-a224-43eb-a989-2f0b8036f4b9>,https://www.cpfc.co.uk/news/women/your-ten-player-of-the-match-from-palace-womens-promotion-winning-clash/,2026-09-30 12:08:51.519165,https://data.commoncrawl.org/crawl-data/CC-NEWS/2026/05/CC-NEWS-20260503110126-07772.warc.gz,2026-05-03T11:01:33Z
1581,71,1096,<urn:uuid:2640aa99-e3fa-48b4-9288-c31f5ad4a0b3>,https://twistedsifter.com/2026/05/is-this-breakfast-or-dessert-the-hilarious-way-a-teenager-interpreted-her-dads-craving-for-sweets/,2026-09-30 12:08:51.519165,https://data.commoncrawl.org/crawl-data/CC-NEWS/2026/05/CC-NEWS-20260503110126-07772.warc.gz,2026-05-03T11:01:33Z
1582,69,1094,<urn:uuid:ff8fa05c-ce94-4d54-a280-f469361251b3>,https://www.mariefrance.fr/beaute/fini-les-tiraillements-ce-gel-douche-de-pharmacie-vendu-toutes-les-30-secondes-en-france-redonne-de-lelasticite-a-la-peau-1267517.html,2026-09-30 12:08:51.519165,https://data.commoncrawl.org/crawl-data/CC-NEWS/2026/05/CC-NEWS-20260503110126-07772.warc.gz,2026-05-03T11:01:33Z
1583,74,785,<urn:uuid:5fc988aa-87ec-4f6f-8d54-9f6143ece9db>,https://www.newsbytesapp.com/news/india/telangana-road-rage-man-dragged-on-car-bonnet-for-2km/story,2026-09-30 12:08:51.527165,https://data.commoncrawl.org/crawl-data/CC-NEWS/2026/05/CC-NEWS-20260503132943-07773.warc.gz,2026-05-03T13:29:50Z
1584,75,1099,<urn:uuid:04dd3667-41aa-40ae-b8b7-1416252bc554>,https://www.kucb.org/2026-05-03/in-louisiana-case-the-supreme-court-weakens-a-central-part-of-the-voting-rights-act,2026-09-30 12:08:51.527165,https://data.commoncrawl.org/crawl-data/CC-NEWS/2026/05/CC-NEWS-20260503132943-07773.warc.gz,2026-05-03T13:29:51Z
1585,379,1097,<urn:uuid:4b452d1d-2b84-4522-b966-fdc795531e21>,https://www.slashfilm.com/2162201/charles-bronson-samurai-legend-toshiro-mifune-70s-western-red-sun/,2026-09-30 12:08:51.527165,https://data.commoncrawl.org/crawl-data/CC-NEWS/2026/05/CC-NEWS-20260503132943-07773.warc.gz,2026-05-03T13:29:53Z
1586,77,1,<urn:uuid:98580a6c-5c84-41d6-9a0b-9f24fbf77c6b>,https://ianslive.in/iran-wants-guarantees-of-non-aggression-from-us--20260503191922,2026-09-30 12:08:51.533362,https://data.commoncrawl.org/crawl-data/CC-NEWS/2026/05/CC-NEWS-20260503160429-07774.warc.gz,2026-05-03T16:04:41Z
1587,76,57,<urn:uuid:60a2a71c-43c3-46eb-b4cc-d0db0a4382be>,https://english.republika.mk/macedonia/charges-filed-against-former-strumica-mayor-kostadinov-over-an-illegal-build/,2026-09-30 12:08:51.533362,https://data.commoncrawl.org/crawl-data/CC-NEWS/2026/05/CC-NEWS-20260503160429-07774.warc.gz,2026-05-03T16:04:42Z
1588,5,,<urn:uuid:ff95dff9-3f58-4f06-abb7-2c847b6838e2>,https://www.dvidshub.net/image/9657591/great-texas-airshow-2026,2026-09-30 12:08:51.533362,https://data.commoncrawl.org/crawl-data/CC-NEWS/2026/05/CC-NEWS-20260503160429-07774.warc.gz,2026-05-03T16:04:43Z
1589,1530,,<urn:uuid:9e9cda6e-ecca-458f-8d97-69f4e226cdbb>,https://www.leaders.com.tn/article/38000-assemblee-generale-ordinaire-de-la-bh-bank-du-30-avril-2026-une-resilience-financiere-confirmee-et-un-engagement-durable-malgre-les-defis-economiques-et-la-montee-du-cout-du-risque,2026-09-30 12:08:53.344193,https://data.commoncrawl.org/crawl-data/CC-NEWS/2026/05/CC-NEWS-20260503182938-07775.warc.gz,2026-05-03T18:29:50Z
1590,82,1102,<urn:uuid:be7e3a9a-f332-462e-906a-7a06216921ae>,https://www.boston25news.com/sports/wembanyama-gobert/KKZNAKHH6QZP5DLPD3QKGDXQ5Y/,2026-09-30 12:08:53.344193,https://data.commoncrawl.org/crawl-data/CC-NEWS/2026/05/CC-NEWS-20260503182938-07775.warc.gz,2026-05-03T18:29:54Z
1591,81,,<urn:uuid:3d28ff9b-e4da-4d0f-9742-977aab48a2c0>,https://unidivers.fr/event/soiree-barbecue-dahlenheim-bas-rhin-2026-06-06/,2026-09-30 12:08:53.344193,https://data.commoncrawl.org/crawl-data/CC-NEWS/2026/05/CC-NEWS-20260503182938-07775.warc.gz,2026-05-03T18:29:57Z
1592,30,704,<urn:uuid:628c6e24-60a3-4e05-beef-86dfc212114d>,https://www.elbalad.news/6958234,2026-09-30 12:08:53.350397,https://data.commoncrawl.org/crawl-data/CC-NEWS/2026/05/CC-NEWS-20260503211424-07776.warc.gz,2026-05-03T21:14:31Z
1593,3,61,<urn:uuid:4bfcca98-3da9-4a73-9f5f-c55e1141da21>,https://news.abplive.com/elections/raj-bhavan-election-result-2026-liveupdates-constituency-vote-counting-winner-loser-ainrc-bjp-inc-dmk-puducherry-assembly-election-1840054,2026-09-30 12:08:53.350397,https://data.commoncrawl.org/crawl-data/CC-NEWS/2026/05/CC-NEWS-20260503211424-07776.warc.gz,2026-05-03T21:14:32Z
1594,84,796,<urn:uuid:a66772bf-f782-4f83-97ca-d08131b3521a>,https://www.aljazeera.net/news/2026/5/4/%D8%AF%D8%A8%D9%84%D9%88%D9%85%D8%A7%D8%B3%D9%8A-%D8%A5%D9%8A%D8%B1%D8%A7%D9%86%D9%8A-%D9%84%D8%A7-%D9%86%D9%82%D8%A8%D9%84-%D8%B3%D9%88%D9%89-%D8%B5%D9%81%D9%82%D8%A9,2026-09-30 12:08:53.350397,https://data.commoncrawl.org/crawl-data/CC-NEWS/2026/05/CC-NEWS-20260503211424-07776.warc.gz,2026-05-03T21:14:33Z
1595,159,,<urn:uuid:362e53d0-a6f8-4944-a349-55ca5326c2b6>,https://www.newsghana.com.gh/mahama-wants-law-to-punish-sex-for-jobs-demands/,2026-09-30 12:08:53.354578,https://data.commoncrawl.org/crawl-data/CC-NEWS/2026/05/CC-NEWS-20260503234643-07777.warc.gz,2026-05-03T23:46:42Z
1596,89,805,<urn:uuid:7441d81e-c2ee-45a9-af8f-7d9499ccabbf>,https://www.financialexpress.com/india-news/kalamassery-election-results-2026-live-updates-kerala-ernakulam-kalamassery-election-trends-winner-up-runner-up-candidates/4226418/,2026-09-30 12:08:53.354578,https://data.commoncrawl.org/crawl-data/CC-NEWS/2026/05/CC-NEWS-20260503234643-07777.warc.gz,2026-05-03T23:46:52Z
1597,1154,809,<urn:uuid:f65e22b2-a03e-4e36-9655-90b65226f62d>,https://panapress.org/2026/05/03/madina-okot-secures-wnba-spot-inspiring-african-sports-growth/,2026-09-30 12:08:53.354578,https://data.commoncrawl.org/crawl-data/CC-NEWS/2026/05/CC-NEWS-20260503234643-07777.warc.gz,2026-05-03T23:46:54Z
1598,483,1109,<urn:uuid:96251661-5f41-46e8-a90d-d8a959433b0a>,https://www.lex18.com/sports/the-backbones-of-the-stable,2026-09-30 12:08:55.434366,https://data.commoncrawl.org/crawl-data/CC-NEWS/2026/05/CC-NEWS-20260504021159-07778.warc.gz,2026-05-04T02:12:27Z
1599,1540,1110,<urn:uuid:79366d87-f763-45c5-a5fc-e30d91d85cc5>,https://www.wbaa.org/npr-news/2026-05-02/iran-submits-a-14-point-response-to-a-u-s-proposal-to-end-war,2026-09-30 12:08:55.434366,https://data.commoncrawl.org/crawl-data/CC-NEWS/2026/05/CC-NEWS-20260504021159-07778.warc.gz,2026-05-04T02:12:27Z
1600,16,692,<urn:uuid:b330fb09-1011-4b37-98fd-99cb89fcfce5>,https://www.blick.ch/fr/monde/turquie-lavion-de-pedro-sanchez-force-datterrir-a-ankara-id21919741.html,2026-09-30 12:08:55.434366,https://data.commoncrawl.org/crawl-data/CC-NEWS/2026/05/CC-NEWS-20260504021159-07778.warc.gz,2026-05-04T02:12:27Z
1601,94,69,<urn:uuid:5d705de8-d73c-4a47-9e0e-dd877af87528>,https://le10sport.com/formule1/f1-ca-ne-metait-jamais-arrive-pierre-gasly-sort-du-silence-apres-son-accident-impressionnant-782222,2026-09-30 12:08:55.440434,https://data.commoncrawl.org/crawl-data/CC-NEWS/2026/05/CC-NEWS-20260504050131-07779.warc.gz,2026-05-04T05:01:43Z
1602,93,1112,<urn:uuid:f68ca390-23f8-439a-ba11-b597d1df7c2b>,https://www.timesnownews.com/education/gseb-class-12th-result-2026-declared-at-gseb-org-check-how-to-download-marksheets-article-154239194,2026-09-30 12:08:55.440434,https://data.commoncrawl.org/crawl-data/CC-NEWS/2026/05/CC-NEWS-20260504050131-07779.warc.gz,2026-05-04T05:01:45Z
1603,92,812,<urn:uuid:ad019cbe-6d13-44df-a2f4-17d30cd86fde>,https://www.hindustantimes.com/cities/lucknow-news/six-members-of-family-killed-after-car-collides-with-another-vehicle-in-up-s-jalaun-101777867443057-amp.html,2026-09-30 12:08:55.440434,https://data.commoncrawl.org/crawl-data/CC-NEWS/2026/05/CC-NEWS-20260504050131-07779.warc.gz,2026-05-04T05:01:48Z
1604,1126,1115,<urn:uuid:85cc8dcb-bb1b-427a-9c28-5e3ef5323514>,https://www.vanguardngr.com/2026/05/power-sector-crises-band-regime-collapses-discos-miss-delivery-targets/,2026-09-30 12:08:55.458206,https://data.commoncrawl.org/crawl-data/CC-NEWS/2026/05/CC-NEWS-20260504073645-07780.warc.gz,2026-05-04T07:36:52Z
1605,40,27,<urn:uuid:e83a0ce2-f8f8-479c-aa08-55cda5831965>,https://www.sentinelassam.com/cities/guwahati-city/three-from-bihar-and-uttarakhand-held-with-suspected-opium-in-six-mile-hotel-raid,2026-09-30 12:08:55.458206,https://data.commoncrawl.org/crawl-data/CC-NEWS/2026/05/CC-NEWS-20260504073645-07780.warc.gz,2026-05-04T07:36:52Z
1606,841,,<urn:uuid:a1a1f08a-a24e-42a3-9b13-f8747e0cfa1a>,https://www.nike.com/ie/w/jordan-9-white-shoes-4g797z7hk8wzy7ok,2026-09-30 12:08:55.458206,https://data.commoncrawl.org/crawl-data/CC-NEWS/2026/05/CC-NEWS-20260504073645-07780.warc.gz,2026-05-04T07:36:55Z
1607,1400,1117,<urn:uuid:f76e4f0c-2b91-4e3e-92e4-6a25f59fc6d5>,https://www.wusf.org/2026-05-04/has-the-u-s-imposed-blockade-on-iran-been-effective,2026-09-30 12:08:57.452406,https://data.commoncrawl.org/crawl-data/CC-NEWS/2026/05/CC-NEWS-20260504091745-07781.warc.gz,2026-05-04T09:17:51Z
1608,98,,<urn:uuid:82336e94-91b4-4e93-87db-c6b9a6bf3cc6>,https://www.wionews.com/india-news/ratna-debnath-mother-of-rg-kar-rape-murder-victim-dominates-early-rounds-in-west-bengal-s-panihari-1777881481382,2026-09-30 12:08:57.452406,https://data.commoncrawl.org/crawl-data/CC-NEWS/2026/05/CC-NEWS-20260504091745-07781.warc.gz,2026-05-04T09:17:51Z
1609,99,71,<urn:uuid:9f754254-cf65-4766-a720-0aee2947eeda>,https://auto.hindustantimes.com/auto/maruti-suzuki-jimny-ev-spotted-in-wild-will-it-come-to-india/amp-41777879050789.html,2026-09-30 12:08:57.452406,https://data.commoncrawl.org/crawl-data/CC-NEWS/2026/05/CC-NEWS-20260504091745-07781.warc.gz,2026-05-04T09:17:51Z
1610,1551,1119,<urn:uuid:b874740d-fbc3-4192-9501-5eb2f6417d7a>,https://www.orissapost.com/european-leaders-say-trump-troop-pullout-from-germany-was-surprise/,2026-09-30 12:08:57.45896,https://data.commoncrawl.org/crawl-data/CC-NEWS/2026/05/CC-NEWS-20260504104600-07782.warc.gz,2026-05-04T10:46:02Z
1611,775,1118,<urn:uuid:da457c90-84cb-4e03-8f12-78e9a686298d>,https://www.zonebourse.com/actualite-bourse/titan-finalise-l-acquisition-de-keystone-cement-aux-etats-unis-ce7f58dedd8df026,2026-09-30 12:08:57.45896,https://data.commoncrawl.org/crawl-data/CC-NEWS/2026/05/CC-NEWS-20260504104600-07782.warc.gz,2026-05-04T10:46:05Z
1612,101,1120,<urn:uuid:e8cde92e-d5df-4b85-aaf4-f8a2dff1ab14>,https://www.kanw.org/npr-news/2026-05-04/trump-administration-falls-behind-on-wildfire-prevention-with-risky-fire-season-ahead,2026-09-30 12:08:57.45896,https://data.commoncrawl.org/crawl-data/CC-NEWS/2026/05/CC-NEWS-20260504104600-07782.warc.gz,2026-05-04T10:46:08Z
1613,1,3,<urn:uuid:39eedb89-8b6c-4099-a7ec-52f8da0bd431>,https://menafn.com/1111054232/Faculty-From-UAGC-Present-On-AI-And-Student-Centered-Learning-At-Global-Education-Conference,2026-09-30 12:08:57.4664,https://data.commoncrawl.org/crawl-data/CC-NEWS/2026/05/CC-NEWS-20260504121431-07783.warc.gz,2026-05-04T12:14:34Z
1614,273,186,<urn:uuid:30e35f13-9c0d-4336-ab71-9841795e8be4>,https://www.albayan.ae/sports/international-stadiums/1248304,2026-09-30 12:08:57.4664,https://data.commoncrawl.org/crawl-data/CC-NEWS/2026/05/CC-NEWS-20260504121431-07783.warc.gz,2026-05-04T12:14:35Z
1615,29,,<urn:uuid:71495611-bc45-4673-a957-8ca3ceb98484>,https://www.pulsesports.ng/story/nigerian-stars-shine-as-roma-win-italian-league-title-2026050410103051604,2026-09-30 12:08:57.4664,https://data.commoncrawl.org/crawl-data/CC-NEWS/2026/05/CC-NEWS-20260504121431-07783.warc.gz,2026-05-04T12:14:37Z
1616,1405,,<urn:uuid:e435280a-f28b-4a7f-87e6-97d45419a5e7>,https://www.iranintl.com/ar/202605042721,2026-09-30 12:09:14.345158,https://data.commoncrawl.org/crawl-data/CC-NEWS/2026/05/CC-NEWS-20260504133733-07784.warc.gz,2026-05-04T13:37:36Z
1617,1556,1123,<urn:uuid:577d6f98-261a-46ae-a732-bf48a8620210>,https://www.barchart.com/story/news/1681871/are-wall-street-analysts-bullish-on-altria-stock,2026-09-30 12:09:14.345158,https://data.commoncrawl.org/crawl-data/CC-NEWS/2026/05/CC-NEWS-20260504133733-07784.warc.gz,2026-05-04T13:37:38Z
1618,53,36,<urn:uuid:18c88656-653d-4f24-a2da-095f4b2648cc>,https://www.swissinfo.ch/fre/unil%3A-un-duo-f%C3%A9minin-pour-succ%C3%A9der-au-professeur-coukos/91360966,2026-09-30 12:09:14.345158,https://data.commoncrawl.org/crawl-data/CC-NEWS/2026/05/CC-NEWS-20260504133733-07784.warc.gz,2026-05-04T13:37:37Z
1619,1559,1125,<urn:uuid:4eef132d-5f86-4108-9b55-a4a0bc32a854>,https://www.lamarseillaise.fr/societe/marseille-assemblee-de-l-unicef-a-la-mairie-KB20124349,2026-09-30 12:09:14.357788,https://data.commoncrawl.org/crawl-data/CC-NEWS/2026/05/CC-NEWS-20260504145739-07785.warc.gz,2026-05-04T14:57:43Z
1620,250,1127,<urn:uuid:939aa906-c779-4dbe-9abf-3a9dd3366598>,https://www.wrtv.com/news/local-news/crime/impd-arrests-murder-suspect-in-september-shooting,2026-09-30 12:09:14.357788,https://data.commoncrawl.org/crawl-data/CC-NEWS/2026/05/CC-NEWS-20260504145739-07785.warc.gz,2026-05-04T14:57:45Z
1621,408,1126,<urn:uuid:fee17648-1a9c-424a-9972-80f702285187>,https://www.oedigital.com/news/538732-southeast-asia-sees-new-wave-of-deepwater-gas-projects,2026-09-30 12:09:14.357788,https://data.commoncrawl.org/crawl-data/CC-NEWS/2026/05/CC-NEWS-20260504145739-07785.warc.gz,2026-05-04T14:57:45Z
1622,28,1129,<urn:uuid:bf8a01cf-3ab1-4db6-903d-ced8781c97e6>,https://timesofindia.indiatimes.com/elections/news/ambattur-election-results-2026/articleshow/130576628.cms,2026-09-30 12:09:14.363857,https://data.commoncrawl.org/crawl-data/CC-NEWS/2026/05/CC-NEWS-20260504162432-07786.warc.gz,2026-05-04T16:24:39Z
1623,455,,<urn:uuid:d0ae9fa9-d02a-4440-8ca1-7fc8190909de>,https://www.biospace.com/press-releases/after-successful-fda-meeting-clene-filing-accelerated-approval-nda-for-als,2026-09-30 12:09:14.363857,https://data.commoncrawl.org/crawl-data/CC-NEWS/2026/05/CC-NEWS-20260504162432-07786.warc.gz,2026-05-04T16:24:39Z
1624,688,1128,<urn:uuid:7040a179-1b60-43f7-afda-b0137a9a654d>,https://www.vice.com/en/article/resident-evil-requiem-director-teases-leon-kennedys-return-after-re9/,2026-09-30 12:09:14.363857,https://data.commoncrawl.org/crawl-data/CC-NEWS/2026/05/CC-NEWS-20260504162432-07786.warc.gz,2026-05-04T16:24:39Z
1625,9,1131,<urn:uuid:fd5584b8-a7cc-48e5-9e2e-6cfe63d56581>,https://www.goal.com/en-us/lists/-edin-dzeko-decision-future-schalke-boss-veteran-striker-future-bundesliga-promotion/blt4e5c926d1abe9afb,2026-09-30 12:09:16.285145,https://data.commoncrawl.org/crawl-data/CC-NEWS/2026/05/CC-NEWS-20260504180256-07787.warc.gz,2026-05-04T18:03:02Z
1626,117,1130,<urn:uuid:4fa8019c-e35a-4d77-a561-23e9ddb43f1f>,https://www.1055thedove.com/fp/photos-celebrities-attend-152nd-kentucky-derby/,2026-09-30 12:09:16.285145,https://data.commoncrawl.org/crawl-data/CC-NEWS/2026/05/CC-NEWS-20260504180256-07787.warc.gz,2026-05-04T18:03:02Z
1627,28,680,<urn:uuid:995b93c6-0748-4160-95d7-f2b2dabfe50d>,https://timesofindia.indiatimes.com/entertainment/english/hollywood/news/quote-of-the-day-by-nicole-kidman-life-has-got-all-those-twists-and-turns-youve-got-to-hold-on-tight-and-off-you-go/articleshow/130804164.cms,2026-09-30 12:09:16.285145,https://data.commoncrawl.org/crawl-data/CC-NEWS/2026/05/CC-NEWS-20260504180256-07787.warc.gz,2026-05-04T18:03:03Z
1628,204,1133,<urn:uuid:98c2d099-d7f1-4e93-9d3b-cfcc556bb70d>,https://www.einpresswire.com/article/909690332/allen-media-group-inks-new-long-term-portfolio-carriage-renewal-for-youtube-tv,2026-09-30 12:09:16.292001,https://data.commoncrawl.org/crawl-data/CC-NEWS/2026/05/CC-NEWS-20260504195833-07788.warc.gz,2026-05-04T19:58:42Z
1629,101,863,<urn:uuid:821a4795-e6b5-4509-8e2e-e8d0150eda0b>,https://www.kanw.org/2026-05-04/the-controversy-surrounding-this-years-met-gala,2026-09-30 12:09:16.292001,https://data.commoncrawl.org/crawl-data/CC-NEWS/2026/05/CC-NEWS-20260504195833-07788.warc.gz,2026-05-04T19:58:43Z
1630,124,,<urn:uuid:ee7a41c3-8834-49f0-9c08-a5b709c2d27b>,https://www.keranews.org/tags/halperin-park,2026-09-30 12:09:16.292001,https://data.commoncrawl.org/crawl-data/CC-NEWS/2026/05/CC-NEWS-20260504195833-07788.warc.gz,2026-05-04T19:58:45Z
1631,81,,<urn:uuid:19144c07-0263-4e71-98b5-4c75dfa24797>,https://unidivers.fr/event/fete-de-lenvironnement-vesoul-haute-saone-2026-05-09/,2026-09-30 12:09:16.297818,https://data.commoncrawl.org/crawl-data/CC-NEWS/2026/05/CC-NEWS-20260504221702-07789.warc.gz,2026-05-04T22:17:09Z
1632,131,,<urn:uuid:c378dec9-84a6-4705-82f5-2ecb85480bfc>,https://www.wvia.org/tags/federal-correctional-institution-at-lewisburg,2026-09-30 12:09:16.297818,https://data.commoncrawl.org/crawl-data/CC-NEWS/2026/05/CC-NEWS-20260504221702-07789.warc.gz,2026-05-04T22:17:11Z
1633,1572,354,<urn:uuid:7ff97d99-8c97-4018-8637-fed711a3611e>,https://www.vibration108.ch/randonnees-velo-panoramas-tlml-lance-la-saison-dete/,2026-09-30 12:09:16.297818,https://data.commoncrawl.org/crawl-data/CC-NEWS/2026/05/CC-NEWS-20260504221702-07789.warc.gz,2026-05-04T22:17:12Z
1634,24,1136,<urn:uuid:e501b756-69a0-4d20-9553-66a2f0f980c7>,https://fansided.com/nba/the-thunder-arent-invincible-no-matter-what-the-stats-or-your-eyes-tell-you,2026-09-30 12:09:19.067225,https://data.commoncrawl.org/crawl-data/CC-NEWS/2026/05/CC-NEWS-20260505011037-07790.warc.gz,2026-05-05T01:10:46Z
1635,1575,,<urn:uuid:e1d5a8f1-0641-4fc5-addc-705d38d0cf66>,https://maritime-executive.com/corporate/friede-goldman-achieves-dnv-approval-for-windsetter-146-class-wtivs,2026-09-30 12:09:19.067225,https://data.commoncrawl.org/crawl-data/CC-NEWS/2026/05/CC-NEWS-20260505011037-07790.warc.gz,2026-05-05T01:10:47Z
1636,81,,<urn:uuid:3e37541e-5079-4755-a1f0-44190138d1d1>,https://unidivers.fr/event/concert-magic-system-la-tournee-des-30-ans-amneville-moselle-2027-02-06/,2026-09-30 12:09:19.067225,https://data.commoncrawl.org/crawl-data/CC-NEWS/2026/05/CC-NEWS-20260505011037-07790.warc.gz,2026-05-05T01:10:51Z
1637,136,1138,<urn:uuid:9babc87f-7cfc-40ef-b4b7-6f7ebc5826b5>,https://www.telegraphindia.com/elections/west-bengal-assembly-election-2026/assembly-seats-of-trinamul-congress-drops-from-23-to-14-in-north-bengal-bjp-breaks-previous-record-prnt/cid/2159072,2026-09-30 12:09:19.075558,https://data.commoncrawl.org/crawl-data/CC-NEWS/2026/05/CC-NEWS-20260505042617-07791.warc.gz,2026-05-05T04:26:32Z
1638,135,879,<urn:uuid:2b3a11d3-c360-4689-b540-7d3d8eefeaf5>,https://newsable.asianetnews.com/india/karti-chidambaram-hails-vijays-tvk-for-spectacular-electoral-debut-articleshow-gr6cgq5,2026-09-30 12:09:19.075558,https://data.commoncrawl.org/crawl-data/CC-NEWS/2026/05/CC-NEWS-20260505042617-07791.warc.gz,2026-05-05T04:26:32Z
1639,135,879,<urn:uuid:d3691e00-8f9d-497d-a56b-1fbb09e014f0>,https://newsable.asianetnews.com/india/kerala-has-won-its-a-udf-tsunami-kc-venugopal-on-historic-win-articleshow-238hmoe,2026-09-30 12:09:19.075558,https://data.commoncrawl.org/crawl-data/CC-NEWS/2026/05/CC-NEWS-20260505042617-07791.warc.gz,2026-05-05T04:26:34Z
1640,204,1139,<urn:uuid:7e78679c-9dc7-4d76-a006-e10e414c4d4b>,https://www.einpresswire.com/article/910334345/alibiu-holdings-publishes-final-commentary-in-u-s-nigeria-alignment-series,2026-09-30 12:09:19.090519,https://data.commoncrawl.org/crawl-data/CC-NEWS/2026/05/CC-NEWS-20260505064655-07792.warc.gz,2026-05-05T06:47:05Z
1641,1246,821,<urn:uuid:788530f1-8df6-466e-adcc-61795a9f91c2>,https://www.kclu.org/world/2026-05-04/russia-declares-a-truce-in-ukraine-to-mark-victory-day,2026-09-30 12:09:19.090519,https://data.commoncrawl.org/crawl-data/CC-NEWS/2026/05/CC-NEWS-20260505064655-07792.warc.gz,2026-05-05T06:47:11Z
1642,1,3,<urn:uuid:63c1c39d-0cfe-42e4-b04d-5cb26a0a72ec>,https://menafn.com/1111063549/Baloch-Women-Forum-On-Disappearance-Of-Two-Women-In-Kech-District,2026-09-30 12:09:19.090519,https://data.commoncrawl.org/crawl-data/CC-NEWS/2026/05/CC-NEWS-20260505064655-07792.warc.gz,2026-05-05T06:47:10Z
1643,81,,<urn:uuid:5e5656b9-7334-4a53-883a-e887425c4c31>,https://unidivers.fr/event/sortie-nature-a-la-decouverte-des-plantes-sauvages-comestibles-toxiques-et-medicinales-sarrebourg-moselle-2026-05-08/,2026-09-30 12:09:21.43707,https://data.commoncrawl.org/crawl-data/CC-NEWS/2026/05/CC-NEWS-20260505083605-07793.warc.gz,2026-05-05T08:36:14Z
1644,1,3,<urn:uuid:58a8552a-1f2e-4e11-bb0c-c215ba23f1c0>,https://menafn.com/1111061730/Womens-T20-World-Cup-BCCI-Names-Harmanpreet-Kaur-Led-India-Squad,2026-09-30 12:09:21.43707,https://data.commoncrawl.org/crawl-data/CC-NEWS/2026/05/CC-NEWS-20260505083605-07793.warc.gz,2026-05-05T08:36:15Z
1645,114,850,<urn:uuid:75604fb5-3f69-4102-ad35-9b5dce1be5cf>,https://www.eanlibya.com/%D8%B7%D8%B1%D8%A7%D8%A8%D9%84%D8%B3-%D8%A5%D8%BA%D9%84%D8%A7%D9%82-%D9%85%D8%A4%D9%82%D8%AA-%D9%84%D9%80%D8%B7%D8%B1%D9%8A%D9%82-%D8%A7%D9%84%D9%85%D8%B7%D8%A7%D8%B1/,2026-09-30 12:09:21.43707,https://data.commoncrawl.org/crawl-data/CC-NEWS/2026/05/CC-NEWS-20260505083605-07793.warc.gz,2026-05-05T08:36:18Z
1646,30,704,<urn:uuid:eab1fc14-4d9b-4277-973c-2a37509184e1>,https://www.elbalad.news/6960060,2026-09-30 12:09:21.446974,https://data.commoncrawl.org/crawl-data/CC-NEWS/2026/05/CC-NEWS-20260505101053-07794.warc.gz,2026-05-05T10:10:57Z
1647,323,,<urn:uuid:9b8a079e-396d-4c6e-a312-d42dd562f131>,https://www.golfchannel.com/watch/replay/cristie-kerr-short-game,2026-09-30 12:09:21.446974,https://data.commoncrawl.org/crawl-data/CC-NEWS/2026/05/CC-NEWS-20260505101053-07794.warc.gz,2026-05-05T10:10:58Z
1648,93,1112,<urn:uuid:2f681f97-56d7-40cf-b522-6aa7cd51545c>,https://www.timesnownews.com/education/maharashtra-hsc-supplementary-exams-2026-registration-begins-apply-before-may-15-article-154249999,2026-09-30 12:09:21.446974,https://data.commoncrawl.org/crawl-data/CC-NEWS/2026/05/CC-NEWS-20260505101053-07794.warc.gz,2026-05-05T10:10:58Z
1649,1590,920,<urn:uuid:93d04088-402e-420e-8efc-3ac3460cb094>,https://www.tahiti-infos.com/Au-dernier-jour-de-son-interrogatoire-Sarkozy-repete-qu-il-n-y-a-pas-un-centime-d-argent-libyen-dans-sa-campagne_a238077.html,2026-09-30 12:09:21.453242,https://data.commoncrawl.org/crawl-data/CC-NEWS/2026/05/CC-NEWS-20260505113642-07795.warc.gz,2026-05-05T11:36:45Z
1650,121,1148,<urn:uuid:da70cf93-3689-4ce9-a0a1-7841d352698a>,https://www.si.com/fannation/wrestling/wwe/wwe-reportedly-trying-to-re-sign-xavier-woods-as-others-take-pay-cuts,2026-09-30 12:09:21.453242,https://data.commoncrawl.org/crawl-data/CC-NEWS/2026/05/CC-NEWS-20260505113642-07795.warc.gz,2026-05-05T11:36:45Z
1651,1588,1147,<urn:uuid:23f71da7-24b3-4a60-a647-7463a452228b>,https://krdo.com/news/2026/05/05/how-traffic-through-the-strait-of-hormuz-shrank-to-a-trickle-a-visual-deep-dive/,2026-09-30 12:09:21.453242,https://data.commoncrawl.org/crawl-data/CC-NEWS/2026/05/CC-NEWS-20260505113642-07795.warc.gz,2026-05-05T11:36:45Z
1652,333,1149,<urn:uuid:52ba4536-cc50-4784-b43c-a999bcde15f4>,https://www.essentiallysports.com/nfl-active-news-patriots-legend-raises-concerns-over-a-j-brown-amid-eagles-trade-rumors/,2026-09-30 12:09:24.679968,https://data.commoncrawl.org/crawl-data/CC-NEWS/2026/05/CC-NEWS-20260505125307-07796.warc.gz,2026-05-05T12:53:11Z
1653,312,,<urn:uuid:afe1a8f5-449c-4a37-92ba-80a67676732a>,https://www.straitstimes.com/business/companies-markets/singapore-stocks-slip-on-fresh-us-iran-clashes-sti-down-0-1,2026-09-30 12:09:24.679968,https://data.commoncrawl.org/crawl-data/CC-NEWS/2026/05/CC-NEWS-20260505125307-07796.warc.gz,2026-05-05T12:53:12Z
1654,714,1150,<urn:uuid:5544f97c-cc13-4562-8ca9-da9b5024ca28>,https://www.ndtv.com/health/is-incline-walking-better-than-running-all-benefits-explained-11452506,2026-09-30 12:09:24.679968,https://data.commoncrawl.org/crawl-data/CC-NEWS/2026/05/CC-NEWS-20260505125307-07796.warc.gz,2026-05-05T12:53:12Z
1655,204,1151,<urn:uuid:a492d85b-1c12-4dd3-9678-07906eedb004>,https://www.einpresswire.com/article/910303441/skan-research-foundation-funds-innovative-research-at-ucsf-to-advance-microbiome-based-treatments-for-anorexia-nervosa,2026-09-30 12:09:24.69346,https://data.commoncrawl.org/crawl-data/CC-NEWS/2026/05/CC-NEWS-20260505141736-07797.warc.gz,2026-05-05T14:17:41Z
1656,1595,,<urn:uuid:66500e3f-8766-44ad-a46f-53c58be3afc5>,https://www.pulse.ng/story/moniepoint-ceo-clarifies-nigeria-tech-talent-comments-2026050511295048715,2026-09-30 12:09:24.69346,https://data.commoncrawl.org/crawl-data/CC-NEWS/2026/05/CC-NEWS-20260505141736-07797.warc.gz,2026-05-05T14:17:41Z
1657,1596,1152,<urn:uuid:70e2620b-8075-4cb8-a5c3-c33c86154e1c>,https://www.wamc.org/2026-05-05/its-blockbuster-book-season-here-are-12-new-titles-coming-in-may,2026-09-30 12:09:24.69346,https://data.commoncrawl.org/crawl-data/CC-NEWS/2026/05/CC-NEWS-20260505141736-07797.warc.gz,2026-05-05T14:17:41Z
1658,104,1154,<urn:uuid:c1d72159-d044-4dd9-870f-3b948c12321c>,https://www.k923orlando.com/news/trending/pizza-delivery-driver-retires-after-act-kindness-leads-170k-donations/5YRP2LGCWNABRLRXWPF2IE7ONI/,2026-09-30 12:09:24.884778,https://data.commoncrawl.org/crawl-data/CC-NEWS/2026/05/CC-NEWS-20260505154440-07798.warc.gz,2026-05-05T15:44:47Z
1659,44,1153,<urn:uuid:b6d77074-298f-4fb8-9089-ab07f33ca8ce>,https://www.koimoi.com/television/daredevil-born-again-season-2-finale-release-time-plot-what-happens-next/,2026-09-30 12:09:24.884778,https://data.commoncrawl.org/crawl-data/CC-NEWS/2026/05/CC-NEWS-20260505154440-07798.warc.gz,2026-05-05T15:44:52Z
1660,81,,<urn:uuid:e7a7041c-7703-44ee-a795-a18d730bde87>,https://unidivers.fr/event/festival-manifeste-2026-ircam-paris-paris-2026-06-03t2000000200/,2026-09-30 12:09:24.884778,https://data.commoncrawl.org/crawl-data/CC-NEWS/2026/05/CC-NEWS-20260505154440-07798.warc.gz,2026-05-05T15:44:54Z
1661,84,1157,<urn:uuid:218d9a7b-1ce6-43cb-b79f-c16bb807f7db>,https://www.aljazeera.net/politics/2026/5/5/%D8%A7%D9%86%D8%AA%D8%AE%D8%A7%D8%A8%D8%A7%D8%AA-%D8%A8%D8%B1%D9%8A%D8%B7%D8%A7%D9%86%D9%8A%D8%A7-%D8%B3%D8%AA%D8%A7%D8%B1%D9%85%D8%B1-%D8%A8%D9%8A%D9%86-%D8%B4%D8%B1%D9%88%D8%B7,2026-09-30 12:09:27.354276,https://data.commoncrawl.org/crawl-data/CC-NEWS/2026/05/CC-NEWS-20260505170921-07799.warc.gz,2026-05-05T17:09:27Z
1662,155,1155,<urn:uuid:e907c9bc-728d-442c-a87e-07757baa37e8>,https://www.wsbtv.com/news/local/man-accused-stealing-nearly-80k-georgia-little-league/NMPC4RLVSFEGDNOR7SLCN5S34Q/,2026-09-30 12:09:27.354276,https://data.commoncrawl.org/crawl-data/CC-NEWS/2026/05/CC-NEWS-20260505170921-07799.warc.gz,2026-05-05T17:09:28Z
1663,84,796,<urn:uuid:d1a09794-4f27-4186-bae3-231f7b168eb5>,https://www.aljazeera.net/politics/2026/5/5/%D9%85%D9%88%D8%A7%D8%B3%D9%85-%D8%B6%D8%A7%D8%A6%D8%B9%D8%A9-%D9%88%D8%B0%D9%83%D8%B1%D9%8A%D8%A7%D8%AA-%D8%AA%D8%AD%D8%AA-%D8%A7%D9%84%D8%B1%D9%83%D8%A7%D9%85-%D8%AD%D9%83%D8%A7%D9%8A%D8%A7%D8%AA,2026-09-30 12:09:27.354276,https://data.commoncrawl.org/crawl-data/CC-NEWS/2026/05/CC-NEWS-20260505170921-07799.warc.gz,2026-05-05T17:09:29Z
1664,155,,<urn:uuid:9b55108e-d1c9-4776-9148-ead8da3bc06f>,https://www.wsbtv.com/sports/soccer-fan-aged-71/F2R23VHYCY7QZCLF2AQLLHJNE4/,2026-09-30 12:09:27.38116,https://data.commoncrawl.org/crawl-data/CC-NEWS/2026/05/CC-NEWS-20260505184242-07800.warc.gz,2026-05-05T18:42:48Z
1665,84,237,<urn:uuid:59e783e2-07ab-4bf6-afad-383f0dae5db3>,https://www.aljazeera.net/news/2026/5/5/%D9%85%D8%B4%D8%B1%D9%88%D8%B9-%D8%A7%D9%84%D8%AD%D8%B1%D9%8A%D8%A9-%D8%AD%D8%B1%D8%A8-%D8%A5%D9%8A%D8%B1%D8%A7%D9%86-%D8%AA%D8%B1%D9%85%D8%A8-%D9%88%D8%A7%D8%B4%D9%86%D8%B7%D9%86,2026-09-30 12:09:27.38116,https://data.commoncrawl.org/crawl-data/CC-NEWS/2026/05/CC-NEWS-20260505184242-07800.warc.gz,2026-05-05T18:42:50Z
1666,159,,<urn:uuid:b47f09f7-254e-4ea3-9fe8-6f2b896cd9fc>,https://www.newsghana.com.gh/three-dead-as-hantavirus-outbreak-strikes-cruise-ship-in-atlantic/,2026-09-30 12:09:27.38116,https://data.commoncrawl.org/crawl-data/CC-NEWS/2026/05/CC-NEWS-20260505184242-07800.warc.gz,2026-05-05T18:42:52Z
1667,18,17,<urn:uuid:6ae69de8-efb1-4420-b31a-da2728ce55c5>,https://www.benzinga.com/insights/news/26/05/52292153/transcript-transdigm-gr-q2-2026-earnings-conference-call,2026-09-30 12:09:27.390481,https://data.commoncrawl.org/crawl-data/CC-NEWS/2026/05/CC-NEWS-20260505201943-07801.warc.gz,2026-05-05T20:19:54Z
1668,81,,<urn:uuid:d2790af3-64eb-4b01-a55f-37d7a1c49444>,https://unidivers.fr/event/dj-hype-keutch-pelik-le-bistrot-de-st-so-lille-nord-2026-05-08t2100000200/,2026-09-30 12:09:27.390481,https://data.commoncrawl.org/crawl-data/CC-NEWS/2026/05/CC-NEWS-20260505201943-07801.warc.gz,2026-05-05T20:19:55Z
1669,166,,<urn:uuid:683dd80a-5ece-41d8-81ae-8e1767d298f2>,https://www.indiainfoline.com/company/blue-star-ltd/options/30-06-2026-pe-1520,2026-09-30 12:09:27.390481,https://data.commoncrawl.org/crawl-data/CC-NEWS/2026/05/CC-NEWS-20260505201943-07801.warc.gz,2026-05-05T20:19:58Z
1670,1608,1161,<urn:uuid:ac82683a-ac0e-43c3-8051-ec4affa0d207>,https://www.catholic.org/bible/daily_reading/?select_date=2026-05-06,2026-09-30 12:09:30.122078,https://data.commoncrawl.org/crawl-data/CC-NEWS/2026/05/CC-NEWS-20260505222322-07802.warc.gz,2026-05-05T22:23:30Z
1671,1246,1160,<urn:uuid:2b647801-6946-4216-af00-7b80eb74c624>,https://www.kclu.org/2026-05-05/recovering-the-dead-in-gaza,2026-09-30 12:09:30.122078,https://data.commoncrawl.org/crawl-data/CC-NEWS/2026/05/CC-NEWS-20260505222322-07802.warc.gz,2026-05-05T22:23:30Z
1672,1610,1162,<urn:uuid:de9f0059-66c6-468c-b406-f94922eeda2c>,https://www.madeiraislandnews.com/2026/05/albuquerque-without-money-to-intervene-on-the-seixal-road-leaves-jpp-incredulous.html,2026-09-30 12:09:30.122078,https://data.commoncrawl.org/crawl-data/CC-NEWS/2026/05/CC-NEWS-20260505222322-07802.warc.gz,2026-05-05T22:23:30Z
1673,172,115,<urn:uuid:f6d3b551-65f5-4b70-a493-64ef920d6c2a>,https://www.independentsentinel.com/the-white-house-pauses-the-movement-of-ships-through-hormuz/,2026-09-30 12:09:30.131029,https://data.commoncrawl.org/crawl-data/CC-NEWS/2026/05/CC-NEWS-20260506005045-07803.warc.gz,2026-05-06T00:50:52Z
1674,1310,932,<urn:uuid:aa16f8a6-8025-45f1-a5ae-9e14ab52f3a4>,https://www.iheart.com/content/2026-05-04-suspects-sought-after-more-than-a-dozen-wounded-in-campground-shooting/,2026-09-30 12:09:30.131029,https://data.commoncrawl.org/crawl-data/CC-NEWS/2026/05/CC-NEWS-20260506005045-07803.warc.gz,2026-05-06T00:50:53Z
1675,630,1163,<urn:uuid:1af356de-c322-45f8-a015-7f8d29f9ecb9>,https://www.fox32chicago.com/news/woman-killed-2-wounded-in-daylight-shooting-on-chicagos-southwest-side,2026-09-30 12:09:30.131029,https://data.commoncrawl.org/crawl-data/CC-NEWS/2026/05/CC-NEWS-20260506005045-07803.warc.gz,2026-05-06T00:50:54Z
1676,15,1166,<urn:uuid:51fc900d-c5e6-4769-9f9b-cbed4a401293>,https://www.nasdaq.com/articles/wheat-falls-tuesday,2026-09-30 12:09:30.190199,https://data.commoncrawl.org/crawl-data/CC-NEWS/2026/05/CC-NEWS-20260506032759-07804.warc.gz,2026-05-06T03:28:14Z
1677,60,41,<urn:uuid:33e928b3-50ac-4e42-9617-56b43748378e>,https://www.aletihad.ae/news/%D8%A7%D9%84%D8%A5%D9%85%D8%A7%D8%B1%D8%A7%D8%AA/4663495/%D8%B3%D9%84%D8%B7%D8%A7%D9%86-%D8%A7%D9%84%D9%82%D8%A7%D8%B3%D9%85%D9%8A--%D8%AA%D9%88%D8%AD%D9%8A%D8%AF-%D8%A7%D9%84%D9%82%D9%88%D8%A7%D8%AA-%D8%A7%D9%84%D9%85%D8%B3%D9%84%D8%AD%D8%A9-%D9%85%D8%AD%D8%B7%D8%A9-%D9%88%D8%B7%D9%86%D9%8A%D8%A9-%D9%85%D8%B6%D9%8A%D8%A6%D8%A9-%D9%81%D9%8A-%D8%AA%D8%B1%D8%B3%D9%8A,2026-09-30 12:09:30.190199,https://data.commoncrawl.org/crawl-data/CC-NEWS/2026/05/CC-NEWS-20260506032759-07804.warc.gz,2026-05-06T03:28:15Z
1678,1313,,<urn:uuid:db3b3856-5f18-49fb-b3c5-283e430af4da>,https://www.worldipreview.com/leaders-2026/richard-yong-wang,2026-09-30 12:09:30.190199,https://data.commoncrawl.org/crawl-data/CC-NEWS/2026/05/CC-NEWS-20260506032759-07804.warc.gz,2026-05-06T03:28:17Z
1679,176,118,<urn:uuid:432cb132-9e62-4cfb-87ba-37d28339e9cf>,https://www.brusselstimes.com/belgium/2114098/belgiums-human-rights-efforts-under-scrutiny-from-un/,2026-09-30 12:09:35.59806,https://data.commoncrawl.org/crawl-data/CC-NEWS/2026/05/CC-NEWS-20260506054610-07805.warc.gz,2026-05-06T05:46:16Z
1680,175,120,<urn:uuid:52d15e3e-2755-48ff-9320-ea252868fa0e>,https://www.arab48.com/%D9%85%D8%AD%D9%84%D9%8A%D8%A7%D8%AA/%D8%AD%D8%A7%D9%84%D8%A9-%D8%A7%D9%84%D8%B7%D9%82%D8%B3/2026/05/06/%D8%AD%D8%A7%D9%84%D8%A9-%D8%A7%D9%84%D8%B7%D9%82%D8%B3-%D8%A7%D8%B1%D8%AA%D9%81%D8%A7%D8%B9-%D8%A7%D9%84%D8%AD%D8%B1%D8%A7%D8%B1%D8%A9-%D8%AA%D8%AF%D8%B1%D9%8A%D8%AC%D9%8A%D8%A7-%D8%A8%D8%AF%D8%A1%D8%A7-%D9%85%D9%86-%D8%A7%D9%84%D8%A3%D8%B1%D8%A8%D8%B9%D8%A7%D8%A1,2026-09-30 12:09:35.59806,https://data.commoncrawl.org/crawl-data/CC-NEWS/2026/05/CC-NEWS-20260506054610-07805.warc.gz,2026-05-06T05:46:17Z
1681,96,67,<urn:uuid:1b103216-b9a4-4110-8a50-d5682fbb4c65>,https://www.business-standard.com/external-affairs-defence-security/news/operation-sindoor-redrew-red-lines-exposed-key-military-lessons-experts-126050600244_1.html,2026-09-30 12:09:35.59806,https://data.commoncrawl.org/crawl-data/CC-NEWS/2026/05/CC-NEWS-20260506054610-07805.warc.gz,2026-05-06T05:46:17Z
1682,162,,<urn:uuid:60fede30-8170-47ca-9858-0ff561303751>,https://www.lebanon24.com/news/economics/1521784/%D8%A7%D9%84%D9%86%D9%81%D8%B7-%D9%8A%D9%86%D8%AE%D9%81%D8%B6-%D9%84%D9%84%D9%8A%D9%88%D9%85-%D8%A7%D9%84%D8%AB%D8%A7%D9%86%D9%8A-%D9%85%D8%B9-%D8%AA%D9%84%D9%85%D9%8A%D8%AD-%D8%AA%D8%B1%D8%A7%D9%85%D8%A8-%D8%A5%D9%84%D9%89-%D8%A7%D8%AA%D9%81%D8%A7%D9%82-%D9%85%D8%B9-%D8%A5%D9%8A%D8%B1%D8%A7%D9%86,2026-09-30 12:09:35.622028,https://data.commoncrawl.org/crawl-data/CC-NEWS/2026/05/CC-NEWS-20260506074727-07806.warc.gz,2026-05-06T07:47:34Z
1683,13,,<urn:uuid:4b0b8791-177d-4997-95ba-55117ec8de64>,https://www.finanznachrichten.de/nachrichten-2026-05/68406766-roundup-orsted-a-s-q1-profit-declines-ebitda-rises-backs-fy26-ebitda-growth-view-020.htm,2026-09-30 12:09:35.622028,https://data.commoncrawl.org/crawl-data/CC-NEWS/2026/05/CC-NEWS-20260506074727-07806.warc.gz,2026-05-06T07:47:37Z
1684,30,704,<urn:uuid:536503fc-3430-474a-a434-40f44d619069>,https://www.elbalad.news/6961152,2026-09-30 12:09:35.622028,https://data.commoncrawl.org/crawl-data/CC-NEWS/2026/05/CC-NEWS-20260506074727-07806.warc.gz,2026-05-06T07:47:38Z
1685,180,1173,<urn:uuid:4789d2ca-867a-42d3-b239-def39e7b4f15>,https://www.knkx.org/2026-05-06/new-orleans-be-surrounded-by-the-ocean-within-decades-new-study-says,2026-09-30 12:09:35.629611,https://data.commoncrawl.org/crawl-data/CC-NEWS/2026/05/CC-NEWS-20260506092708-07807.warc.gz,2026-05-06T09:27:16Z
1686,802,1172,<urn:uuid:427a485c-08d4-4764-898e-e44c6acfe048>,https://sana.sy/international/2468385/,2026-09-30 12:09:35.629611,https://data.commoncrawl.org/crawl-data/CC-NEWS/2026/05/CC-NEWS-20260506092708-07807.warc.gz,2026-05-06T09:27:17Z
1687,234,,<urn:uuid:58a69119-5726-4f12-8b97-5ad8512d1b98>,https://www.zawya.com/en/press-release/companies-news/he-saeed-mohammed-al-tayer-and-belarus-consul-general-explore-renewable-energy-and-bilateral-cooperation-osxjzmla,2026-09-30 12:09:35.629611,https://data.commoncrawl.org/crawl-data/CC-NEWS/2026/05/CC-NEWS-20260506092708-07807.warc.gz,2026-05-06T09:27:19Z
1688,390,1175,<urn:uuid:dba60632-16da-4648-aab8-f31bef6d1bdb>,https://www.globenewswire.com/news-release/2026/05/06/3288616/33052/en/Freshpet-Inc-Reports-First-Quarter-2026-Financial-Results.html,2026-09-30 12:09:38.482242,https://data.commoncrawl.org/crawl-data/CC-NEWS/2026/05/CC-NEWS-20260506105410-07808.warc.gz,2026-05-06T10:54:15Z
1689,13,,<urn:uuid:dd5776c9-1a4f-4a55-bec1-6663c114b078>,https://www.finanznachrichten.de/nachrichten-2026-05/68409202-ibm-consulting-expands-ai-capabilities-to-accelerate-enterprise-transformation-008.htm,2026-09-30 12:09:38.482242,https://data.commoncrawl.org/crawl-data/CC-NEWS/2026/05/CC-NEWS-20260506105410-07808.warc.gz,2026-05-06T10:54:15Z
1690,1628,1174,<urn:uuid:83bdcf39-1e9e-4160-9a3c-fcf36b804b7a>,https://www.malaymail.com/news/malaysia/2026/05/06/van-driver-remanded-three-days-over-death-of-year-two-pupil-in-batu-pahat/218918,2026-09-30 12:09:38.482242,https://data.commoncrawl.org/crawl-data/CC-NEWS/2026/05/CC-NEWS-20260506105410-07808.warc.gz,2026-05-06T10:54:16Z
1691,17,1177,<urn:uuid:d9ee19b8-566d-4762-aecb-3a68f4b6f129>,https://www.foxnews.com/travel/us-issues-travel-warning-breathtaking-destination-crime-unrest-surge,2026-09-30 12:09:38.502693,https://data.commoncrawl.org/crawl-data/CC-NEWS/2026/05/CC-NEWS-20260506121308-07809.warc.gz,2026-05-06T12:13:11Z
1692,306,479,<urn:uuid:a7d20236-c3b9-4660-a54a-04bd0ca96ae4>,https://sixactualites.fr/sport/premier-tour-a-rome-jesper-de-jong-affronte-nuno-borges-lors-de-latp-1000-le-mercredi-6-mai-2026/113699/,2026-09-30 12:09:38.502693,https://data.commoncrawl.org/crawl-data/CC-NEWS/2026/05/CC-NEWS-20260506121308-07809.warc.gz,2026-05-06T12:13:11Z
1693,712,1178,<urn:uuid:3ab8fc5f-5fea-46eb-8ff8-8bc1080481c6>,https://www.wbrz.com/videos/louisiana-judges-must-retire-at-70-but-that-could-change-after-may-16-election,2026-09-30 12:09:38.502693,https://data.commoncrawl.org/crawl-data/CC-NEWS/2026/05/CC-NEWS-20260506121308-07809.warc.gz,2026-05-06T12:13:11Z
1694,578,401,<urn:uuid:560e1137-49db-4198-9192-6b658f635437>,https://sarabic.ae/20260506/%D8%AA%D8%B1%D8%A7%D9%85%D8%A8-%D9%8A%D9%87%D8%AF%D8%AF-%D8%A8%D9%82%D8%B5%D9%81-%D8%A5%D9%8A%D8%B1%D8%A7%D9%86-%D8%A8%D9%82%D9%88%D8%A9-%D8%A3%D9%83%D8%A8%D8%B1-%D8%A5%D8%B0%D8%A7-%D9%84%D9%85-%D8%AA%D9%88%D8%A7%D9%81%D9%82-%D8%B9%D9%84%D9%89-%D8%B4%D8%B1%D9%88%D8%B7-%D9%88%D8%A7%D8%B4%D9%86%D8%B7%D9%86-1113161235.html,2026-09-30 12:09:38.514095,https://data.commoncrawl.org/crawl-data/CC-NEWS/2026/05/CC-NEWS-20260506132724-07810.warc.gz,2026-05-06T13:27:28Z
1695,8,315,<urn:uuid:4a178279-365a-4ff9-acd9-e82c12f7cf61>,https://www.westernjournal.com/steak-n-shake-worker-murdered-argument-onion-rings/?utm_source=facebook&utm_medium=rightalertspolls&utm_campaign=lminetwork&utm_content=2026-05-06,2026-09-30 12:09:38.514095,https://data.commoncrawl.org/crawl-data/CC-NEWS/2026/05/CC-NEWS-20260506132724-07810.warc.gz,2026-05-06T13:27:30Z
1696,17,1179,<urn:uuid:5f13536f-ae03-4329-9c3a-b559505bc2c2>,https://www.foxnews.com/sports/shohei-ohtani-humiliates-jose-altuve-may-embarrassing-strikeout-mlb-history,2026-09-30 12:09:38.514095,https://data.commoncrawl.org/crawl-data/CC-NEWS/2026/05/CC-NEWS-20260506132724-07810.warc.gz,2026-05-06T13:27:35Z
1697,1636,,<urn:uuid:caac02fa-2835-487f-8f6b-e570871ab7d0>,https://www.pv-magazine.com/2026/05/06/fraunhofer-ise-opens-perovskite-silicon-tandem-scale-up-lab/,2026-09-30 12:09:45.327377,https://data.commoncrawl.org/crawl-data/CC-NEWS/2026/05/CC-NEWS-20260506144106-07811.warc.gz,2026-05-06T14:41:12Z
1698,189,1182,<urn:uuid:a0b66f81-80f1-4669-844c-49e29d2f4b4a>,https://www.entertainmentdaily.com/news/simon-cowell-horrible-treated-susan-boyle-britain-got-talent-audition/,2026-09-30 12:09:45.327377,https://data.commoncrawl.org/crawl-data/CC-NEWS/2026/05/CC-NEWS-20260506144106-07811.warc.gz,2026-05-06T14:41:15Z
1699,188,1183,<urn:uuid:4842fb86-0154-4990-b099-d58aad8c5431>,https://www.wyso.org/2026-05-06/have-you-lost-or-are-worried-about-losing-snap-benefits-npr-wants-to-hear-your-story,2026-09-30 12:09:45.327377,https://data.commoncrawl.org/crawl-data/CC-NEWS/2026/05/CC-NEWS-20260506144106-07811.warc.gz,2026-05-06T14:41:15Z
1700,48,32,<urn:uuid:d4f2fbaf-f747-41bc-bfef-031ba3aa460d>,https://www.masrawy.com/news/news_regions/details/2026/5/6/2983915/%D8%AD%D8%A7%D8%AF%D8%AB-%D8%AF%D9%87%D8%B3-%D8%B9%D9%84%D9%89-%D8%B7%D8%B1%D9%8A%D9%82-%D8%A3%D8%B4%D9%85%D9%88%D9%86-%D9%85%D8%B5%D8%B1%D8%B9-%D9%85-%D8%B3%D9%86-%D9%88%D8%A5%D8%B5%D8%A7%D8%A8%D8%A9-%D8%A2%D8%AE%D8%B1-%D9%81%D9%8A-%D8%A7%D9%84%D9%85%D9%86%D9%88%D9%81%D9%8A%D8%A9,2026-09-30 12:09:45.336385,https://data.commoncrawl.org/crawl-data/CC-NEWS/2026/05/CC-NEWS-20260506155550-07812.warc.gz,2026-05-06T15:55:51Z
1701,1640,1154,<urn:uuid:a3a6bfb7-da3c-421b-957f-6d60ac8f7b77>,https://www.wmmo.com/news/trending/ted-turner-cable-news-pioneer-was-outrageous-innovative/YZWNHBUJPRC4JDBVSLZU2WQIAQ/,2026-09-30 12:09:45.336385,https://data.commoncrawl.org/crawl-data/CC-NEWS/2026/05/CC-NEWS-20260506155550-07812.warc.gz,2026-05-06T15:55:53Z
1702,1639,705,<urn:uuid:3f82cc67-f8de-480f-9fb1-a23972f38f9c>,https://www.wdbo.com/news/technology/italys-meloni/4RI4G7AOV47QTLWJ4JOVI5L73U/,2026-09-30 12:09:45.336385,https://data.commoncrawl.org/crawl-data/CC-NEWS/2026/05/CC-NEWS-20260506155550-07812.warc.gz,2026-05-06T15:55:54Z
1703,12,966,<urn:uuid:cb636daa-a850-4eb4-bc89-36afca8dafdf>,https://www.rotowire.com/article/best-new-slot-sites-for-real-money-this-week-expert-us-picks-2026-113578,2026-09-30 12:09:45.345507,https://data.commoncrawl.org/crawl-data/CC-NEWS/2026/05/CC-NEWS-20260506171634-07813.warc.gz,2026-05-06T17:16:44Z
1704,1643,1189,<urn:uuid:94c9b102-54f6-432b-a22f-6accbda9bfe5>,https://www.wqcs.org/2026-05-06/watch-boys-go-from-frightened-to-feral-in-an-unforgettable-lord-of-the-flies,2026-09-30 12:09:45.345507,https://data.commoncrawl.org/crawl-data/CC-NEWS/2026/05/CC-NEWS-20260506171634-07813.warc.gz,2026-05-06T17:16:47Z
1705,9,1188,<urn:uuid:b1acf305-9304-4c58-9e4c-4cf53c524469>,https://www.goal.com/en-us/betting/news/bet365-bonus-code-goalbet-get-200-bonus-bets-bayern-munich-vs-psg-5-6/A%3Ablt793d7a1ed98c143a,2026-09-30 12:09:45.345507,https://data.commoncrawl.org/crawl-data/CC-NEWS/2026/05/CC-NEWS-20260506171634-07813.warc.gz,2026-05-06T17:16:47Z
1706,198,,<urn:uuid:022e14af-49f3-44bf-a998-fcbc64f7fd11>,https://www.kpax.com/videos/news/national-news/some-iphone-users-could-get-up-to-95-after-apple-settles-case-for-250m,2026-09-30 12:09:47.51017,https://data.commoncrawl.org/crawl-data/CC-NEWS/2026/05/CC-NEWS-20260506185337-07814.warc.gz,2026-05-06T18:53:45Z
1707,204,,<urn:uuid:c3c5868d-e0d6-4292-b6f0-c8ec009d9a82>,https://www.einpresswire.com/article/910854564/protection-of-health-care-in-armed-conflict-un-security-council-resolution-2286-10-years-on,2026-09-30 12:09:47.51017,https://data.commoncrawl.org/crawl-data/CC-NEWS/2026/05/CC-NEWS-20260506185337-07814.warc.gz,2026-05-06T18:53:47Z
1708,519,354,<urn:uuid:a6d47bf7-faf1-4615-ad90-c13d46c39a73>,https://www.cbc.bb/news/international-news/cnn-founder-ted-turner-dies-at-87/,2026-09-30 12:09:47.51017,https://data.commoncrawl.org/crawl-data/CC-NEWS/2026/05/CC-NEWS-20260506185337-07814.warc.gz,2026-05-06T18:53:48Z
1709,204,,<urn:uuid:4d1ae631-f377-4725-89bb-56d4ec606d65>,https://www.einpresswire.com/article/910873965/116th-mbct-tests-new-tech-during-live-fire-exercise,2026-09-30 12:09:47.517341,https://data.commoncrawl.org/crawl-data/CC-NEWS/2026/05/CC-NEWS-20260506202424-07815.warc.gz,2026-05-06T20:24:35Z
1710,14,1191,<urn:uuid:b2e02c26-c14e-4ab6-9b1c-e6541bbc54d3>,https://www.cbssports.com/betting/news/nhl-futures-maple-leafs-win-2026-draft-lottery-land-no-1-overall-pick/,2026-09-30 12:09:47.517341,https://data.commoncrawl.org/crawl-data/CC-NEWS/2026/05/CC-NEWS-20260506202424-07815.warc.gz,2026-05-06T20:24:36Z
1711,200,,<urn:uuid:f45da567-4c78-4079-af70-27453a4c412c>,https://clickup.com/templates/invoice/for-yard-work,2026-09-30 12:09:47.517341,https://data.commoncrawl.org/crawl-data/CC-NEWS/2026/05/CC-NEWS-20260506202424-07815.warc.gz,2026-05-06T20:24:37Z
1712,203,1193,<urn:uuid:506c09cc-43a3-4ac6-9d14-9bd9a13a32c6>,https://actualitte.com/livres/885453/extraits/j-ai-le-droit-justine-duhe-amaya-renaudin-9782494230194,2026-09-30 12:09:47.523977,https://data.commoncrawl.org/crawl-data/CC-NEWS/2026/05/CC-NEWS-20260506223353-07816.warc.gz,2026-05-06T22:34:00Z
1713,206,138,<urn:uuid:2d2128c5-14f6-4b7c-abb6-4dc8f33c4c37>,https://blackamericaweb.com/2026/05/06/the-game-calls-50-cent-out/,2026-09-30 12:09:47.523977,https://data.commoncrawl.org/crawl-data/CC-NEWS/2026/05/CC-NEWS-20260506223353-07816.warc.gz,2026-05-06T22:34:00Z
1714,198,,<urn:uuid:1f21c08d-0947-46a6-a23e-0c1f014418b3>,https://www.kpax.com/videos/news/missoula-county/sports-exchange-owners-mark-10-years-in-missoula,2026-09-30 12:09:47.523977,https://data.commoncrawl.org/crawl-data/CC-NEWS/2026/05/CC-NEWS-20260506223353-07816.warc.gz,2026-05-06T22:34:00Z
1715,1655,1195,<urn:uuid:01781a0e-7f7e-44ea-b4d6-39dab47400e4>,https://www.niagovkn.com/festival-fever-builds-with-culturama-52-senior-pageant-contestant-reveal/,2026-09-30 12:09:49.563658,https://data.commoncrawl.org/crawl-data/CC-NEWS/2026/05/CC-NEWS-20260507014042-07817.warc.gz,2026-05-07T01:41:30Z
1716,1654,1194,<urn:uuid:da982fcf-12d6-40cd-802d-312bed2cc58f>,https://www.enderlinindependent.com/gatekeeperx-joins-global-paytech-ventures-to-accelerate-international-expansion/,2026-09-30 12:09:49.563658,https://data.commoncrawl.org/crawl-data/CC-NEWS/2026/05/CC-NEWS-20260507014042-07817.warc.gz,2026-05-07T01:41:30Z
1717,1436,1196,<urn:uuid:982fb185-b5a0-4a87-b3ea-e7f12ee0a275>,https://7news.com.au/7you/fashion/from-cobblestones-in-barcelona-to-a-long-weekend-in-byron-the-new-mister-zimi-resort-collection-is-proof-you-can-dress-for-summer-everywhere-c-22247070,2026-09-30 12:09:49.563658,https://data.commoncrawl.org/crawl-data/CC-NEWS/2026/05/CC-NEWS-20260507014042-07817.warc.gz,2026-05-07T01:41:31Z
1718,1657,1197,<urn:uuid:0b5a15db-0a3e-42ef-b8b1-199018ef2f08>,https://thehockeynews.com/nhl/anaheim-ducks/game-day/2026-stanley-cup-playoffs-round-2-game-2---ducks-vs-golden-knights-gameday-preview-05-06-26,2026-09-30 12:09:49.571703,https://data.commoncrawl.org/crawl-data/CC-NEWS/2026/05/CC-NEWS-20260507043155-07818.warc.gz,2026-05-07T04:32:24Z
1719,1656,,<urn:uuid:fee00b53-58f5-40df-81d1-5f0f970ff467>,https://les7duquebec.net/archives/305369,2026-09-30 12:09:49.571703,https://data.commoncrawl.org/crawl-data/CC-NEWS/2026/05/CC-NEWS-20260507043155-07818.warc.gz,2026-05-07T04:32:25Z
1720,67,,<urn:uuid:d6de79b7-17a1-432f-b6fc-58d0c69fde1a>,https://www.thoughtworks.com/en-sg/about-us/partnerships/cloud/aws/summits/aws-summits-toronto,2026-09-30 12:09:49.571703,https://data.commoncrawl.org/crawl-data/CC-NEWS/2026/05/CC-NEWS-20260507043155-07818.warc.gz,2026-05-07T04:32:27Z
1721,136,539,<urn:uuid:ac3b5d32-3753-4cdb-897a-9382195b26b0>,https://www.telegraphindia.com/world/centers-for-disease-control-and-prevention-tracks-us-travellers-on-cruise-ship-linked-to-deadly-hantavirus-outbreak/cid/2159420,2026-09-30 12:09:49.580079,https://data.commoncrawl.org/crawl-data/CC-NEWS/2026/05/CC-NEWS-20260507064817-07819.warc.gz,2026-05-07T06:48:24Z
1722,56,1198,<urn:uuid:e55d82b2-f3fb-481b-b4fd-279021f1914f>,https://www.boursorama.com/bourse/actualites/tractial-webinaire-strategique-trajectoire-fintech-bsa-et-prochaines-etapes-01208dce35a615f87e6a12320d0e4ead,2026-09-30 12:09:49.580079,https://data.commoncrawl.org/crawl-data/CC-NEWS/2026/05/CC-NEWS-20260507064817-07819.warc.gz,2026-05-07T06:48:24Z
1723,30,704,<urn:uuid:ee22aad9-c482-46c7-9d52-13808ff782f6>,https://www.elbalad.news/6962242,2026-09-30 12:09:49.580079,https://data.commoncrawl.org/crawl-data/CC-NEWS/2026/05/CC-NEWS-20260507064817-07819.warc.gz,2026-05-07T06:48:25Z
1724,94,69,<urn:uuid:9120dc10-3778-46e0-828e-0448e55a4d0f>,https://le10sport.com/football/mercato/transfert-de-leonardo-balerdi-il-va-quitter-lom-et-est-annonce-dans-un-top-club-782491,2026-09-30 12:09:56.122327,https://data.commoncrawl.org/crawl-data/CC-NEWS/2026/05/CC-NEWS-20260507082427-07820.warc.gz,2026-05-07T08:24:33Z
1725,1662,,<urn:uuid:fd2693b5-d156-421e-9712-f37efaa8aa13>,https://www.dnc.nc/dossier-la-parole-est-aux-citoyens/,2026-09-30 12:09:56.122327,https://data.commoncrawl.org/crawl-data/CC-NEWS/2026/05/CC-NEWS-20260507082427-07820.warc.gz,2026-05-07T08:24:34Z
1726,1664,,<urn:uuid:b8705d77-27b3-479e-81a5-274d4926090a>,https://www.teaonews.co.nz/2026/05/07/maori-climate-risk-worsened-by-colonisation-report-finds/,2026-09-30 12:09:56.122327,https://data.commoncrawl.org/crawl-data/CC-NEWS/2026/05/CC-NEWS-20260507082427-07820.warc.gz,2026-05-07T08:24:35Z
1727,1667,1202,<urn:uuid:a9e22ff1-970f-423b-8065-710c0c07680f>,https://www.throughline.news/p/this-is-a-time-of-get-together-to,2026-09-30 12:09:56.17152,https://data.commoncrawl.org/crawl-data/CC-NEWS/2026/05/CC-NEWS-20260507095950-07821.warc.gz,2026-05-07T09:59:56Z
1728,607,1203,<urn:uuid:65ec27db-f9ea-48f2-96e7-8ed3b59a9d17>,https://www.football365.fr/cest-dur-darriver-la-marquinhos-evoque-les-echecs-du-psg-10294044.html,2026-09-30 12:09:56.17152,https://data.commoncrawl.org/crawl-data/CC-NEWS/2026/05/CC-NEWS-20260507095950-07821.warc.gz,2026-05-07T09:59:56Z
1729,612,,<urn:uuid:cb0f57ac-9b21-424a-b191-a923c3fd8164>,https://www.perthnow.com.au/news/religion-and-belief/rubio-arrives-to-meet-pope-leo-after-trump-attacks-c-22251624,2026-09-30 12:09:56.17152,https://data.commoncrawl.org/crawl-data/CC-NEWS/2026/05/CC-NEWS-20260507095950-07821.warc.gz,2026-05-07T09:59:56Z
1730,1668,,<urn:uuid:45f764da-5696-4a5e-9073-14c2e7877654>,https://www.avclub.com/matthew-lillard-man-of-tomorrow-james-gunn,2026-09-30 12:09:56.191602,https://data.commoncrawl.org/crawl-data/CC-NEWS/2026/05/CC-NEWS-20260507112921-07822.warc.gz,2026-05-07T11:29:27Z
1731,1670,335,<urn:uuid:5257f402-0b8a-4e2b-9538-b6d4dd20fb93>,https://www.vashonbeachcomber.com/2026/05/06/editorial-sixteen-pages-of-spring/,2026-09-30 12:09:56.191602,https://data.commoncrawl.org/crawl-data/CC-NEWS/2026/05/CC-NEWS-20260507112921-07822.warc.gz,2026-05-07T11:29:27Z
1732,7,7,<urn:uuid:2a230f13-f949-40d8-948e-e03c790ff7b2>,https://censor.net/en/news/4001713/deepstate-reports-russian-advances-in-kharkiv-and-donetsk-oblasts,2026-09-30 12:09:56.191602,https://data.commoncrawl.org/crawl-data/CC-NEWS/2026/05/CC-NEWS-20260507112921-07822.warc.gz,2026-05-07T11:29:27Z
1733,268,182,<urn:uuid:f4178dbe-4696-49ed-a72a-3b96af1d591a>,https://www.wam.ae/ar/article/c03cj8u-%D9%85%D9%88%D8%A7%D9%86%D8%A6-%D8%AF%D8%A8%D9%8A-%D8%A7%D9%84%D8%B9%D8%A7%D9%84%D9%85%D9%8A%D8%A9-%D8%AA%D8%B7%D9%84%D9%82-%D9%85%D9%86%D8%B8%D9%88%D9%85%D8%A9-%D9%84%D9%84%D8%AA%D8%A3%D9%85%D9%8A%D9%86-%D9%85%D8%AE%D8%A7%D8%B7%D8%B1,2026-09-30 12:09:58.874464,https://data.commoncrawl.org/crawl-data/CC-NEWS/2026/05/CC-NEWS-20260507125016-07823.warc.gz,2026-05-07T12:50:17Z
1734,1671,1206,<urn:uuid:eaad805a-8403-482b-b683-f7429c3636ac>,https://www.empireofthekop.com/2026/05/07/hamann-floats-andy-robertson-transfer-suggestion-liverpool-fans-would-despise/,2026-09-30 12:09:58.874464,https://data.commoncrawl.org/crawl-data/CC-NEWS/2026/05/CC-NEWS-20260507125016-07823.warc.gz,2026-05-07T12:50:18Z
1735,311,,<urn:uuid:aad2e916-918b-4f45-aa9b-da0049c880e5>,https://news.az/tag/loan_issuance,2026-09-30 12:09:58.874464,https://data.commoncrawl.org/crawl-data/CC-NEWS/2026/05/CC-NEWS-20260507125016-07823.warc.gz,2026-05-07T12:50:20Z
1736,1674,1208,<urn:uuid:fdaa6c1e-a57b-4d78-b5c6-e38c500f21bc>,https://asiapacificreport.nz/2026/05/07/were-under-attack-the-night-the-israelis-struck-the-global-sumud-flotilla/,2026-09-30 12:09:58.882229,https://data.commoncrawl.org/crawl-data/CC-NEWS/2026/05/CC-NEWS-20260507141245-07824.warc.gz,2026-05-07T14:12:50Z
1737,1676,1210,<urn:uuid:e58673e3-7b06-494c-b14e-c64a380fb33f>,https://investingnews.com/aurinia-pharmaceuticals-reports-financial-results-for-the-three-months-ended-march-31-2026-and-provides-update-on-recent-business-progress/,2026-09-30 12:09:58.882229,https://data.commoncrawl.org/crawl-data/CC-NEWS/2026/05/CC-NEWS-20260507141245-07824.warc.gz,2026-05-07T14:12:51Z
1738,229,1154,<urn:uuid:1b517c09-d946-461a-a72a-dc882c71d049>,https://www.hot105fm.com/news/trending/teenage-boy-woman-fatally-shot-dispute-over-informal-soccer-game/FHM5ARXHNNGWTDA6ZNBWGN2W7Y/,2026-09-30 12:09:58.882229,https://data.commoncrawl.org/crawl-data/CC-NEWS/2026/05/CC-NEWS-20260507141245-07824.warc.gz,2026-05-07T14:12:52Z
1739,9,1213,<urn:uuid:d6d1322e-d204-4fe2-a337-1f8fcce97e31>,https://www.goal.com/en-gh/lists/ex-man-utd-jaap-stam-frenkie-de-jong-micky-van-de-ven-transfer-advice/blt15fbe3d2fc544ae8,2026-09-30 12:09:58.890214,https://data.commoncrawl.org/crawl-data/CC-NEWS/2026/05/CC-NEWS-20260507152933-07825.warc.gz,2026-05-07T15:29:38Z
1740,204,1212,<urn:uuid:55f84da0-d487-4d20-9b27-38d52a81e84c>,https://www.einpresswire.com/article/910876807/no-maintenance-guarantee-with-50-year-warranty-offered-on-snow-retention-products-from-rocky-mountain-snow-guards,2026-09-30 12:09:58.890214,https://data.commoncrawl.org/crawl-data/CC-NEWS/2026/05/CC-NEWS-20260507152933-07825.warc.gz,2026-05-07T15:29:38Z
1741,1679,1211,<urn:uuid:580baed6-c771-4b67-ae81-ad09f43dc248>,https://www.sunstar.com.ph/superbalita-cebu/krisis-resulta-sa-tensiyon-sa-megitun-an-atol-sa-asean-meeting,2026-09-30 12:09:58.890214,https://data.commoncrawl.org/crawl-data/CC-NEWS/2026/05/CC-NEWS-20260507152933-07825.warc.gz,2026-05-07T15:29:39Z
1742,1681,1215,<urn:uuid:15e9afa8-562a-4697-9ac7-c3b05c5f69cc>,https://www.lechodetroisrivieres.ca/actualites/societe/665007/les-millenariaux-deux-fois-plus-susceptibles-de-vivre-chez-leurs-parents,2026-09-30 12:10:00.822105,https://data.commoncrawl.org/crawl-data/CC-NEWS/2026/05/CC-NEWS-20260507170051-07826.warc.gz,2026-05-07T17:00:54Z
1743,13,,<urn:uuid:960eaf71-a3cf-498b-98af-00783b43b52f>,https://www.finanznachrichten.de/nachrichten-2026-05/68429757-international-cable-protection-committee-icpc-sets-attendance-record-at-its-plenary-in-athens-greece-004.htm,2026-09-30 12:10:00.822105,https://data.commoncrawl.org/crawl-data/CC-NEWS/2026/05/CC-NEWS-20260507170051-07826.warc.gz,2026-05-07T17:00:54Z
1744,1682,1214,<urn:uuid:c3b31a63-51cf-4353-994a-08e9a38dfcf0>,https://www.pymnts.com/apple/2026/apples-next-ios-turns-iphone-into-an-ai-marketplace/,2026-09-30 12:10:00.822105,https://data.commoncrawl.org/crawl-data/CC-NEWS/2026/05/CC-NEWS-20260507170051-07826.warc.gz,2026-05-07T17:00:54Z
1745,81,,<urn:uuid:66297c32-b249-4c07-8202-4a0fa0e654ad>,https://unidivers.fr/event/visite-abbatiale-de-morienval-morienval-oise-2026-07-05/,2026-09-30 12:10:00.833503,https://data.commoncrawl.org/crawl-data/CC-NEWS/2026/05/CC-NEWS-20260507183632-07827.warc.gz,2026-05-07T18:36:37Z
1746,1684,1217,<urn:uuid:5ae8cd73-5862-45b3-820d-264c055a9faa>,https://www.timeslive.co.za/podcasts/2026-05-07-the-political-arenanew-rivals-anc-and-sacp-head-for-a-political-showdown/,2026-09-30 12:10:00.833503,https://data.commoncrawl.org/crawl-data/CC-NEWS/2026/05/CC-NEWS-20260507183632-07827.warc.gz,2026-05-07T18:36:37Z
1747,237,670,<urn:uuid:b7cb7018-2507-44d0-9ceb-27e9608f15e1>,https://www.marketbeat.com/instant-alerts/rosenblatt-securities-issues-positive-forecast-for-universal-technical-institute-nyseuti-stock-price-2026-05-07/,2026-09-30 12:10:00.833503,https://data.commoncrawl.org/crawl-data/CC-NEWS/2026/05/CC-NEWS-20260507183632-07827.warc.gz,2026-05-07T18:36:38Z
1751,241,,<urn:uuid:55ad0007-bf00-45cd-815e-6e6fc9efcd05>,https://www.shorouknews.com/news/view.aspx?cdate=07052026&id=57fa5e91-2013-4cb5-913e-c617eb30e3e2,2026-09-30 12:10:02.836885,https://data.commoncrawl.org/crawl-data/CC-NEWS/2026/05/CC-NEWS-20260507202752-07828.warc.gz,2026-05-07T20:27:57Z
1752,1689,1219,<urn:uuid:76fb9332-1ad2-4ee9-97e8-3311af44d12f>,https://www.ruskeslovo.com/%D0%BC%D0%B0%D0%BB%D0%B0-%D0%B2%D0%B8%D1%81%D1%82%D0%B0%D0%B2%D0%B0-%D0%BC%D0%B0%D1%80%D0%B5%D1%86/?utm_source=rss&utm_medium=rss&utm_campaign=%25d0%25bc%25d0%25b0%25d0%25bb%25d0%25b0-%25d0%25b2%25d0%25b8%25d1%2581%25d1%2582%25d0%25b0%25d0%25b2%25d0%25b0-%25d0%25bc%25d0%25b0%25d1%2580%25d0%25b5%25d1%2586,2026-09-30 12:10:02.836885,https://data.commoncrawl.org/crawl-data/CC-NEWS/2026/05/CC-NEWS-20260507202752-07828.warc.gz,2026-05-07T20:27:53Z
1753,240,1218,<urn:uuid:0faaa864-db5c-4f2a-b746-9c086e339c4c>,https://www.planetf1.com/news/mclaren-responds-max-verstappen-oscar-piastri-swap-claim-f1-speculation,2026-09-30 12:10:02.836885,https://data.commoncrawl.org/crawl-data/CC-NEWS/2026/05/CC-NEWS-20260507202752-07828.warc.gz,2026-05-07T20:27:58Z
1755,242,1220,<urn:uuid:4bd2ea70-ecc7-453f-a186-6a2aeba77e17>,https://www.okaz.com.sa/culture/culture/2247629,2026-09-30 12:10:02.845194,https://data.commoncrawl.org/crawl-data/CC-NEWS/2026/05/CC-NEWS-20260507223713-07829.warc.gz,2026-05-07T22:37:19Z
1756,244,,<urn:uuid:1c8a713b-4bf7-436a-9497-55848f89cbe3>,https://www.kxlh.com/videos/news/national-news/man-who-sprayed-vinegar-at-rep-ilhan-omar-pleads-guilty-to-assault,2026-09-30 12:10:02.845194,https://data.commoncrawl.org/crawl-data/CC-NEWS/2026/05/CC-NEWS-20260507223713-07829.warc.gz,2026-05-07T22:37:19Z
1760,58,43,<urn:uuid:3a3466a8-712e-461f-b393-b1305a5dca89>,https://www.zeffy.com/en-US/ticketing/2026-stf-national-event,2026-09-30 12:10:04.899292,https://data.commoncrawl.org/crawl-data/CC-NEWS/2026/05/CC-NEWS-20260507223713-07829.warc.gz,2026-05-07T22:37:25Z
1762,246,1227,<urn:uuid:12919f8e-8c34-439f-a260-fb1eeef34e44>,https://www.wkyufm.org/2026-04-15/tony-gonzales-resignation-sparks-uncertainty-about-what-comes-next,2026-09-30 12:10:04.90594,https://data.commoncrawl.org/crawl-data/CC-NEWS/2026/05/CC-NEWS-20260508013431-07830.warc.gz,2026-05-08T01:34:44Z
1763,1698,1226,<urn:uuid:12a7c29e-7465-427d-b8b4-144c97d8eb56>,https://pocahontastimes.com/100-years-ago-589/,2026-09-30 12:10:04.90594,https://data.commoncrawl.org/crawl-data/CC-NEWS/2026/05/CC-NEWS-20260508013431-07830.warc.gz,2026-05-08T01:34:47Z
1767,246,1223,<urn:uuid:5c4a05fe-ad7f-4afb-911f-1c08a9427c3e>,https://www.wkyufm.org/2026-04-16/georgia-jail-uses-drones-to-block-dangerous-deliveries-to-inmates,2026-09-30 12:10:07.417831,https://data.commoncrawl.org/crawl-data/CC-NEWS/2026/05/CC-NEWS-20260508013431-07830.warc.gz,2026-05-08T01:34:50Z
1768,405,1231,<urn:uuid:c3a58006-2763-44d9-9061-2215e2b9b9a5>,https://www.jawapos.com/nasional/2605080080/sambangi-gedung-kpk-mensos-gus-ipul-minta-nasihat-dan-kritik-soal-pencegahan-korupsi-sekolah-rakyat,2026-09-30 12:10:07.424236,https://data.commoncrawl.org/crawl-data/CC-NEWS/2026/05/CC-NEWS-20260508041056-07831.warc.gz,2026-05-08T04:10:59Z
1769,250,1232,<urn:uuid:5ee87a97-d0e3-4040-b444-7dc18df56f23>,https://www.wrtv.com/news/national/uae-reports-drone-and-missile-attack-as-iran-war-ceasefire-is-challenged,2026-09-30 12:10:07.424236,https://data.commoncrawl.org/crawl-data/CC-NEWS/2026/05/CC-NEWS-20260508041056-07831.warc.gz,2026-05-08T04:11:02Z
1770,249,,<urn:uuid:4219698f-8992-4799-be43-e5c5bee0a8e1>,https://www.thisdaylive.com/2026/05/08/agama-regulation-must-run-ahead-of-market-disruption/,2026-09-30 12:10:07.424236,https://data.commoncrawl.org/crawl-data/CC-NEWS/2026/05/CC-NEWS-20260508041056-07831.warc.gz,2026-05-08T04:11:03Z
1773,98,,<urn:uuid:eae21215-73b0-49dd-827e-bf722c974a9d>,https://www.wionews.com/india-news/tcs-sexual-abuse-and-conversion-case-key-accused-nida-khan-arrested-from-a-flat-in-maharashtra-1778214501041,2026-09-30 12:10:07.507751,https://data.commoncrawl.org/crawl-data/CC-NEWS/2026/05/CC-NEWS-20260508063702-07832.warc.gz,2026-05-08T06:37:07Z
1774,13,,<urn:uuid:be81e2ad-cb3b-4c47-9eec-bad7f39f22e8>,https://www.finanznachrichten.de/nachrichten-2026-05/68429329-group-ib-named-a-leader-in-the-inaugural-gartner-magic-quadrant-for-cyberthreat-intelligence-technologies-004.htm,2026-09-30 12:10:10.342189,https://data.commoncrawl.org/crawl-data/CC-NEWS/2026/05/CC-NEWS-20260508063702-07832.warc.gz,2026-05-08T06:37:11Z
1775,51,1234,<urn:uuid:0942515e-24b3-4ebf-bb8a-54ddd5873f5a>,https://www.newindianexpress.com/states/telangana/2026/May/08/crimes-against-children-up-10-pc-in-telangana-as-convictions-trail-cases-pile-up,2026-09-30 12:10:10.342189,https://data.commoncrawl.org/crawl-data/CC-NEWS/2026/05/CC-NEWS-20260508063702-07832.warc.gz,2026-05-08T06:37:13Z
1778,618,1236,<urn:uuid:ba2e420d-c1f8-4470-9600-e932773cb663>,https://www.livemint.com/news/world/tariffs-would-immediately-jump-to-much-higher-level-trump-sets-july-4-deadline-for-european-union-trade-deal-11778219440592.html,2026-09-30 12:10:10.350357,https://data.commoncrawl.org/crawl-data/CC-NEWS/2026/05/CC-NEWS-20260508080409-07833.warc.gz,2026-05-08T08:04:14Z
1782,9,1239,<urn:uuid:56640ee4-12e3-4a6a-b91f-195771478247>,https://www.goal.com/id/berita/pemain-yang-telah-149-kali-membela-tim-nasional-ini-sangat-tegas-saya-pasti-ingin-kembali-ke-ajax/blte47da5762805b381,2026-09-30 12:10:12.161615,https://data.commoncrawl.org/crawl-data/CC-NEWS/2026/05/CC-NEWS-20260508080409-07833.warc.gz,2026-05-08T08:04:15Z
1783,81,,<urn:uuid:fcb857cc-1b55-4bb4-af9e-e2b11c5bf238>,https://unidivers.fr/event/les-ptites-oreilles-0-3-ans-landivisiau-finistere-2026-05-19/,2026-09-30 12:10:12.161615,https://data.commoncrawl.org/crawl-data/CC-NEWS/2026/05/CC-NEWS-20260508080409-07833.warc.gz,2026-05-08T08:04:15Z
1784,234,1240,<urn:uuid:bb6d0719-1784-4766-b00d-8ff2aaaae4ba>,https://www.zawya.com/en/economy/africa/sax2019-s-entryx2011-level-office-jobs-face-massive-ai-risk-old-mutual-warns-b6r6kyar,2026-09-30 12:10:12.169309,https://data.commoncrawl.org/crawl-data/CC-NEWS/2026/05/CC-NEWS-20260508091305-07834.warc.gz,2026-05-08T09:13:07Z
1785,311,,<urn:uuid:1ac9fe94-e9e5-4e1e-a213-b23ccb670b2d>,https://news.az/tag/lisa_nandy,2026-09-30 12:10:12.169309,https://data.commoncrawl.org/crawl-data/CC-NEWS/2026/05/CC-NEWS-20260508091305-07834.warc.gz,2026-05-08T09:13:06Z
1786,234,1240,<urn:uuid:8e266510-6508-407b-a797-e2e958ac63fc>,https://www.zawya.com/en/economy/africa/south-africa-gold-fields-anticipates-a-cost-spike-as-iran-war-drives-up-fuel-price-f8b10n3m,2026-09-30 12:10:12.169309,https://data.commoncrawl.org/crawl-data/CC-NEWS/2026/05/CC-NEWS-20260508091305-07834.warc.gz,2026-05-08T09:13:08Z
1792,56,920,<urn:uuid:1d363a3d-0b79-4d4b-8808-5389b13853d8>,https://www.boursorama.com/actualite-economique/actualites/leon-xiv-celebre-son-premier-anniversaire-de-pape-dans-le-sud-de-l-italie-bc97bf7f0e17cc19f0ddd82a97f69186,2026-09-30 12:10:14.915841,https://data.commoncrawl.org/crawl-data/CC-NEWS/2026/05/CC-NEWS-20260508102641-07835.warc.gz,2026-05-08T10:26:46Z
1797,1733,1249,<urn:uuid:8cf9f9a4-4aa6-41e1-8a4a-694a27e753be>,https://www.zazoom.it/2026-05-08/philadelphia-soccer-2026-opens-media-credentialing-and-fan-registration-for-fifa-fan-festival-philadelphia/19146938/,2026-09-30 12:10:14.931247,https://data.commoncrawl.org/crawl-data/CC-NEWS/2026/05/CC-NEWS-20260508125050-07837.warc.gz,2026-05-08T12:50:51Z
1799,261,1242,<urn:uuid:b237cfcb-8974-4c7f-ac7b-143768330d3f>,https://en.interfax.com.ua/news/general/1165820.html,2026-09-30 12:10:17.464499,https://data.commoncrawl.org/crawl-data/CC-NEWS/2026/05/CC-NEWS-20260508102641-07835.warc.gz,2026-05-08T10:26:47Z
1800,11,1252,<urn:uuid:42a35d71-88cb-4de9-b78a-b4c98b4ebdf9>,https://www.ypradio.org/2026-05-08/democrats-want-to-raise-taxes-on-the-wealthy-a-look-at-the-math,2026-09-30 12:10:17.464499,https://data.commoncrawl.org/crawl-data/CC-NEWS/2026/05/CC-NEWS-20260508102641-07835.warc.gz,2026-05-08T10:26:47Z
1802,200,,<urn:uuid:cc47172f-4058-4f4e-b4b9-ccf7a68f5d42>,https://clickup.com/compare/vs/nethunt-crm,2026-09-30 12:10:17.476701,https://data.commoncrawl.org/crawl-data/CC-NEWS/2026/05/CC-NEWS-20260508113804-07836.warc.gz,2026-05-08T11:38:07Z
1803,1736,1253,<urn:uuid:9a963ee2-5506-4709-bcd2-9ca2ad49eb64>,https://www.automotivepowertraintechnologyinternational.com/news/fuel-cells-technologies/major-us-hydrogen-truck-deployment-announced-by-toyota-and-hyroad.html,2026-09-30 12:10:17.476701,https://data.commoncrawl.org/crawl-data/CC-NEWS/2026/05/CC-NEWS-20260508113804-07836.warc.gz,2026-05-08T11:38:08Z
1804,1739,1254,<urn:uuid:793a682f-1206-453a-9fe9-12110456ec1a>,https://www.lbc.co.uk/article/king-queen-tributes-sir-david-attenboroughs-birthday-5HjdYrh_2/,2026-09-30 12:10:17.48226,https://data.commoncrawl.org/crawl-data/CC-NEWS/2026/05/CC-NEWS-20260508125050-07837.warc.gz,2026-05-08T12:50:55Z
1805,260,744,<urn:uuid:43790687-ff16-4818-aeda-10b609781589>,https://tass.com/world/2127009,2026-09-30 12:10:17.48226,https://data.commoncrawl.org/crawl-data/CC-NEWS/2026/05/CC-NEWS-20260508125050-07837.warc.gz,2026-05-08T12:50:55Z
1806,880,594,<urn:uuid:faeb5964-a24f-413f-9fd3-22f488f3a28b>,https://www.tvcnews.tv/oshiomhole-calls-for-akpabios-resignation-over-new-senate-rule/,2026-09-30 12:10:19.944986,https://data.commoncrawl.org/crawl-data/CC-NEWS/2026/05/CC-NEWS-20260508113804-07836.warc.gz,2026-05-08T11:38:09Z
1809,170,1258,<urn:uuid:3fec69dc-2173-42e5-85ae-200696042168>,https://www.cbsnews.com/baltimore/news/anne-arundel-county-maryland-police-shooting-carjacking-suspect/,2026-09-30 12:10:19.949681,https://data.commoncrawl.org/crawl-data/CC-NEWS/2026/05/CC-NEWS-20260508141850-07838.warc.gz,2026-05-08T14:18:54Z
1812,1746,1261,<urn:uuid:7900dab8-13d3-4944-867e-cfecb4af4899>,https://www.cronista.com/espana/viajes-recetas/la-pequena-habana-espanola-casas-coloniales-y-sabor-cubano/,2026-09-30 12:10:19.95782,https://data.commoncrawl.org/crawl-data/CC-NEWS/2026/05/CC-NEWS-20260508154512-07839.warc.gz,2026-05-08T15:45:14Z
1813,28,1264,<urn:uuid:d7ce475b-f123-45b5-b276-704dd0123eb7>,https://timesofindia.indiatimes.com/technology/times-techies/how-indias-helping-this-us-retail-giant-move-from-using-ai-to-running-on-ai/articleshow/130956976.cms,2026-09-30 12:10:22.16451,https://data.commoncrawl.org/crawl-data/CC-NEWS/2026/05/CC-NEWS-20260508141850-07838.warc.gz,2026-05-08T14:18:54Z
1814,1748,1263,<urn:uuid:640b1aa3-47c6-43c4-8e43-d5d3d81488d1>,https://www.kxxv.com/news/texas-news/texas-lifts-safety-rule-enacted-after-deadly-flood-clearing-the-way-for-some-summer-camps-to-reopen,2026-09-30 12:10:22.16451,https://data.commoncrawl.org/crawl-data/CC-NEWS/2026/05/CC-NEWS-20260508141850-07838.warc.gz,2026-05-08T14:18:54Z
1815,1751,1266,<urn:uuid:fdee12c6-b937-42d4-a158-41df7405dc9b>,https://felesteen.news/post/180421/%D8%AF%D8%B1%D9%88%D9%8A%D8%B4-%D9%85%D9%84%D8%AD%D9%85%D8%A9-%D8%A7%D9%84%D9%85%D9%82%D8%A7%D9%88%D9%85%D8%A9-%D9%85%D8%B3%D8%AA%D9%85%D8%B1%D8%A9-%D8%AD%D8%AA%D9%89-%D8%AA%D8%AD%D9%82%D9%8A%D9%82-%D8%A7%D9%84%D9%86%D8%B5%D8%B1-%D9%88%D8%AA%D8%AD%D8%B1%D9%8A%D8%B1-%D8%A7%D9%84%D8%A3%D9%82%D8%B5%D9%89,2026-09-30 12:10:22.171865,https://data.commoncrawl.org/crawl-data/CC-NEWS/2026/05/CC-NEWS-20260508154512-07839.warc.gz,2026-05-08T15:45:15Z
1816,1750,1265,<urn:uuid:d11835e7-fecb-496c-8e48-1989c8a12ca0>,https://dawgpounddaily.com/the-browns-connection-to-the-eagles-front-office-just-became-impossible-to-ignore-nfl,2026-09-30 12:10:22.171865,https://data.commoncrawl.org/crawl-data/CC-NEWS/2026/05/CC-NEWS-20260508154512-07839.warc.gz,2026-05-08T15:45:16Z
1820,688,1270,<urn:uuid:9f795ad7-e27d-48c1-9d02-8e0896aa94ae>,https://www.vice.com/en/via/jems-sensitive-ultra-thin-condoms-review/,2026-09-30 12:10:24.874451,https://data.commoncrawl.org/crawl-data/CC-NEWS/2026/05/CC-NEWS-20260508171851-07840.warc.gz,2026-05-08T17:18:52Z
1821,727,1271,<urn:uuid:687d6383-4d21-45fa-9546-93ce68a80307>,https://www.newswire.ca/news-releases/notice-ontario-securities-commission-and-emerita-resources-corp-david-patrick-gower-michael-lawrence-guy-sergio-damian-lopez-gregory-francis-duras-helio-botelho-diniz-and-joaquin-merino-marquez-file-no-2026-24-855593284.html,2026-09-30 12:10:24.874451,https://data.commoncrawl.org/crawl-data/CC-NEWS/2026/05/CC-NEWS-20260508171851-07840.warc.gz,2026-05-08T17:18:53Z
1822,104,1269,<urn:uuid:e78ed8a4-1de0-4100-ae00-cd247198a4cc>,https://www.k923orlando.com/news/brantley-gilbert-releasing-new-album-sins-father-this-summer/XRLIS25X7MYSVNOU6ZSRLROZAA/,2026-09-30 12:10:24.874451,https://data.commoncrawl.org/crawl-data/CC-NEWS/2026/05/CC-NEWS-20260508171851-07840.warc.gz,2026-05-08T17:18:53Z
1830,1766,,<urn:uuid:a0af0aa8-d1ec-49e0-aa4a-ee5788648df9>,https://www.pearson.com/channels/trigonometry/asset/e1be34a8/convert-each-radian-measure-to-degrees-see-examples-2-a-and-2-b-11-6-e1be34a8,2026-09-30 12:10:27.353042,https://data.commoncrawl.org/crawl-data/CC-NEWS/2026/05/CC-NEWS-20260508185645-07841.warc.gz,2026-05-08T18:56:47Z
1831,1764,1279,<urn:uuid:803fe635-f628-4167-be03-6b271a5784cf>,https://www.alaraby.co.uk/politics/%D8%AC%D8%AF%D9%84-%D9%81%D9%8A-%D8%A7%D9%84%D9%85%D8%BA%D8%B1%D8%A8-%D8%A8%D8%B3%D8%A8%D8%A8-%D8%AF%D8%B9%D9%88%D8%A9-%D8%A5%D9%84%D9%89-%D8%AD%D9%84-%D8%AD%D8%B2%D8%A8-%D8%A7%D9%84%D8%B9%D8%AF%D8%A7%D9%84%D8%A9-%D9%88%D8%A7%D9%84%D8%AA%D9%86%D9%85%D9%8A%D8%A9,2026-09-30 12:10:27.353042,https://data.commoncrawl.org/crawl-data/CC-NEWS/2026/05/CC-NEWS-20260508185645-07841.warc.gz,2026-05-08T18:56:51Z
1832,1768,,<urn:uuid:1f124330-952b-45c0-82b3-934d77b69528>,https://www.hurriyetdailynews.com/43-percent-of-adults-in-turkiye-responsible-for-regular-caregiving-tuik-221910,2026-09-30 12:10:27.359247,https://data.commoncrawl.org/crawl-data/CC-NEWS/2026/05/CC-NEWS-20260508205554-07842.warc.gz,2026-05-08T20:55:59Z
1833,30,704,<urn:uuid:367dee73-314c-4624-9b04-c77551f774da>,https://www.elbalad.news/6963965,2026-09-30 12:10:27.359247,https://data.commoncrawl.org/crawl-data/CC-NEWS/2026/05/CC-NEWS-20260508205554-07842.warc.gz,2026-05-08T20:56:00Z
1834,555,,<urn:uuid:a8ba9481-2c05-437c-a785-e5a022cc2f87>,https://kz.kinoafisha.info/en/pavlodar/movies/8384903/2026-05-10/,2026-09-30 12:10:27.359247,https://data.commoncrawl.org/crawl-data/CC-NEWS/2026/05/CC-NEWS-20260508205554-07842.warc.gz,2026-05-08T20:56:00Z
1838,1773,,<urn:uuid:cd3fe563-bf96-455e-978e-22d3c7635f97>,https://www.hrw.org/news/2026/05/08/brazil-needs-independent-investigations-into-police-abuse,2026-09-30 12:10:29.202165,https://data.commoncrawl.org/crawl-data/CC-NEWS/2026/05/CC-NEWS-20260508185645-07841.warc.gz,2026-05-08T18:56:51Z
1840,583,1282,<urn:uuid:30224d6a-5f11-4555-8805-f51f108c5121>,https://www.denver7.com/news/local-news/colorado-support-groups-reflect-on-the-meaning-of-mothers-day-for-non-traditional-families,2026-09-30 12:10:29.211416,https://data.commoncrawl.org/crawl-data/CC-NEWS/2026/05/CC-NEWS-20260508230305-07843.warc.gz,2026-05-08T23:03:16Z
1841,212,1281,<urn:uuid:25751e6c-bd87-4408-b6f6-b0d06ff0a5a3>,https://www.androidauthority.com/codex-smartphone-control-3665256/,2026-09-30 12:10:29.211416,https://data.commoncrawl.org/crawl-data/CC-NEWS/2026/05/CC-NEWS-20260508230305-07843.warc.gz,2026-05-08T23:03:16Z
1845,13,,<urn:uuid:75aad973-3321-4953-9799-e1eafc4ffe05>,https://www.finanznachrichten.de/nachrichten-2026-05/68442584-e-power-inc-e-power-granted-landmark-patent-for-multi-element-doped-hard-carbon-composites-accelerating-sodium-ion-battery-commercialization-399.htm,2026-09-30 12:10:32.166283,https://data.commoncrawl.org/crawl-data/CC-NEWS/2026/05/CC-NEWS-20260508230305-07843.warc.gz,2026-05-08T23:03:21Z
1848,289,1286,<urn:uuid:1c406cc6-2b6e-4b56-82b8-e003409803d3>,https://blog.sentry.io/unreal-engine-performance-metrics/,2026-09-30 12:10:32.177981,https://data.commoncrawl.org/crawl-data/CC-NEWS/2026/05/CC-NEWS-20260509022053-07844.warc.gz,2026-05-09T02:21:05Z
1852,287,,<urn:uuid:184626ea-f98f-4606-9909-9fb970b76f47>,https://www.leafly.com/dispensaries/michigan/twin-lake?filter%5Bfeatures%5D=drive-thru,2026-09-30 12:10:34.925176,https://data.commoncrawl.org/crawl-data/CC-NEWS/2026/05/CC-NEWS-20260509022053-07844.warc.gz,2026-05-09T02:21:03Z
1853,1787,1291,<urn:uuid:c036cb0d-2c53-4f06-84bd-30fba1e61b6a>,https://www.thetakeout.com/2166254/condiment-teaspoon-scrambled-eggs-mustard-kick/,2026-09-30 12:10:34.925176,https://data.commoncrawl.org/crawl-data/CC-NEWS/2026/05/CC-NEWS-20260509022053-07844.warc.gz,2026-05-09T02:21:08Z
1855,51,181,<urn:uuid:d5cd14bb-222d-4c04-a551-5ecbbc71cd3c>,https://www.newindianexpress.com/states/tamil-nadu/2026/May/09/madras-hc-junks-pleas-against-appointment-of-district-judges,2026-09-30 12:10:34.940953,https://data.commoncrawl.org/crawl-data/CC-NEWS/2026/05/CC-NEWS-20260509053245-07845.warc.gz,2026-05-09T05:32:50Z
1856,294,1293,<urn:uuid:ee2e8b99-b74a-4d96-aff4-d700e8971ffb>,https://www.upworthy.com/sally-field-recalls-robin-williams-failing-to-make-her-laugh-mrs-doubtfire/,2026-09-30 12:10:34.940953,https://data.commoncrawl.org/crawl-data/CC-NEWS/2026/05/CC-NEWS-20260509053245-07845.warc.gz,2026-05-09T05:32:53Z
1858,58,43,<urn:uuid:0c567609-1ab8-4248-aba7-348872963d81>,https://www.zeffy.com/en-US/ticketing/troop-72-may-2026-campout-spring-camporee-05152026--05172026,2026-09-30 12:10:34.953294,https://data.commoncrawl.org/crawl-data/CC-NEWS/2026/05/CC-NEWS-20260509080314-07846.warc.gz,2026-05-09T08:03:16Z
1859,8,942,<urn:uuid:858eeb0b-62e9-4780-ade5-36ce8ce9624a>,https://www.westernjournal.com/video-racist-dem-nick-fuentes-media-called-right-winger-demands-trump-impeachment-lie/?utm_source=facebook&utm_medium=jeffersonnewsletter&utm_campaign=lminetwork&utm_content=2026-05-09,2026-09-30 12:10:34.953294,https://data.commoncrawl.org/crawl-data/CC-NEWS/2026/05/CC-NEWS-20260509080314-07846.warc.gz,2026-05-09T08:03:16Z
1860,292,1298,<urn:uuid:ad9855b7-d205-4a04-bc1a-aa04562d68e0>,https://be.headtopics.com/news/verbrugghe-vingegaard-le-favori-mais-des-jeunes-coureurs-83110591,2026-09-30 12:10:36.655527,https://data.commoncrawl.org/crawl-data/CC-NEWS/2026/05/CC-NEWS-20260509053245-07845.warc.gz,2026-05-09T05:32:55Z
1861,410,,<urn:uuid:65f77a84-e363-468c-93e4-baf3fea4218d>,https://www.brighteon.com/63970a51-387b-46d0-ba68-1d0419d60c52,2026-09-30 12:10:36.660234,https://data.commoncrawl.org/crawl-data/CC-NEWS/2026/05/CC-NEWS-20260509080314-07846.warc.gz,2026-05-09T08:03:18Z
1865,310,1303,<urn:uuid:7bf27e64-7942-4e95-a410-41839975a5b4>,https://www.aa.com.tr/ar/%D8%A7%D9%84%D8%AF%D9%88%D9%84-%D8%A7%D9%84%D8%B9%D8%B1%D8%A8%D9%8A%D8%A9/%D9%85%D8%B5%D8%B1-%D8%AA%D9%88%D9%82%D8%B9-%D8%A7%D8%AA%D9%81%D8%A7%D9%82%D9%8A%D8%A9-%D9%84%D8%A5%D8%B9%D8%A7%D8%AF%D8%A9-%D8%AA%D8%A3%D9%87%D9%8A%D9%84-%D8%B4%D8%A8%D9%83%D8%A7%D8%AA-%D8%A7%D9%84%D8%BA%D8%A7%D8%B2-%D9%81%D9%8A-%D9%84%D8%A8%D9%86%D8%A7%D9%86/3929341,2026-09-30 12:10:39.334929,https://data.commoncrawl.org/crawl-data/CC-NEWS/2026/05/CC-NEWS-20260509100155-07847.warc.gz,2026-05-09T10:01:58Z
1866,296,203,<urn:uuid:bd2bd6df-372d-4f84-9341-9adf2562ce71>,https://mycolumbusmagic.com/3911960/daredevil-born-again-camila-rodriguez-exclusive-interview/,2026-09-30 12:10:39.334929,https://data.commoncrawl.org/crawl-data/CC-NEWS/2026/05/CC-NEWS-20260509100155-07847.warc.gz,2026-05-09T10:02:01Z
1867,9,1302,<urn:uuid:d3478f02-7a00-4ead-b273-db3e845acf9f>,https://www.goal.com/en-my/lists/bayern-munich-transfer-pursuit-atalanta-charles-de-ketelaere-green-light/bltf399f54f6ac3fa48,2026-09-30 12:10:39.334929,https://data.commoncrawl.org/crawl-data/CC-NEWS/2026/05/CC-NEWS-20260509100155-07847.warc.gz,2026-05-09T10:02:07Z
1870,300,1305,<urn:uuid:a8ec2c21-e1a2-4671-94b3-22f71242e2cc>,https://www.ospreyobserver.com/2026/05/grace-notes-rooting-for-the-underdog/?utm_source=rss&utm_medium=rss&utm_campaign=grace-notes-rooting-for-the-underdog,2026-09-30 12:10:39.355558,https://data.commoncrawl.org/crawl-data/CC-NEWS/2026/05/CC-NEWS-20260509115238-07848.warc.gz,2026-05-09T11:52:44Z
1874,300,1309,<urn:uuid:9f3c3a4f-8a58-422f-bc8c-9f71f1597a41>,https://www.ospreyobserver.com/2026/05/hca-brandon-hospital-announces-recipients-of-seven-scholarships-including-two-20000-awards/?utm_source=rss&utm_medium=rss&utm_campaign=hca-brandon-hospital-announces-recipients-of-seven-scholarships-including-two-20000-awards,2026-09-30 12:10:46.660295,https://data.commoncrawl.org/crawl-data/CC-NEWS/2026/05/CC-NEWS-20260509115238-07848.warc.gz,2026-05-09T11:52:50Z
1875,501,1308,<urn:uuid:2cb44112-d8ab-4398-b7e3-bc3dc2683ab5>,https://www.jalopnik.com/2163908/before-buying-used-996-porsche-911-check-this/,2026-09-30 12:10:46.660295,https://data.commoncrawl.org/crawl-data/CC-NEWS/2026/05/CC-NEWS-20260509115238-07848.warc.gz,2026-05-09T11:52:50Z
1882,30,704,<urn:uuid:e95941ca-3e98-4b19-a20a-fbd269297165>,https://www.elbalad.news/6964561,2026-09-30 12:10:53.640221,https://data.commoncrawl.org/crawl-data/CC-NEWS/2026/05/CC-NEWS-20260509134912-07849.warc.gz,2026-05-09T13:49:16Z
1883,98,,<urn:uuid:6e4bac06-08d6-4dca-ae8d-fa6738ef4012>,https://www.wionews.com/world/dhash-defense-systems-indigenous-all-terrain-platforms-invited-for-army-trials-after-north-tech-showcase-1778332971248,2026-09-30 12:10:53.640221,https://data.commoncrawl.org/crawl-data/CC-NEWS/2026/05/CC-NEWS-20260509134912-07849.warc.gz,2026-05-09T13:49:18Z
1884,237,670,<urn:uuid:01a792f9-c4f6-4181-8aae-d12e4da1fb5c>,https://www.marketbeat.com/instant-alerts/filing-vanguard-group-inc-raises-position-in-phinia-inc-phin-2026-05-09/,2026-09-30 12:10:53.640221,https://data.commoncrawl.org/crawl-data/CC-NEWS/2026/05/CC-NEWS-20260509134912-07849.warc.gz,2026-05-09T13:49:19Z
1891,121,1321,<urn:uuid:3c9f8516-8194-451d-9161-dd6b08c82bb7>,https://www.si.com/nba/pistons/onsi/pistons-insider-what-we-know-ahead-of-game-3-in-cleveland-01kr6h0vv8cb,2026-09-30 12:10:55.783796,https://data.commoncrawl.org/crawl-data/CC-NEWS/2026/05/CC-NEWS-20260509154103-07850.warc.gz,2026-05-09T15:41:09Z
1892,307,1322,<urn:uuid:36c45d9d-84e4-4cf6-94cc-3f7b4545b5fe>,https://tribune.net.ph/2026/05/09/looming-human-cost-of-cheds-reframed-gen-ed-curriculum,2026-09-30 12:10:55.783796,https://data.commoncrawl.org/crawl-data/CC-NEWS/2026/05/CC-NEWS-20260509154103-07850.warc.gz,2026-05-09T15:41:09Z
1893,333,1323,<urn:uuid:8389a37e-1a56-46f8-acc7-a4c17c646d02>,https://www.essentiallysports.com/nfl-active-news-browns-hc-todd-monken-gives-up-on-rookie-qb-s-future-at-otas-amid-grim-shedeur-sanders-update/,2026-09-30 12:10:55.783796,https://data.commoncrawl.org/crawl-data/CC-NEWS/2026/05/CC-NEWS-20260509154103-07850.warc.gz,2026-05-09T15:41:09Z
1896,12,681,<urn:uuid:be01bcea-1e6f-4be2-887e-d1b72ee933c7>,https://www.rotowire.com/soccer/headlines/dimitris-giannoulis-injury-exits-in-first-few-minutes-514913,2026-09-30 12:10:55.795038,https://data.commoncrawl.org/crawl-data/CC-NEWS/2026/05/CC-NEWS-20260509180348-07851.warc.gz,2026-05-09T18:03:54Z
1900,317,1319,<urn:uuid:933aa64d-936c-4431-8327-bba05f16d957>,https://www.babnet.net/cadredetail-328981.asp,2026-09-30 12:10:58.613891,https://data.commoncrawl.org/crawl-data/CC-NEWS/2026/05/CC-NEWS-20260509180348-07851.warc.gz,2026-05-09T18:03:55Z
1901,310,1318,<urn:uuid:1e5f336c-d781-441a-b529-e4c18d044ff5>,https://www.aa.com.tr/fr/afrique/alg%C3%A9rie-larm%C3%A9e-annonce-l%C3%A9limination-dun-terroriste-%C3%A0-ain-defla-150-km-%C3%A0-louest-dalger/3912727,2026-09-30 12:10:58.613891,https://data.commoncrawl.org/crawl-data/CC-NEWS/2026/05/CC-NEWS-20260509180348-07851.warc.gz,2026-05-09T18:03:57Z
1904,1836,1332,<urn:uuid:3bacbd1d-69ee-4418-8b3d-f5a715fc5536>,https://www.fourfourtwo.com/person/player/thomas-tuchel-is-a-massive-weapon-for-england-in-the-big-moments-hes-more-decisive-and-thats-what-wins-you-games-danny-murphy-on-the-three-lions-difference-maker-coach,2026-09-30 12:10:58.625207,https://data.commoncrawl.org/crawl-data/CC-NEWS/2026/05/CC-NEWS-20260509205237-07852.warc.gz,2026-05-09T20:52:48Z
1907,22,,<urn:uuid:5fac2e37-65fd-48d0-aed5-82ee89d6912d>,https://www.nbcsports.com/watch/wnba/highlights-phoenix-mercury-spoil-las-vegas-aces-ring-ceremony-with-big-win,2026-09-30 12:10:58.629177,https://data.commoncrawl.org/crawl-data/CC-NEWS/2026/05/CC-NEWS-20260510005120-07853.warc.gz,2026-05-10T00:51:29Z
1908,636,1334,<urn:uuid:672b823f-77ae-4ac4-91f2-9d47d1af0489>,https://www.latimes.com/california/story/2026-05-09/hesperia-high-school-wrestling-coach-arrested-in-child-sex-investigation,2026-09-30 12:11:05.394578,https://data.commoncrawl.org/crawl-data/CC-NEWS/2026/05/CC-NEWS-20260509205237-07852.warc.gz,2026-05-09T20:52:48Z
1909,273,186,<urn:uuid:eb490dc8-9954-4f18-96e4-fe13fdea7cd6>,https://www.albayan.ae/news/uae/society/1265083,2026-09-30 12:11:05.394578,https://data.commoncrawl.org/crawl-data/CC-NEWS/2026/05/CC-NEWS-20260509205237-07852.warc.gz,2026-05-09T20:52:49Z
1910,39,,<urn:uuid:b879ab26-c3a7-49d3-8ad6-6c8f49e8c408>,https://almanar.com.lb/article/838067/,2026-09-30 12:11:05.402394,https://data.commoncrawl.org/crawl-data/CC-NEWS/2026/05/CC-NEWS-20260510005120-07853.warc.gz,2026-05-10T00:51:29Z
1911,323,,<urn:uuid:66f5e277-505e-42d9-86be-961811df8457>,https://www.golfchannel.com/watch/golf-central/pga-tour-highlights-2026-truist-championship-round-2,2026-09-30 12:11:05.402394,https://data.commoncrawl.org/crawl-data/CC-NEWS/2026/05/CC-NEWS-20260510005120-07853.warc.gz,2026-05-10T00:51:30Z
1916,237,670,<urn:uuid:633507bf-ce33-469a-b192-244fc23bffef>,https://www.marketbeat.com/instant-alerts/bluelinx-q1-earnings-call-highlights-2026-05-09/,2026-09-30 12:11:07.817717,https://data.commoncrawl.org/crawl-data/CC-NEWS/2026/05/CC-NEWS-20260510045742-07854.warc.gz,2026-05-10T04:57:52Z
1917,324,216,<urn:uuid:7d4ac1d0-79aa-4363-aa44-50bfd132245e>,https://www.indiatvnews.com/news/world/war-coming-to-an-end-putin-signals-endgame-in-ukraine-war-after-years-of-bloodshed-2026-05-10-1040549,2026-09-30 12:11:07.817717,https://data.commoncrawl.org/crawl-data/CC-NEWS/2026/05/CC-NEWS-20260510045742-07854.warc.gz,2026-05-10T04:57:58Z
1920,84,1342,<urn:uuid:21a5a95d-d91a-4935-8ac2-cc3e936a43cf>,https://www.aljazeera.net/health/2026/5/10/%D9%87%D9%84-%D9%8A%D9%85%D9%83%D9%86-%D8%B9%D9%83%D8%B3-%D8%A7%D9%84%D9%85%D8%B3%D8%A7%D8%B1-%D8%A7%D9%84%D8%A8%D9%8A%D9%88%D9%84%D9%88%D8%AC%D9%8A-%D9%84%D9%84%D8%B4%D9%8A%D8%AE%D9%88%D8%AE%D8%A9?traffic_source=rss,2026-09-30 12:11:07.827137,https://data.commoncrawl.org/crawl-data/CC-NEWS/2026/05/CC-NEWS-20260510073944-07855.warc.gz,2026-05-10T07:39:56Z
1924,237,,<urn:uuid:816d47a6-3036-4e8a-a4a4-c73fe5eec0f3>,https://www.marketbeat.com/instant-alerts/bobs-discount-furniture-q1-earnings-call-highlights-2026-05-09/,2026-09-30 12:11:10.540979,https://data.commoncrawl.org/crawl-data/CC-NEWS/2026/05/CC-NEWS-20260510045742-07854.warc.gz,2026-05-10T04:57:58Z
1925,9,1346,<urn:uuid:a6c5bad6-aaae-4ee2-b64b-17607300e024>,https://www.goal.com/en-ug/lists/brentford-referee-man-city-keith-andrews/blta1a5c3d6434dd111,2026-09-30 12:11:10.546835,https://data.commoncrawl.org/crawl-data/CC-NEWS/2026/05/CC-NEWS-20260510073944-07855.warc.gz,2026-05-10T07:39:58Z
1926,84,796,<urn:uuid:5c34b5a6-2055-468f-a97f-73b3c510a226>,https://www.aljazeera.net/news/2026/5/10/%D8%A5%D8%B3%D8%B1%D8%A7%D8%A6%D9%8A%D9%84-%D8%AA%D8%B9%D9%84%D9%86-%D8%AA%D8%B1%D8%AD%D9%8A%D9%84-%D8%A3%D9%81%D9%8A%D9%84%D8%A7-%D9%88%D8%A3%D8%A8%D9%88-%D9%83%D8%B4%D9%83?traffic_source=rss,2026-09-30 12:11:10.546835,https://data.commoncrawl.org/crawl-data/CC-NEWS/2026/05/CC-NEWS-20260510073944-07855.warc.gz,2026-05-10T07:40:02Z
1932,311,,<urn:uuid:216aef04-f83f-42ad-974b-f24c4b197663>,https://news.az/tag/himalayan_region,2026-09-30 12:11:15.109234,https://data.commoncrawl.org/crawl-data/CC-NEWS/2026/05/CC-NEWS-20260510102937-07856.warc.gz,2026-05-10T10:29:40Z
1933,1866,1352,<urn:uuid:0864a3e8-771d-4b79-b0d3-3bb10294efc4>,https://www.thehealthsite.com/diseases-conditions/vitamin-d-deficiency-symptoms-6-warning-signs-your-skin-may-show-when-vitamin-d-levels-drop-too-low-1323286/,2026-09-30 12:11:15.114977,https://data.commoncrawl.org/crawl-data/CC-NEWS/2026/05/CC-NEWS-20260510125658-07857.warc.gz,2026-05-10T12:57:24Z
1934,1864,1353,<urn:uuid:44d340dc-90c2-47b6-a47e-1167bf650d82>,https://www.delmarvapublicmedia.org/2026-05-10/a-historian-discusses-trumps-plan-to-build-an-arch-to-commemorate-250-years,2026-09-30 12:11:15.114977,https://data.commoncrawl.org/crawl-data/CC-NEWS/2026/05/CC-NEWS-20260510125658-07857.warc.gz,2026-05-10T12:57:24Z
1935,311,,<urn:uuid:aa07a214-6692-4d79-bb7d-6a176a8657d5>,https://news.az/tag/life,2026-09-30 12:11:15.114977,https://data.commoncrawl.org/crawl-data/CC-NEWS/2026/05/CC-NEWS-20260510125658-07857.warc.gz,2026-05-10T12:57:24Z
1939,3,1357,<urn:uuid:fe9416c4-b56f-4afa-a8d8-7918aa6b3d06>,https://news.abplive.com/entertainment/south-cinema/drishyam-3-trailer-out-georgekutty-s-perfect-escape-begins-to-crack-amid-fresh-suspense-1842666,2026-09-30 12:11:17.186059,https://data.commoncrawl.org/crawl-data/CC-NEWS/2026/05/CC-NEWS-20260510102937-07856.warc.gz,2026-05-10T10:29:43Z
1940,36,1356,<urn:uuid:a00985f8-2668-4bbb-93a5-6ef6bffb43b8>,https://www.indiatoday.in/india/story/gelatin-sticks-recovered-near-pm-modis-event-venue-in-bengaluru-outskirts-suspect-in-custody-2909513-2026-05-10?utm_source=rss,2026-09-30 12:11:17.186059,https://data.commoncrawl.org/crawl-data/CC-NEWS/2026/05/CC-NEWS-20260510102937-07856.warc.gz,2026-05-10T10:29:43Z
1943,14,681,<urn:uuid:b7a44d2d-1237-4978-bb44-c79046a5e0fe>,https://www.cbssports.com/fantasy/baseball/news/guardians-jose-ramirez-on-base-three-times-1002419/,2026-09-30 12:11:17.194338,https://data.commoncrawl.org/crawl-data/CC-NEWS/2026/05/CC-NEWS-20260510152147-07858.warc.gz,2026-05-10T15:21:57Z
1947,8,227,<urn:uuid:bdf0d246-c53b-4744-959f-395db13e51ec>,https://www.westernjournal.com/breaking-russia-ukraine-agree-trumps-ceasefire-request-pushes-beginning-end/?utm_source=facebook&utm_medium=jeffersonnewsletter&utm_campaign=lminetwork&utm_content=2026-05-10,2026-09-30 12:11:19.296562,https://data.commoncrawl.org/crawl-data/CC-NEWS/2026/05/CC-NEWS-20260510152147-07858.warc.gz,2026-05-10T15:21:56Z
1948,170,1362,<urn:uuid:68eb085b-f2fa-4b6f-9065-fdc59563ecdf>,https://www.cbsnews.com/video/open-this-is-face-the-nation-with-margaret-brennan-may-10-2026/,2026-09-30 12:11:19.296562,https://data.commoncrawl.org/crawl-data/CC-NEWS/2026/05/CC-NEWS-20260510152147-07858.warc.gz,2026-05-10T15:22:00Z
1950,216,1365,<urn:uuid:68b70e4f-66b9-4124-a294-39296dd0f4df>,https://ca.headtopics.com/news/canadians-on-mv-hondius-begin-desembarking-after-83182360,2026-09-30 12:11:19.307814,https://data.commoncrawl.org/crawl-data/CC-NEWS/2026/05/CC-NEWS-20260510180457-07859.warc.gz,2026-05-10T18:05:08Z
1951,81,,<urn:uuid:5a489448-ac55-47ed-8722-0ae25d0ea850>,https://unidivers.fr/event/marek-kvetan-une-foret-en-soi-maison-de-larchitecture-ile-de-france-paris-paris-2026-06-06t2200000200/,2026-09-30 12:11:19.307814,https://data.commoncrawl.org/crawl-data/CC-NEWS/2026/05/CC-NEWS-20260510180457-07859.warc.gz,2026-05-10T18:05:08Z
1955,237,670,<urn:uuid:d8376a72-3acd-433e-b5c0-b3280d53b194>,https://www.marketbeat.com/instant-alerts/filing-first-merchants-corporation-frme-shares-sold-by-vanguard-group-inc-2026-05-10/,2026-09-30 12:11:21.244009,https://data.commoncrawl.org/crawl-data/CC-NEWS/2026/05/CC-NEWS-20260510180457-07859.warc.gz,2026-05-10T18:05:09Z
1956,346,,<urn:uuid:ce7f8ddd-aad8-4025-84f2-2f6310031801>,https://arriyadiyah.com/890965/%D8%AC%D8%B2%D8%A7%D8%A6%D9%8A%D8%A9-%D9%82%D8%A7%D8%AA%D9%84%D8%A9-%D8%AA%D9%85%D9%86%D8%AD-%D8%B1%D9%88%D9%85%D8%A7-%D9%86%D9%82%D8%A7%D8%B7-%D8%A8%D8%A7%D8%B1%D9%85%D8%A7,2026-09-30 12:11:21.249539,https://data.commoncrawl.org/crawl-data/CC-NEWS/2026/05/CC-NEWS-20260510203232-07860.warc.gz,2026-05-10T20:32:44Z
1957,1886,1369,<urn:uuid:8f364986-d1cd-4497-8bd4-00536b215793>,https://www.tampabay28.com/news/region-pinellas/courtney-campbell-causeway-closing-for-two-nights-starting-monday-fdot,2026-09-30 12:11:21.249539,https://data.commoncrawl.org/crawl-data/CC-NEWS/2026/05/CC-NEWS-20260510203232-07860.warc.gz,2026-05-10T20:32:46Z
1958,58,43,<urn:uuid:595e30ca-3da5-473e-a3ca-0e8ba2be61cf>,https://www.zeffy.com/fr-CA/ticketing/projection-du-documentaire-locean-vu-du-coeur-parcours-laurentien,2026-09-30 12:11:21.249539,https://data.commoncrawl.org/crawl-data/CC-NEWS/2026/05/CC-NEWS-20260510203232-07860.warc.gz,2026-05-10T20:32:46Z
1964,1489,,<urn:uuid:5fa30ef8-acb8-4e53-a399-f646b5cb85b7>,https://wsvn.com/news/local/broward/growing-brush-fire-in-everglades-causes-road-closures-more-than-4000-acres-burned/,2026-09-30 12:11:23.42678,https://data.commoncrawl.org/crawl-data/CC-NEWS/2026/05/CC-NEWS-20260510234657-07861.warc.gz,2026-05-10T23:47:10Z
1971,81,,<urn:uuid:7e6d20d7-574f-4b15-83f2-8b7606f62264>,https://unidivers.fr/event/the-wisches-pop-rock-concert-wisches-bas-rhin-2026-05-15/,2026-09-30 12:11:25.870532,https://data.commoncrawl.org/crawl-data/CC-NEWS/2026/05/CC-NEWS-20260510234657-07861.warc.gz,2026-05-10T23:47:10Z
1972,1899,1380,<urn:uuid:584799bd-ebd6-468b-a031-5c6f643adb6d>,https://www.foxsports.com.au/afl/teams/north-melbourne-kangaroos/afl-2026-david-king-criticism-of-nick-larkey-after-form-slump-first-crack-reaction-stats-north-melbourne-loss-to-sydney-latest-news/news-story/960ff53534aaafc8384152280bc6b5ae,2026-09-30 12:11:25.870532,https://data.commoncrawl.org/crawl-data/CC-NEWS/2026/05/CC-NEWS-20260510234657-07861.warc.gz,2026-05-10T23:47:11Z
1975,354,238,<urn:uuid:808d5a29-669e-48a8-97a7-45c6ff354c94>,https://happymag.tv/diljit-dosanjh-aura-world-tour-set-list-set-times/,2026-09-30 12:11:25.875944,https://data.commoncrawl.org/crawl-data/CC-NEWS/2026/05/CC-NEWS-20260511035217-07862.warc.gz,2026-05-11T03:52:27Z
1976,92,1379,<urn:uuid:11c10dbd-391e-47c4-afe9-0aae96aa41f7>,https://www.hindustantimes.com/lifestyle/recipe/mothers-day-2026-whip-up-a-wholesome-breakfast-in-bed-with-these-healthy-recipes-your-mum-will-thank-you-for-101778316889438.html,2026-09-30 12:11:25.880806,https://data.commoncrawl.org/crawl-data/CC-NEWS/2026/05/CC-NEWS-20260511065412-07863.warc.gz,2026-05-11T06:54:26Z
1977,92,1384,<urn:uuid:c2571ded-8564-48c2-a8ea-dad25a31809d>,https://www.hindustantimes.com/lifestyle/relationships/feeling-emotionally-drained-from-dating-relationship-coach-shares-5-practical-ways-to-overcome-dating-burnout-101778478201972-amp.html,2026-09-30 12:11:25.880806,https://data.commoncrawl.org/crawl-data/CC-NEWS/2026/05/CC-NEWS-20260511065412-07863.warc.gz,2026-05-11T06:54:28Z
1978,92,1384,<urn:uuid:bf0ec628-3bac-4f1e-b68e-d58b84afb540>,https://www.hindustantimes.com/lifestyle/relationships/feeling-emotionally-drained-from-dating-relationship-coach-shares-5-practical-ways-to-overcome-dating-burnout-101778478201972.html,2026-09-30 12:11:25.880806,https://data.commoncrawl.org/crawl-data/CC-NEWS/2026/05/CC-NEWS-20260511065412-07863.warc.gz,2026-05-11T06:54:34Z
1979,1905,,<urn:uuid:8a243ce7-ce4c-45ac-9a1a-4bdcbe1ae766>,https://www.royalcanin.com/mt/dogs/breeds/basenji,2026-09-30 12:11:28.257436,https://data.commoncrawl.org/crawl-data/CC-NEWS/2026/05/CC-NEWS-20260511035217-07862.warc.gz,2026-05-11T03:52:29Z
1980,28,680,<urn:uuid:b13ab388-c550-4262-bb11-662bc3eb8f13>,https://timesofindia.indiatimes.com/entertainment/english/hollywood/news/martin-short-opens-up-about-daughter-katherine-shorts-death-by-suicide-she-did-the-best-she-could-until-she-couldnt/articleshow/131002548.cms,2026-09-30 12:11:28.257436,https://data.commoncrawl.org/crawl-data/CC-NEWS/2026/05/CC-NEWS-20260511035217-07862.warc.gz,2026-05-11T03:52:30Z
1986,277,1274,<urn:uuid:33ebf9d5-b4f1-46f2-b549-bd4f5995f548>,https://tvovermind.com/spelling-bee-answers-07-may-2026-39/,2026-09-30 12:11:28.267285,https://data.commoncrawl.org/crawl-data/CC-NEWS/2026/05/CC-NEWS-20260511103044-07865.warc.gz,2026-05-11T10:30:44Z
1988,80,,<urn:uuid:995bf959-2cad-4e9b-9bca-16294caa24b3>,https://www.aljazeera.com/video/upfront/2026/5/11/ex-israeli-pm-hezbollah-is-the-enemy-of-lebanon-and-must-be-disarmed?traffic_source=rss,2026-09-30 12:11:30.934573,https://data.commoncrawl.org/crawl-data/CC-NEWS/2026/05/CC-NEWS-20260511085626-07864.warc.gz,2026-05-11T08:56:37Z
1989,324,216,<urn:uuid:b2a33c18-ba47-4c64-9c3e-362a1290da58>,https://www.indiatvnews.com/technology/news/scan-qr-codes-to-prove-google-that-you-are-human-new-recaptcha-system-sparks-debate-2026-05-11-1040687,2026-09-30 12:11:30.934573,https://data.commoncrawl.org/crawl-data/CC-NEWS/2026/05/CC-NEWS-20260511085626-07864.warc.gz,2026-05-11T08:56:38Z
1990,1746,1392,<urn:uuid:e50e5f42-839c-4e1a-9bc3-e21eb4e42f1a>,https://www.cronista.com/espana/actualidad-es/se-despiden-los-lavavajillas-este-nuevo-electrodomestico-de-lidl-tiene-5-programas-distintos-para-limpiar-los-platos/,2026-09-30 12:11:30.942167,https://data.commoncrawl.org/crawl-data/CC-NEWS/2026/05/CC-NEWS-20260511103044-07865.warc.gz,2026-05-11T10:30:49Z
1991,30,704,<urn:uuid:22112520-f8c8-401d-ba7d-d0ad1db76bc7>,https://www.elbalad.news/6966869,2026-09-30 12:11:30.942167,https://data.commoncrawl.org/crawl-data/CC-NEWS/2026/05/CC-NEWS-20260511103044-07865.warc.gz,2026-05-11T10:30:49Z
1995,2,660,<urn:uuid:246a266b-09d2-4732-95dd-092c16ecaa0e>,https://www.bizcommunity.com/article/gibs-ranked-2-in-middle-east-and-africa-in-qs-executive-mba-rankings-2026-281307a,2026-09-30 12:12:46.12279,https://data.commoncrawl.org/crawl-data/CC-NEWS/2026/05/CC-NEWS-20260501024825-07751.warc.gz,2026-05-01T02:48:43Z
1996,108,,<urn:uuid:76f2ba3f-18b8-4f6f-8f79-d34400f7de11>,https://thewest.com.au/lifestyle/motoring/jeep-ram-sales-surge-pushes-stellantis-back-into-profit-c-22219860,2026-09-30 12:12:46.12279,https://data.commoncrawl.org/crawl-data/CC-NEWS/2026/05/CC-NEWS-20260501024825-07751.warc.gz,2026-05-01T02:48:48Z
1997,4,,<urn:uuid:62869b42-065f-46ae-bd7f-c308cd35be06>,https://www.law360.com/pulse/articles/2471914/ex-husch-blackwell-partner-urges-discovery-in-erisa-dispute,2026-09-30 12:12:46.12279,https://data.commoncrawl.org/crawl-data/CC-NEWS/2026/05/CC-NEWS-20260501024825-07751.warc.gz,2026-05-01T02:48:49Z
1998,991,1399,<urn:uuid:bab54d87-5034-4bb4-959f-03dfae18cb43>,https://www.irishtimes.com/world/middle-east/2026/05/01/iran-us-war-trump-strait-of-hormuz-latest-live-updates/,2026-09-30 12:12:46.137769,https://data.commoncrawl.org/crawl-data/CC-NEWS/2026/05/CC-NEWS-20260501055621-07752.warc.gz,2026-05-01T05:56:36Z
1999,6,6,<urn:uuid:50c0aeb7-be48-47f1-98a2-d7dfd499b5de>,https://www.koreaherald.com/article/10729852,2026-09-30 12:12:46.137769,https://data.commoncrawl.org/crawl-data/CC-NEWS/2026/05/CC-NEWS-20260501055621-07752.warc.gz,2026-05-01T05:56:36Z
2000,216,1398,<urn:uuid:75dd69b3-a87a-465b-8b7d-1161ca5d2eda>,https://ca.headtopics.com/news/diverse-news-roundup-from-legal-changes-to-tech-82770216,2026-09-30 12:12:46.137769,https://data.commoncrawl.org/crawl-data/CC-NEWS/2026/05/CC-NEWS-20260501055621-07752.warc.gz,2026-05-01T05:56:39Z
2001,995,1401,<urn:uuid:22a9fb69-388f-47b5-87ec-3287efec73fa>,https://www.whio.com/sports/jokic-still-wants-be/3VBWANYA2AYRJAHNIGWCNFTZ3I/,2026-09-30 12:12:46.143055,https://data.commoncrawl.org/crawl-data/CC-NEWS/2026/05/CC-NEWS-20260501080229-07753.warc.gz,2026-05-01T08:02:47Z
2002,9,,<urn:uuid:f56a54e4-ef82-47d0-a9a2-8b772599d309>,https://www.goal.com/fr/news/selon-jan-joost-van-gangelen-un-joueur-extremement-talentueux-de-l-eredivisie-se-montrerait-receptif-a-un-transfert-inattendu/blt73ca51e47899cd3b,2026-09-30 12:12:46.143055,https://data.commoncrawl.org/crawl-data/CC-NEWS/2026/05/CC-NEWS-20260501080229-07753.warc.gz,2026-05-01T08:02:47Z
2003,1457,,<urn:uuid:ed9e6b53-1ea6-42fc-b56e-9e8f0c568135>,https://www.fbcnews.com.fj/news/committee-expansion-targets-failing-sugar-output/,2026-09-30 12:12:46.143055,https://data.commoncrawl.org/crawl-data/CC-NEWS/2026/05/CC-NEWS-20260501080229-07753.warc.gz,2026-05-01T08:02:48Z
2004,489,1403,<urn:uuid:8c66c509-2333-4b09-861d-c538a8f41ef4>,https://toronto.citynews.ca/2026/05/01/majority-of-canadians-believe-national-economy-is-on-the-wrong-track-poll/,2026-09-30 12:12:48.440095,https://data.commoncrawl.org/crawl-data/CC-NEWS/2026/05/CC-NEWS-20260501100142-07754.warc.gz,2026-05-01T10:01:50Z
2005,841,,<urn:uuid:4f215ca7-6ee7-4411-914d-9a58dc0a0bdd>,https://www.nike.com/fr/w/filles-marche-a-pied-chaussures-3aqegzb3e0kzy7ok,2026-09-30 12:12:48.440095,https://data.commoncrawl.org/crawl-data/CC-NEWS/2026/05/CC-NEWS-20260501100142-07754.warc.gz,2026-05-01T10:01:50Z
2006,1000,1402,<urn:uuid:006f859e-a4f2-4901-b5f2-f09e8b2e0a78>,https://www.thequint.com/news/webqoof/kerala-assembly-elections-2026-parties-history-anti-incumbency,2026-09-30 12:12:48.440095,https://data.commoncrawl.org/crawl-data/CC-NEWS/2026/05/CC-NEWS-20260501100142-07754.warc.gz,2026-05-01T10:01:53Z
2007,1934,1404,<urn:uuid:592971a0-15f7-434c-8db0-3c78c0ab6bfc>,https://www.radiotimes.com/technology/gaming/the-mandalorian-and-grogu-10-minutes-footage-fortnite-newsupdate/,2026-09-30 12:12:48.452791,https://data.commoncrawl.org/crawl-data/CC-NEWS/2026/05/CC-NEWS-20260501115900-07755.warc.gz,2026-05-01T11:59:12Z
2008,1932,1405,<urn:uuid:a955cb77-97db-4614-a3cd-e3fe80537e8a>,https://www.linternaute.com/actualite/monde/9970081-guerre-en-iran-et-au-liban-quel-est-le-cout-du-conflit-au-moyen-orient-pour-la-france/,2026-09-30 12:12:48.452791,https://data.commoncrawl.org/crawl-data/CC-NEWS/2026/05/CC-NEWS-20260501115900-07755.warc.gz,2026-05-01T11:59:12Z
2009,1933,278,<urn:uuid:59f40b81-edc9-47e5-91a7-753e29bd3515>,https://www.outlookbusiness.com/corporate/adani-unveils-internal-overhaul-to-speed-up-decisions-reshape-partnerships,2026-09-30 12:12:48.452791,https://data.commoncrawl.org/crawl-data/CC-NEWS/2026/05/CC-NEWS-20260501115900-07755.warc.gz,2026-05-01T11:59:12Z
2010,136,278,<urn:uuid:36ad94ed-e1a0-4e24-8258-f37ea87f54a3>,https://www.telegraphindia.com/business/noida-international-airport-to-begin-commercial-flight-operations-from-june-15/cid/2158631,2026-09-30 12:12:48.458977,https://data.commoncrawl.org/crawl-data/CC-NEWS/2026/05/CC-NEWS-20260501134040-07756.warc.gz,2026-05-01T13:40:48Z
2011,42,1407,<urn:uuid:29915ed1-f7e1-4bdf-8827-a9308731b9cf>,https://www.freepressjournal.in/entertainment/kumbh-mela-girl-monalisa-bhosle-files-pocso-case-against-vhp-leader-director-sanoj-mishra-others-shocking-allegations-surface,2026-09-30 12:12:48.458977,https://data.commoncrawl.org/crawl-data/CC-NEWS/2026/05/CC-NEWS-20260501134040-07756.warc.gz,2026-05-01T13:40:50Z
2012,237,670,<urn:uuid:9197494a-635c-4e19-a145-c222b84efbf9>,https://www.marketbeat.com/instant-alerts/filing-conestoga-capital-advisors-llc-has-2842-million-stock-position-in-jbt-marel-corporation-jbtm-2026-05-01/,2026-09-30 12:12:48.458977,https://data.commoncrawl.org/crawl-data/CC-NEWS/2026/05/CC-NEWS-20260501134040-07756.warc.gz,2026-05-01T13:40:51Z
2013,420,1410,<urn:uuid:ec12d51b-8a0c-46b0-8237-445109b4460c>,https://www.prnewswire.com/news-releases/goss-shareholder-reminder-faruqi--faruqi-llp-reminds-gossamer-bio-goss-investors-of-securities-class-action-deadline-on-june-1-2026-302759781.html,2026-09-30 12:12:51.568692,https://data.commoncrawl.org/crawl-data/CC-NEWS/2026/05/CC-NEWS-20260501152712-07757.warc.gz,2026-05-01T15:27:24Z
2014,16,1412,<urn:uuid:b4dc755d-559d-4343-96eb-dd8b3ae9c88f>,https://www.blick.ch/fr/suisse/le-conseil-federal-renove-son-petit-chateau-pour-9-millions-id21914280.html,2026-09-30 12:12:51.568692,https://data.commoncrawl.org/crawl-data/CC-NEWS/2026/05/CC-NEWS-20260501152712-07757.warc.gz,2026-05-01T15:27:26Z
2015,17,1411,<urn:uuid:afc3afd1-b1c2-4d99-818b-23d2693a9e1c>,https://www.foxnews.com/tech/ai-newsletter-anthropic-model-too-dangerous-go-public,2026-09-30 12:12:51.568692,https://data.commoncrawl.org/crawl-data/CC-NEWS/2026/05/CC-NEWS-20260501152712-07757.warc.gz,2026-05-01T15:27:26Z
2016,1943,1413,<urn:uuid:59b5c5a6-c09f-4ace-8b21-dd12edb997ee>,https://www.welovetennis.fr/atp/atp-madrid/jannik-sinner-apres-sa-victoire-contre-arthur-fils-je-savais-avant-le-match-quil-faisait-partie-des-meilleurs-joueurs-du-monde-en-ce-moment,2026-09-30 12:12:51.575232,https://data.commoncrawl.org/crawl-data/CC-NEWS/2026/05/CC-NEWS-20260501171411-07758.warc.gz,2026-05-01T17:14:25Z
2017,1941,1415,<urn:uuid:c944add7-ca9a-46e3-b355-c5029eb8665a>,https://www.araanews.ae/%D8%A2%D9%86-%D9%87%D8%A7%D8%AB%D8%A7%D9%88%D8%A7%D9%8A-%D8%AA%D8%AD%D8%B5%D9%84-%D8%B9%D9%84%D9%89-%D8%A7%D9%84%D9%81%D8%B6%D9%84-%D9%81%D9%8A-%D8%A3%D8%AF%D8%A7%D8%A1-%D9%86%D9%8A%D9%83%D8%B3-%D8%A7/,2026-09-30 12:12:51.575232,https://data.commoncrawl.org/crawl-data/CC-NEWS/2026/05/CC-NEWS-20260501171411-07758.warc.gz,2026-05-01T17:14:25Z
2018,20,1414,<urn:uuid:58716929-7d3e-4c16-a7c9-652faa54d4e5>,https://www.udiscovermusic.com/news/snow-patrol-eyes-open-20th-anniversary/,2026-09-30 12:12:51.575232,https://data.commoncrawl.org/crawl-data/CC-NEWS/2026/05/CC-NEWS-20260501171411-07758.warc.gz,2026-05-01T17:14:29Z
2019,28,1129,<urn:uuid:4364a696-df10-40a6-89ab-23e1d772baa6>,https://timesofindia.indiatimes.com/city/mumbai/1-dies-as-truck-hits-mini-bus-on-hway/articleshow/130684120.cms,2026-09-30 12:12:51.580276,https://data.commoncrawl.org/crawl-data/CC-NEWS/2026/05/CC-NEWS-20260501191844-07759.warc.gz,2026-05-01T19:18:57Z
2020,24,1136,<urn:uuid:8b183462-d386-4738-9af4-50023fdae581>,https://fansided.com/nba/lebron-james-legacy-will-be-reshaped-by-this-matchup-with-the-rockets,2026-09-30 12:12:51.580276,https://data.commoncrawl.org/crawl-data/CC-NEWS/2026/05/CC-NEWS-20260501191844-07759.warc.gz,2026-05-01T19:18:59Z
2021,27,,<urn:uuid:fd081bd9-3c0d-4652-bd96-9d43aee968d6>,https://www.odt.co.nz/regions/north-otago/street-party-celebrate-forrester-gallery-reopening,2026-09-30 12:12:51.580276,https://data.commoncrawl.org/crawl-data/CC-NEWS/2026/05/CC-NEWS-20260501191844-07759.warc.gz,2026-05-01T19:18:59Z
2022,30,704,<urn:uuid:9adcbec3-e709-4db8-adcb-143339c67f59>,https://www.elbalad.news/6955879,2026-09-30 12:12:53.505603,https://data.commoncrawl.org/crawl-data/CC-NEWS/2026/05/CC-NEWS-20260501214122-07760.warc.gz,2026-05-01T21:41:32Z
2023,121,1419,<urn:uuid:f62b213e-725e-498f-8222-f0276182d028>,https://www.si.com/college/usc/football/usc-trojans-recruiting-staff-suffers-key-loss-smu-mustangs-zaire-turner,2026-09-30 12:12:53.505603,https://data.commoncrawl.org/crawl-data/CC-NEWS/2026/05/CC-NEWS-20260501214122-07760.warc.gz,2026-05-01T21:41:32Z
2024,1270,1418,<urn:uuid:c2e2babc-317f-4fe0-8e8e-40c34b877014>,https://www.entrepreneur.com/leadership/ai-wont-replace-leaders-it-will-expose-them-heres/503948,2026-09-30 12:12:53.505603,https://data.commoncrawl.org/crawl-data/CC-NEWS/2026/05/CC-NEWS-20260501214122-07760.warc.gz,2026-05-01T21:41:32Z
2025,37,,<urn:uuid:bc378c57-3ad3-4446-8b36-0d6370895e72>,https://www.kjrh.com/videos/news/local-news/how-oklahoma-emergency-management-plays-a-crucial-role-before-and-after-disasters,2026-09-30 12:12:53.511628,https://data.commoncrawl.org/crawl-data/CC-NEWS/2026/05/CC-NEWS-20260502005203-07761.warc.gz,2026-05-02T00:52:10Z
2026,35,,<urn:uuid:9c418b6c-ea98-4738-92f0-d72a41719d43>,https://www.cloudflare.com/en-au/application-services/products/registrar/buy-xyz-domains/,2026-09-30 12:12:53.511628,https://data.commoncrawl.org/crawl-data/CC-NEWS/2026/05/CC-NEWS-20260502005203-07761.warc.gz,2026-05-02T00:52:09Z
2027,38,,<urn:uuid:c76580b5-4333-49d3-a6fc-8f16694f8735>,https://www.meltwater.com/en/capabilities/influencer-marketing,2026-09-30 12:12:53.511628,https://data.commoncrawl.org/crawl-data/CC-NEWS/2026/05/CC-NEWS-20260502005203-07761.warc.gz,2026-05-02T00:52:10Z
2028,15,891,<urn:uuid:40e34273-5830-46a7-9e53-4be0247e3a48>,https://www.nasdaq.com/articles/graftech-eaf-q1-2026-earnings-transcript,2026-09-30 12:12:53.515971,https://data.commoncrawl.org/crawl-data/CC-NEWS/2026/05/CC-NEWS-20260502045638-07762.warc.gz,2026-05-02T04:56:59Z
2029,41,1422,<urn:uuid:411f7676-bac1-4ad8-aada-726554cbaab2>,https://www.oursportscentral.com/services/releases/cats-a-win-away-from-advancing-to-qmjhl-final/n-6356308,2026-09-30 12:12:53.515971,https://data.commoncrawl.org/crawl-data/CC-NEWS/2026/05/CC-NEWS-20260502045638-07762.warc.gz,2026-05-02T04:57:00Z
2030,42,1421,<urn:uuid:970cab60-9060-4e86-8e6a-804f03cf07e9>,https://www.freepressjournal.in/lifestyle/designer-manish-malhotra-confirms-karan-johars-met-gala-2026-debut-on-live-television-hints-at-what-to-expect,2026-09-30 12:12:53.515971,https://data.commoncrawl.org/crawl-data/CC-NEWS/2026/05/CC-NEWS-20260502045638-07762.warc.gz,2026-05-02T04:57:02Z
2031,1062,1426,<urn:uuid:cf18ed6a-87fd-4521-955f-09f1e3878d08>,https://en.dailypakistan.com.pk/02-May-2026/pakistans-it-boom-needs-its-next-leap,2026-09-30 12:12:55.643554,https://data.commoncrawl.org/crawl-data/CC-NEWS/2026/05/CC-NEWS-20260502081253-07763.warc.gz,2026-05-02T08:13:05Z
2032,44,30,<urn:uuid:711cdee8-5703-4157-b3ea-50b26dce7736>,https://www.koimoi.com/box-office/the-devil-wears-prada-2-china-box-office-surpasses-predecessors-lifetime-total-in-just-2-days/,2026-09-30 12:12:55.643554,https://data.commoncrawl.org/crawl-data/CC-NEWS/2026/05/CC-NEWS-20260502081253-07763.warc.gz,2026-05-02T08:13:08Z
2033,14,681,<urn:uuid:50466011-4a6b-4810-a15a-75301602cead>,https://www.cbssports.com/fantasy/hockey/news/golden-knights-cole-smith-fills-empty-cage/,2026-09-30 12:12:55.643554,https://data.commoncrawl.org/crawl-data/CC-NEWS/2026/05/CC-NEWS-20260502081253-07763.warc.gz,2026-05-02T08:13:11Z
2034,47,1429,<urn:uuid:29f6234c-f911-4065-a10e-38106dcd2cc2>,https://www.ctpublic.org/2026-05-02/2026-senate-races-to-watch-from-most-likely-to-flip-to-democratic-long-shots,2026-09-30 12:12:55.652694,https://data.commoncrawl.org/crawl-data/CC-NEWS/2026/05/CC-NEWS-20260502104352-07764.warc.gz,2026-05-02T10:44:01Z
2035,1074,1428,<urn:uuid:80059bac-4f9f-4364-b67d-61ac57db1b68>,https://voz.us/en/society/260502/34572/historic-record-10-2-million-hispanics-now-homeowners.html,2026-09-30 12:12:55.652694,https://data.commoncrawl.org/crawl-data/CC-NEWS/2026/05/CC-NEWS-20260502104352-07764.warc.gz,2026-05-02T10:44:03Z
2036,817,1427,<urn:uuid:09d18f31-4aaf-41b4-9eea-8827da4235f3>,https://briefly.co.za/people/240914-eskom-offers-mining-giants-2012-electricity-prices-ordinary-households-pay-times-more/,2026-09-30 12:12:55.652694,https://data.commoncrawl.org/crawl-data/CC-NEWS/2026/05/CC-NEWS-20260502104352-07764.warc.gz,2026-05-02T10:44:03Z
2037,51,1430,<urn:uuid:3e36e690-0d35-4f87-a7bf-59d56391c0d6>,https://www.newindianexpress.com/entertainment/review/2026/May/02/kannadareview2026apr30kd-the-devil-movie-review-dhruva-sarja-stands-tall-in-this-uncompromising-and-loud-world,2026-09-30 12:12:55.657858,https://data.commoncrawl.org/crawl-data/CC-NEWS/2026/05/CC-NEWS-20260502130018-07765.warc.gz,2026-05-02T13:00:24Z
2038,30,704,<urn:uuid:0b935250-ab4b-43c6-8df9-376e03833596>,https://www.elbalad.news/6956388,2026-09-30 12:12:55.657858,https://data.commoncrawl.org/crawl-data/CC-NEWS/2026/05/CC-NEWS-20260502130018-07765.warc.gz,2026-05-02T13:00:25Z
2039,52,350,<urn:uuid:a5621a6b-1f43-4f78-b1ae-d8fd901df35b>,https://www.footmercato.net/a5449816217224845565-barca-hansi-flick-est-fixe-sur-son-avenir,2026-09-30 12:12:55.657858,https://data.commoncrawl.org/crawl-data/CC-NEWS/2026/05/CC-NEWS-20260502130018-07765.warc.gz,2026-05-02T13:00:25Z
2040,246,1433,<urn:uuid:ee796c4e-c301-44b9-8428-38cb10e27765>,https://www.wkyufm.org/npr-arts-life/2026-05-02/the-devil-wears-prada-showed-us-how-trends-spread-20-years-later-whats-changed,2026-09-30 12:12:58.134827,https://data.commoncrawl.org/crawl-data/CC-NEWS/2026/05/CC-NEWS-20260502152439-07766.warc.gz,2026-05-02T15:25:23Z
2041,273,186,<urn:uuid:7ad381d5-5c7f-42e7-a0b7-97ff96703b6b>,https://www.albayan.ae/news/uae/1242920,2026-09-30 12:12:58.134827,https://data.commoncrawl.org/crawl-data/CC-NEWS/2026/05/CC-NEWS-20260502152439-07766.warc.gz,2026-05-02T15:25:26Z
2042,1506,1434,<urn:uuid:8047e03b-af58-444e-8aaf-ddd05da4d85e>,https://fr.sputniknews.africa/20260502/lafrica-corps-russe-et-larmee-malienne-escortent-plus-de-800-camions-citernes-jusqua-bamako-1085455543.html,2026-09-30 12:12:58.134827,https://data.commoncrawl.org/crawl-data/CC-NEWS/2026/05/CC-NEWS-20260502152439-07766.warc.gz,2026-05-02T15:25:27Z
2043,57,1436,<urn:uuid:6cf97781-7b1f-4a0c-abed-4eec66a4e9d5>,https://www.tastingtable.com/2160036/how-to-prevent-rusty-can-opener/,2026-09-30 12:12:58.143367,https://data.commoncrawl.org/crawl-data/CC-NEWS/2026/05/CC-NEWS-20260502175946-07767.warc.gz,2026-05-02T17:59:58Z
2044,92,1438,<urn:uuid:3faef710-c12d-45bd-b445-756c1c2685f3>,https://www.hindustantimes.com/cricket/babar-azam-breaks-silence-on-becoming-pakistan-captain-again-if-he-wins-psl-2026-if-such-a-situation-101777737944919.html,2026-09-30 12:12:58.143367,https://data.commoncrawl.org/crawl-data/CC-NEWS/2026/05/CC-NEWS-20260502175946-07767.warc.gz,2026-05-02T17:59:58Z
2045,1510,601,<urn:uuid:ab2b3bac-8aa3-4d40-b0ca-21249d15200f>,https://showsnob.com/the-boys-season-5-episode-5-recap,2026-09-30 12:12:58.143367,https://data.commoncrawl.org/crawl-data/CC-NEWS/2026/05/CC-NEWS-20260502175946-07767.warc.gz,2026-05-02T18:00:03Z
2046,1971,1440,<urn:uuid:18645c8f-f253-4083-be71-81d963399b8a>,https://www.lofficielusa.com/beauty/cool-toned-blush-where-to-shop-light-pink-blushes-cream-powder-formulas,2026-09-30 12:12:58.148404,https://data.commoncrawl.org/crawl-data/CC-NEWS/2026/05/CC-NEWS-20260502210118-07768.warc.gz,2026-05-02T21:01:42Z
2047,1972,1439,<urn:uuid:2cdba965-2a4a-44d1-b14e-f9e8a810123c>,https://www.theforestreview.co.uk/news/ross-community-garden-wins-kyrle-civic-award-902024,2026-09-30 12:12:58.148404,https://data.commoncrawl.org/crawl-data/CC-NEWS/2026/05/CC-NEWS-20260502210118-07768.warc.gz,2026-05-02T21:01:42Z
2048,58,43,<urn:uuid:5eecb44e-0ca6-4312-b6e8-9659593615aa>,https://www.zeffy.com/en-US/ticketing/lexington-open-big-blue-day,2026-09-30 12:12:58.148404,https://data.commoncrawl.org/crawl-data/CC-NEWS/2026/05/CC-NEWS-20260502210118-07768.warc.gz,2026-05-02T21:01:42Z
2049,14,681,<urn:uuid:a2b3ff5b-bf9c-49be-aeb3-bc0d14bbf2c4>,https://www.cbssports.com/fantasy/baseball/news/guardians-travis-bazzana-picks-up-career-firsts-in-win/,2026-09-30 12:13:00.982105,https://data.commoncrawl.org/crawl-data/CC-NEWS/2026/05/CC-NEWS-20260503011308-07769.warc.gz,2026-05-03T01:13:33Z
2050,5,,<urn:uuid:9ee028f6-bdd2-4297-b14d-5726dda07208>,https://www.dvidshub.net/image/9656953/great-texas-airshow-2026,2026-09-30 12:13:00.982105,https://data.commoncrawl.org/crawl-data/CC-NEWS/2026/05/CC-NEWS-20260503011308-07769.warc.gz,2026-05-03T01:13:38Z
2051,14,681,<urn:uuid:60db9fdc-b393-4147-989a-ac01f005bc8e>,https://www.cbssports.com/fantasy/baseball/news/mariners-cal-raleigh-scratched-from-saturdays-lineup/,2026-09-30 12:13:00.982105,https://data.commoncrawl.org/crawl-data/CC-NEWS/2026/05/CC-NEWS-20260503011308-07769.warc.gz,2026-05-03T01:13:39Z
2052,41,1445,<urn:uuid:e96a6538-3e04-403e-b27f-e4b42c3a9c59>,https://www.oursportscentral.com/services/releases/williams-quality-start-lifts-naturals-to-7-5-win/n-6356778,2026-09-30 12:13:00.98886,https://data.commoncrawl.org/crawl-data/CC-NEWS/2026/05/CC-NEWS-20260503051247-07770.warc.gz,2026-05-03T05:13:06Z
2053,64,1444,<urn:uuid:dcf0639b-d26a-4404-9340-f8056ce899b2>,https://www.nysun.com/article/republicans-are-you-listening-we-need-a-big-ambitious-pro-growth-budget-bill,2026-09-30 12:13:00.98886,https://data.commoncrawl.org/crawl-data/CC-NEWS/2026/05/CC-NEWS-20260503051247-07770.warc.gz,2026-05-03T05:13:08Z
2054,68,1443,<urn:uuid:b10778fd-d6a1-4407-b9a4-7a8f043f7320>,https://www.premiumtimesng.com/news/top-news/876413-adc-crisis-kwankwaso-considering-alternatives-spokesperson.html,2026-09-30 12:13:00.98886,https://data.commoncrawl.org/crawl-data/CC-NEWS/2026/05/CC-NEWS-20260503051247-07770.warc.gz,2026-05-03T05:13:11Z
2055,309,1446,<urn:uuid:8305b788-244b-4fc4-be43-589fbab7a606>,https://www.dnaindia.com/india/video-bengal-election-ec-announces-repolling-in-all-booths-across-falta-constituency-on-may-21-3208658,2026-09-30 12:13:00.994291,https://data.commoncrawl.org/crawl-data/CC-NEWS/2026/05/CC-NEWS-20260503081943-07771.warc.gz,2026-05-03T08:20:18Z
2056,309,1446,<urn:uuid:7624cdc5-314d-4b9c-ab90-00555d5630d5>,https://www.dnaindia.com/india/video-delhi-news-9-killed-many-rescued-after-massive-fire-at-residential-building-in-vivek-vihar-3208663,2026-09-30 12:13:00.994291,https://data.commoncrawl.org/crawl-data/CC-NEWS/2026/05/CC-NEWS-20260503081943-07771.warc.gz,2026-05-03T08:20:25Z
2057,1980,1447,<urn:uuid:49245682-dcc7-4fb2-8292-e700496c8aa1>,https://women.okezone.com/read/2026/05/03/629/3216096/5-tips-memilih-daycare-yang-aman-dan-terbaik-untuk-anak-tercinta,2026-09-30 12:13:00.994291,https://data.commoncrawl.org/crawl-data/CC-NEWS/2026/05/CC-NEWS-20260503081943-07771.warc.gz,2026-05-03T08:20:26Z
2058,73,783,<urn:uuid:f9a93373-cfde-4415-a03e-da6fb09634c8>,https://www.skynewsarabia.com/business/1867485-%D8%A3%D8%AF%D9%86%D9%8A%D9%83-%D8%AA%D9%83%D9%85%D9%84-%D8%A7%D8%B3%D8%AA%D8%B9%D8%AF%D8%A7%D8%AF%D8%A7%D8%AA%D9%87%D8%A7-%D9%84%D9%84%D9%86%D8%B3%D8%AE%D8%A9-%D8%A7%D9%84%D8%A3%D9%83%D8%A8%D8%B1-%D8%A7%D8%B5%D9%86%D8%B9-%D8%A7%D9%84%D8%A5%D9%85%D8%A7%D8%B1%D8%A7%D8%AA,2026-09-30 12:13:03.557971,https://data.commoncrawl.org/crawl-data/CC-NEWS/2026/05/CC-NEWS-20260503110126-07772.warc.gz,2026-05-03T11:01:34Z
2059,329,1449,<urn:uuid:a3b836f7-d0af-40a4-868a-36dd1540b211>,https://sundayworld.co.za/lifestyle/cape-town-riding-the-wave-of-ocean-therapy/?utm_source=rss&utm_medium=rss&utm_campaign=cape-town-riding-the-wave-of-ocean-therapy,2026-09-30 12:13:03.557971,https://data.commoncrawl.org/crawl-data/CC-NEWS/2026/05/CC-NEWS-20260503110126-07772.warc.gz,2026-05-03T11:01:34Z
2060,71,1448,<urn:uuid:adaa6e13-ce39-440d-a81b-1c7dec29429c>,https://twistedsifter.com/2026/05/the-meat-only-mandate-why-a-boyfriend-is-under-fire-for-refusing-to-even-taste-his-girlfriends-vegetarian-cooking/,2026-09-30 12:13:03.557971,https://data.commoncrawl.org/crawl-data/CC-NEWS/2026/05/CC-NEWS-20260503110126-07772.warc.gz,2026-05-03T11:01:40Z
2061,1121,1452,<urn:uuid:890b4beb-c514-431d-a7c3-922a24f9e5fd>,https://www.kalw.org/2026-05-03/writer-director-damian-mccarthy-discusses-hokum-his-film-about-a-haunted-honeymoon,2026-09-30 12:13:03.563928,https://data.commoncrawl.org/crawl-data/CC-NEWS/2026/05/CC-NEWS-20260503132943-07773.warc.gz,2026-05-03T13:29:53Z
2062,74,,<urn:uuid:a115f291-2257-4613-8a25-37107c3222d4>,https://www.newsbytesapp.com/news/india/tourist-boat-capsizes-at-bargi-dam-in-jabalpur-11-dead/tldr,2026-09-30 12:13:03.563928,https://data.commoncrawl.org/crawl-data/CC-NEWS/2026/05/CC-NEWS-20260503132943-07773.warc.gz,2026-05-03T13:29:56Z
2063,75,1451,<urn:uuid:a9387ddd-dd78-43f0-966e-d75614f0da58>,https://www.kucb.org/2026-05-03/isabel-klees-new-memoir-explores-the-realities-of-dog-rescue,2026-09-30 12:13:03.563928,https://data.commoncrawl.org/crawl-data/CC-NEWS/2026/05/CC-NEWS-20260503132943-07773.warc.gz,2026-05-03T13:29:57Z
2064,1126,789,<urn:uuid:fbd23f53-9a5b-4c73-8336-0ba5da544850>,https://www.vanguardngr.com/2026/05/ododo-reinstates-olu-of-magongo-at-2026-festival/,2026-09-30 12:13:03.567983,https://data.commoncrawl.org/crawl-data/CC-NEWS/2026/05/CC-NEWS-20260503160429-07774.warc.gz,2026-05-03T16:04:46Z
2065,77,1,<urn:uuid:b2009195-0fe7-4797-b492-395276c03867>,https://ianslive.in/pakistan-legal-system-treats-child-marriage-as-procedural-irregularity-instead-of-violation-of-rights-report--20260503165552,2026-09-30 12:13:03.567983,https://data.commoncrawl.org/crawl-data/CC-NEWS/2026/05/CC-NEWS-20260503160429-07774.warc.gz,2026-05-03T16:04:48Z
2066,5,,<urn:uuid:d46a988e-42fb-4b0e-9c02-fce7f38aa87d>,https://www.dvidshub.net/image/9657592/great-texas-airshow-2026,2026-09-30 12:13:03.567983,https://data.commoncrawl.org/crawl-data/CC-NEWS/2026/05/CC-NEWS-20260503160429-07774.warc.gz,2026-05-03T16:04:49Z
2067,1157,814,<urn:uuid:c9a3c8c3-e467-4b32-9f7f-857b9335d266>,https://okmagazine.com/p/secretary-of-everything-marco-rubio-side-hustle-dj-feeling-himself/,2026-09-30 12:13:05.587607,https://data.commoncrawl.org/crawl-data/CC-NEWS/2026/05/CC-NEWS-20260503182938-07775.warc.gz,2026-05-03T18:29:58Z
2068,1530,,<urn:uuid:fc05f5a2-5638-4229-9480-62b0b6ad54d2>,https://www.leaders.com.tn/article/38001-tahar-bekri-verite,2026-09-30 12:13:05.587607,https://data.commoncrawl.org/crawl-data/CC-NEWS/2026/05/CC-NEWS-20260503182938-07775.warc.gz,2026-05-03T18:30:00Z
2069,81,,<urn:uuid:c6fed467-4772-473f-95c3-eb0ceac1365d>,https://unidivers.fr/event/soiree-beerfood-pulled-pork-niedermodern-bas-rhin-2026-07-10/,2026-09-30 12:13:05.587607,https://data.commoncrawl.org/crawl-data/CC-NEWS/2026/05/CC-NEWS-20260503182938-07775.warc.gz,2026-05-03T18:30:03Z
2070,12,681,<urn:uuid:c8ad148d-5cce-4860-a96d-2281d34aad6d>,https://www.rotowire.com/baseball/headlines/logan-ohoppe-injury-does-some-throwing-saturday-1001171,2026-09-30 12:13:05.596419,https://data.commoncrawl.org/crawl-data/CC-NEWS/2026/05/CC-NEWS-20260503211424-07776.warc.gz,2026-05-03T21:14:34Z
2071,81,,<urn:uuid:95dbe461-1507-486a-aa4b-274e9df1f5cb>,https://unidivers.fr/event/ceremonie-du-memorial-day-dinoze-vosges-2026-05-24/,2026-09-30 12:13:05.596419,https://data.commoncrawl.org/crawl-data/CC-NEWS/2026/05/CC-NEWS-20260503211424-07776.warc.gz,2026-05-03T21:14:34Z
2072,30,704,<urn:uuid:f54b1618-4ecd-4260-8cd4-71f17ca86abd>,https://www.elbalad.news/6958244,2026-09-30 12:13:05.596419,https://data.commoncrawl.org/crawl-data/CC-NEWS/2026/05/CC-NEWS-20260503211424-07776.warc.gz,2026-05-03T21:14:37Z
2073,90,732,<urn:uuid:c64eb032-9b17-4a2e-851d-795b3d049362>,https://www.latestly.com/india/news/bank-strike-on-january-27-banks-advised-to-take-all-steps-for-smooth-functioning-of-banking-operations-in-wake-of-day-long-union-strike-say-sources-7290622.html,2026-09-30 12:13:05.601785,https://data.commoncrawl.org/crawl-data/CC-NEWS/2026/05/CC-NEWS-20260503234643-07777.warc.gz,2026-05-03T23:46:57Z
2074,159,,<urn:uuid:03b5c1d9-3462-4429-ab1b-d979788ab076>,https://www.newsghana.com.gh/mahamas-executive-secretary-airlifted-to-london-for-treatment/,2026-09-30 12:13:05.601785,https://data.commoncrawl.org/crawl-data/CC-NEWS/2026/05/CC-NEWS-20260503234643-07777.warc.gz,2026-05-03T23:46:58Z
2075,1154,809,<urn:uuid:a0241d0c-4722-4b16-b887-dbd075dae33b>,https://panapress.org/2026/05/03/mamata-banerjee-ousts-marxists-in-west-bengal-a-lesson-for-african-democracy/,2026-09-30 12:13:05.601785,https://data.commoncrawl.org/crawl-data/CC-NEWS/2026/05/CC-NEWS-20260503234643-07777.warc.gz,2026-05-03T23:47:02Z
2076,92,815,<urn:uuid:c853b7ef-1792-4b18-ba69-d29a3d033f69>,https://www.hindustantimes.com/india-news/puducherry-election-2026-result-live-ec-puducherry-poll-results-latest-updates-101777854269577.html,2026-09-30 12:13:07.798627,https://data.commoncrawl.org/crawl-data/CC-NEWS/2026/05/CC-NEWS-20260504021159-07778.warc.gz,2026-05-04T02:12:30Z
2077,483,,<urn:uuid:e1d72b5a-4fdb-426f-a022-e68791726114>,https://www.lex18.com/videos/sports/the-backbones-of-the-stable,2026-09-30 12:13:07.798627,https://data.commoncrawl.org/crawl-data/CC-NEWS/2026/05/CC-NEWS-20260504021159-07778.warc.gz,2026-05-04T02:12:33Z
2078,16,692,<urn:uuid:46bbefe7-1ffe-4a09-b995-bdcc44fc5e54>,https://www.blick.ch/fr/monde/us-rudy-giuliani-hospitalise-dans-un-etat-critique-id21919756.html,2026-09-30 12:13:07.798627,https://data.commoncrawl.org/crawl-data/CC-NEWS/2026/05/CC-NEWS-20260504021159-07778.warc.gz,2026-05-04T02:12:34Z
2079,93,1112,<urn:uuid:3f6dbe71-5962-4ac0-97ac-b790257bb111>,https://www.timesnownews.com/education/gujarat-board-hsc-result-2026-official-and-unofficial-ways-to-check-gseb-class-12th-scores-photo-gallery-154238563,2026-09-30 12:13:07.822206,https://data.commoncrawl.org/crawl-data/CC-NEWS/2026/05/CC-NEWS-20260504050131-07779.warc.gz,2026-05-04T05:01:51Z
2080,92,812,<urn:uuid:668e4149-9e8d-4bc3-a6ef-da5bd1eb58b8>,https://www.hindustantimes.com/cities/lucknow-news/six-members-of-family-killed-after-car-collides-with-another-vehicle-in-up-s-jalaun-101777867443057.html,2026-09-30 12:13:07.822206,https://data.commoncrawl.org/crawl-data/CC-NEWS/2026/05/CC-NEWS-20260504050131-07779.warc.gz,2026-05-04T05:01:56Z
2081,93,1464,<urn:uuid:73887a9e-aad4-453d-8d6b-86a18c85f97e>,https://www.timesnownews.com/elections/amdanga-election-result-2026-live-west-bengal-assembly-election-results-eci-amdanga-vote-counting-winner-candidate-west-bengal-news-live-updates-article-154235561,2026-09-30 12:13:07.822206,https://data.commoncrawl.org/crawl-data/CC-NEWS/2026/05/CC-NEWS-20260504050131-07779.warc.gz,2026-05-04T05:01:58Z
2082,425,293,<urn:uuid:c4771d43-8274-4b66-b23c-80da04350292>,https://zambianobserver.com/tens-of-thousands-flood-tokyo-streets-to-defend-japans-peace-constitution-as-trump-pushes-for-war/,2026-09-30 12:13:07.83578,https://data.commoncrawl.org/crawl-data/CC-NEWS/2026/05/CC-NEWS-20260504073645-07780.warc.gz,2026-05-04T07:36:56Z
2083,516,1466,<urn:uuid:51661468-1262-474c-8d59-13e491f16982>,https://www.india.com/news/india/bjp-breaches-mamatas-fort-in-west-bengal-after-historic-win-ready-to-form-government-who-will-be-cm-suvendu-adhikari-banerjee-dilip-ghosh-agnimitra-paul-8402129/,2026-09-30 12:13:07.83578,https://data.commoncrawl.org/crawl-data/CC-NEWS/2026/05/CC-NEWS-20260504073645-07780.warc.gz,2026-05-04T07:36:56Z
2084,40,27,<urn:uuid:53d9b1c0-a12d-4920-9710-58ffe6d0f36c>,https://www.sentinelassam.com/more-news/editorial/ghazwa-e-hind,2026-09-30 12:13:07.83578,https://data.commoncrawl.org/crawl-data/CC-NEWS/2026/05/CC-NEWS-20260504073645-07780.warc.gz,2026-05-04T07:36:59Z
2085,100,825,<urn:uuid:1b2ae2a6-2a73-4780-b244-d1ba418d0b89>,https://centreforaviation.com/news/jeju-air-commences-daegu-guilin-service-1357682,2026-09-30 12:13:10.677811,https://data.commoncrawl.org/crawl-data/CC-NEWS/2026/05/CC-NEWS-20260504091745-07781.warc.gz,2026-05-04T09:17:52Z
2086,405,1231,<urn:uuid:8b59cbb7-93f6-4b41-889e-7815e2348248>,https://www.jawapos.com/kasuistika/2605040196/terbukti-korupsi-pengadaan-lng-eks-direktur-pertamina-hari-karyuliarto-divonis-45-tahun-penjara,2026-09-30 12:13:10.677811,https://data.commoncrawl.org/crawl-data/CC-NEWS/2026/05/CC-NEWS-20260504091745-07781.warc.gz,2026-05-04T09:17:54Z
2087,578,401,<urn:uuid:b01f82b6-d108-49b4-b9d2-61c3f2d1a38f>,https://sarabic.ae/20260504/%D8%B7%D9%87%D8%B1%D8%A7%D9%86-%D8%A7%D9%84%D8%AA%D9%88%D8%A7%D8%B5%D9%84-%D9%85%D8%B3%D8%AA%D9%85%D8%B1-%D9%85%D8%B9-%D8%B1%D9%88%D8%B3%D9%8A%D8%A7-%D9%88%D8%A7%D9%84%D8%B5%D9%8A%D9%86-%D8%A8%D8%A7%D8%B9%D8%AA%D8%A8%D8%A7%D8%B1%D9%87%D9%85%D8%A7-%D8%AF%D9%88%D9%84%D8%AA%D9%8A%D9%86-%D8%B5%D8%AF%D9%8A%D9%82%D8%AA%D9%8A%D9%86-%D8%AA%D8%B1%D8%AA%D8%A8%D8%B7%D8%A7%D9%86-%D9%85%D8%B9%D9%86%D8%A7-%D8%A8%D8%A7%D8%AA%D9%81%D8%A7%D9%82%D9%8A%D8%A7%D8%AA-1113092562.html,2026-09-30 12:13:10.677811,https://data.commoncrawl.org/crawl-data/CC-NEWS/2026/05/CC-NEWS-20260504091745-07781.warc.gz,2026-05-04T09:17:55Z
2088,103,73,<urn:uuid:aab0cd61-3986-4d60-8014-5a2b73ce8e3b>,https://www.newsgram.com/india/2026/05/04/tejashwi-criticises-bihar-govt-over-vikramshila-bridge-collapse-levels-corruption-allegations,2026-09-30 12:13:10.682896,https://data.commoncrawl.org/crawl-data/CC-NEWS/2026/05/CC-NEWS-20260504104600-07782.warc.gz,2026-05-04T10:46:09Z
2089,28,1473,<urn:uuid:0f575d54-77c1-472b-aa8c-8254564c9c1b>,https://timesofindia.indiatimes.com/sports/cricket/ipl/ipl-2026/ipl-2026-rohit-sharmas-heartfelt-gesture-steals-show-after-accidental-hit-on-ground-staff/articleshow/130785471.cms,2026-09-30 12:13:10.682896,https://data.commoncrawl.org/crawl-data/CC-NEWS/2026/05/CC-NEWS-20260504104600-07782.warc.gz,2026-05-04T10:46:09Z
2090,56,539,<urn:uuid:2a246294-b637-4059-9b8a-0a45de225cc7>,https://www.boursorama.com/bourse/actualites/ebay-en-hausse-apres-l-offre-d-achat-de-gamestop-pour-56-milliards-de-dollars-dfeeb9f28162773140381ae918d24e61,2026-09-30 12:13:10.682896,https://data.commoncrawl.org/crawl-data/CC-NEWS/2026/05/CC-NEWS-20260504104600-07782.warc.gz,2026-05-04T10:46:10Z
2091,2015,1475,<urn:uuid:0c637e66-5df7-4c68-b196-b686c25116a8>,https://www.wyomingpublicmedia.org/2026-05-04/eric-holder-on-scotus-decision-that-could-reduce-black-congressional-representation,2026-09-30 12:13:10.686969,https://data.commoncrawl.org/crawl-data/CC-NEWS/2026/05/CC-NEWS-20260504121431-07783.warc.gz,2026-05-04T12:14:36Z
2092,104,1017,<urn:uuid:06cb5b9c-cea7-48d4-bf57-8d67d064eb29>,https://www.k923orlando.com/news/trending/3-dead-suspected-hantavirus-outbreak-cruise-ship/KKK4H6JZKZGTJHA5UK2WJV2TQU/,2026-09-30 12:13:10.686969,https://data.commoncrawl.org/crawl-data/CC-NEWS/2026/05/CC-NEWS-20260504121431-07783.warc.gz,2026-05-04T12:14:37Z
2093,2014,1476,<urn:uuid:2d6add58-7221-421d-b909-a80f383e0cf3>,https://www.tonicradio.fr/lyon-un-crs-blesse-lors-de-la-manifestation-quatre-interpellations-au-1er-mai/,2026-09-30 12:13:10.686969,https://data.commoncrawl.org/crawl-data/CC-NEWS/2026/05/CC-NEWS-20260504121431-07783.warc.gz,2026-05-04T12:14:36Z
2094,466,1477,<urn:uuid:0c02bd54-4709-4655-9385-db1c00388a72>,https://www.dailydispatch.co.za/sport/2026-05-04-fule-rejoices-hems-loss-ahead-of-sa-featherweight-title-shot/,2026-09-30 12:13:12.971321,https://data.commoncrawl.org/crawl-data/CC-NEWS/2026/05/CC-NEWS-20260504133733-07784.warc.gz,2026-05-04T13:37:38Z
2095,1246,1479,<urn:uuid:480bd766-9f15-4e70-88fd-715e9b08efb0>,https://www.kclu.org/national-and-global/2026-05-04/not-sure-what-to-get-mom-for-mothers-day-get-ideas-from-our-listeners,2026-09-30 12:13:12.971321,https://data.commoncrawl.org/crawl-data/CC-NEWS/2026/05/CC-NEWS-20260504133733-07784.warc.gz,2026-05-04T13:37:39Z
2096,42,838,<urn:uuid:268750d7-af5f-4bca-847a-c155d2c3667f>,https://www.freepressjournal.in/sports/sikkim-state-lottery-result-may-4-2026-6-pm-live-watch-streaming-of-winners-list-of-dear-legend-monday-weekly-draw,2026-09-30 12:13:12.971321,https://data.commoncrawl.org/crawl-data/CC-NEWS/2026/05/CC-NEWS-20260504133733-07784.warc.gz,2026-05-04T13:37:39Z
2097,28,1481,<urn:uuid:dff3996f-11cc-42bd-89a3-86e20b336c66>,https://timesofindia.indiatimes.com/india/tangla-assembly-election-results-2026-bjps-bikan-chandra-deka-vs-congresss-rohit-pariga/articleshow/130634818.cms,2026-09-30 12:13:12.984457,https://data.commoncrawl.org/crawl-data/CC-NEWS/2026/05/CC-NEWS-20260504145739-07785.warc.gz,2026-05-04T14:57:45Z
2098,42,683,<urn:uuid:9c33850c-fc9d-4b91-a33e-491fc757b0ab>,https://www.freepressjournal.in/mumbai/thane-traffic-police-rescue-driver-trapped-in-multi-vehicle-pile-up-on-eastern-express-highway,2026-09-30 12:13:12.984457,https://data.commoncrawl.org/crawl-data/CC-NEWS/2026/05/CC-NEWS-20260504145739-07785.warc.gz,2026-05-04T14:57:45Z
2099,1401,1482,<urn:uuid:8750f8e0-1709-4917-9df2-7fb38b7fef15>,https://www.wvpe.org/npr-news/2026-05-02/iran-submits-a-14-point-response-to-a-u-s-proposal-to-end-the-war,2026-09-30 12:13:12.984457,https://data.commoncrawl.org/crawl-data/CC-NEWS/2026/05/CC-NEWS-20260504145739-07785.warc.gz,2026-05-04T14:57:45Z
2100,49,1484,<urn:uuid:597d0fdd-bcf7-4516-9f75-a753566b068a>,https://www.shawlocal.com/daily-chronicle/sponsored/2026/05/04/d-d-jewelers-10025152/,2026-09-30 12:13:12.99016,https://data.commoncrawl.org/crawl-data/CC-NEWS/2026/05/CC-NEWS-20260504162432-07786.warc.gz,2026-05-04T16:24:40Z
2101,2023,1483,<urn:uuid:10578417-037e-44f8-952d-d727ff32231a>,https://www.mtpr.org/2026-05-04/adolescence-creator-talks-teenage-masculinity-again-for-lord-of-the-flies-series,2026-09-30 12:13:12.99016,https://data.commoncrawl.org/crawl-data/CC-NEWS/2026/05/CC-NEWS-20260504162432-07786.warc.gz,2026-05-04T16:24:40Z
2102,2022,539,<urn:uuid:4dd3b9da-4c28-45e2-bde5-726622184b82>,https://boereport.com/2026/05/04/forget-3-us-inflation-its-heading-for-4-mcgeever/,2026-09-30 12:13:12.99016,https://data.commoncrawl.org/crawl-data/CC-NEWS/2026/05/CC-NEWS-20260504162432-07786.warc.gz,2026-05-04T16:24:40Z
2103,118,86,<urn:uuid:ca74c0ac-4ba8-4e0b-af80-46ad980039d6>,https://futurism.com/future-society/video-ukrainian-soldiers-leaning-plane-drones-rifles,2026-09-30 12:13:14.7281,https://data.commoncrawl.org/crawl-data/CC-NEWS/2026/05/CC-NEWS-20260504180256-07787.warc.gz,2026-05-04T18:03:02Z
2104,42,1407,<urn:uuid:d076e657-66c1-44c8-948a-43380cd95096>,https://www.freepressjournal.in/entertainment/kyunki-saas-bhi-kabhi-bahu-thi-2-written-update-may-4-tulsi-finally-says-yes-to-marry-mihir,2026-09-30 12:13:14.7281,https://data.commoncrawl.org/crawl-data/CC-NEWS/2026/05/CC-NEWS-20260504180256-07787.warc.gz,2026-05-04T18:03:08Z
2105,9,1131,<urn:uuid:1054e5ce-e489-4be1-b2d7-0eef52e86277>,https://www.goal.com/en-us/lists/-joao-pedro-chelsea-stars-step-up-after-shameful-nottingham-forest-champions-league-/blt08a8ca868b7fdc39,2026-09-30 12:13:14.7281,https://data.commoncrawl.org/crawl-data/CC-NEWS/2026/05/CC-NEWS-20260504180256-07787.warc.gz,2026-05-04T18:03:08Z
2106,121,1490,<urn:uuid:7b2dbb56-9921-4668-aeda-2ce9190045b9>,https://www.si.com/college/tamu/football/can-missouri-state-actually-threaten-texas-am-next-season,2026-09-30 12:13:14.732421,https://data.commoncrawl.org/crawl-data/CC-NEWS/2026/05/CC-NEWS-20260504195833-07788.warc.gz,2026-05-04T19:58:45Z
2107,126,1489,<urn:uuid:8a6d5dfb-33f8-4708-8820-c9d3747e84dc>,https://www.tigerrag.com/lsu-baseball-zac-cowan-is-jay-johnsons-latest-favorite-pitcher/?utm_source=rss&utm_medium=rss&utm_campaign=lsu-baseball-zac-cowan-is-jay-johnsons-latest-favorite-pitcher,2026-09-30 12:13:14.732421,https://data.commoncrawl.org/crawl-data/CC-NEWS/2026/05/CC-NEWS-20260504195833-07788.warc.gz,2026-05-04T19:58:45Z
2108,202,1491,<urn:uuid:3f5987a7-b314-4d62-afd5-787481bbaa79>,https://www.emaratalyoum.com/politics/news/2026-05-04-1.2042428,2026-09-30 12:13:14.732421,https://data.commoncrawl.org/crawl-data/CC-NEWS/2026/05/CC-NEWS-20260504195833-07788.warc.gz,2026-05-04T19:58:45Z
2109,51,94,<urn:uuid:718ebaa4-765b-4e67-81ee-057c316f5b22>,https://www.newindianexpress.com/elections/puducherry-elections/2026/May/04/nda-returns-to-power-in-puducherry-with-18-seat-win-in-pro-incumbency-mandate,2026-09-30 12:13:14.737781,https://data.commoncrawl.org/crawl-data/CC-NEWS/2026/05/CC-NEWS-20260504221702-07789.warc.gz,2026-05-04T22:17:13Z
2110,9,1494,<urn:uuid:9d98ebab-2977-4f96-b65a-19b541f3cfdc>,https://www.goal.com/ar-sa/%D8%A7%D9%84%D9%82%D9%88%D8%A7%D8%A6%D9%85/%D8%A7%D9%84%D8%AE%D9%84%D9%88%D8%AF-%D8%A7%D9%84%D8%A7%D8%AA%D8%AD%D8%A7%D8%AF-%D8%A8%D8%B1%D9%8A%D8%AF%D8%B1%D8%A7%D8%AC-%D8%B1%D8%A7%D9%8A%D9%83%D9%88%D9%81%D9%8A%D8%AA%D8%B4-%D8%A7%D9%84%D8%A7%D9%94%D9%87%D9%84%D9%8A-%D8%A7%D9%84%D8%AF%D9%88%D8%B1%D9%8A-%D8%A7%D9%84%D8%B3%D8%B9%D9%88%D8%AF%D9%8A-%D8%A3%D8%B4%D8%B1%D9%81-%D8%A8%D9%86%D8%B4%D8%B1%D9%82%D9%8A-%D8%A7%D9%84%D8%A3%D9%87%D9%84%D9%8A-%D8%A7%D9%84%D8%B2%D9%85%D8%A7%D9%84%D9%83-%D8%A7%D9%84%D9%85%D8%B5%D8%B1%D9%8A/blt451cc1395d2a4967,2026-09-30 12:13:14.737781,https://data.commoncrawl.org/crawl-data/CC-NEWS/2026/05/CC-NEWS-20260504221702-07789.warc.gz,2026-05-04T22:17:13Z
2111,127,1492,<urn:uuid:d0261522-5e3b-4e5e-9191-0afa83866dec>,https://www.publicradiotulsa.org/npr-national-news/2026-05-04/here-are-the-2026-pulitzer-prize-winners,2026-09-30 12:13:14.737781,https://data.commoncrawl.org/crawl-data/CC-NEWS/2026/05/CC-NEWS-20260504221702-07789.warc.gz,2026-05-04T22:17:15Z
2112,24,1496,<urn:uuid:8f312aa3-6d2f-4002-91b8-92679d095253>,https://fansided.com/nba/these-4-magic-players-won-t-be-back-next-season-after-playoff-upset-bid-falls-short,2026-09-30 12:13:17.596817,https://data.commoncrawl.org/crawl-data/CC-NEWS/2026/05/CC-NEWS-20260505011037-07790.warc.gz,2026-05-05T01:10:52Z
2113,227,877,<urn:uuid:a9e797da-4483-4ab2-9e33-91bf871c7cca>,https://www.channelnewsasia.com/business/singapores-grab-beats-revenue-estimates-strong-delivery-mobility-demand-6099651,2026-09-30 12:13:17.596817,https://data.commoncrawl.org/crawl-data/CC-NEWS/2026/05/CC-NEWS-20260505011037-07790.warc.gz,2026-05-05T01:10:56Z
2114,81,,<urn:uuid:cdbde5c1-5e56-49ac-99ad-ad9a949e5dfa>,https://unidivers.fr/event/conference-fouilles-archeologiques-a-blamont-sarrebourg-moselle-2026-05-30/,2026-09-30 12:13:17.596817,https://data.commoncrawl.org/crawl-data/CC-NEWS/2026/05/CC-NEWS-20260505011037-07790.warc.gz,2026-05-05T01:10:58Z
2115,15,1166,<urn:uuid:1646ecaa-4afb-48db-ad81-71bcd124ada2>,https://www.nasdaq.com/articles/cattle-falling-monday-1,2026-09-30 12:13:17.601615,https://data.commoncrawl.org/crawl-data/CC-NEWS/2026/05/CC-NEWS-20260505042617-07791.warc.gz,2026-05-05T04:26:35Z
2116,136,1498,<urn:uuid:fa4003a0-bc6d-4a6e-a373-494dd0849cfd>,https://www.telegraphindia.com/elections/west-bengal-assembly-election-2026/muslim-vote-split-from-three-minority-dominated-districts-of-bengal-helps-in-bjp-victory-prnt/cid/2159070,2026-09-30 12:13:17.601615,https://data.commoncrawl.org/crawl-data/CC-NEWS/2026/05/CC-NEWS-20260505042617-07791.warc.gz,2026-05-05T04:26:38Z
2117,135,879,<urn:uuid:d64e52ff-b1a1-42d2-b49a-54e08759e59a>,https://newsable.asianetnews.com/india/mamata-banerjees-bhabanipur-loss-was-inevitable-says-wb-bjp-chief-articleshow-6gzakbh,2026-09-30 12:13:17.601615,https://data.commoncrawl.org/crawl-data/CC-NEWS/2026/05/CC-NEWS-20260505042617-07791.warc.gz,2026-05-05T04:26:40Z
2118,863,583,<urn:uuid:8a2af2d8-2bcc-4156-ab2e-c093dd319e69>,https://sa.headtopics.com/news/15711587160815781254-82967538,2026-09-30 12:13:17.605569,https://data.commoncrawl.org/crawl-data/CC-NEWS/2026/05/CC-NEWS-20260505064655-07792.warc.gz,2026-05-05T06:47:11Z
2119,1,3,<urn:uuid:76d587b7-b50e-4ed1-81c8-4014680c9b63>,https://menafn.com/1111063550/West-Bengal-Polls-BJP-Candidates-Seek-Divine-Blessings-Before-Results,2026-09-30 12:13:17.605569,https://data.commoncrawl.org/crawl-data/CC-NEWS/2026/05/CC-NEWS-20260505064655-07792.warc.gz,2026-05-05T06:47:17Z
2120,863,1501,<urn:uuid:fa5e029f-e087-4dc2-a3ca-faa4b4414378>,https://sa.headtopics.com/news/15711591160115781307-82945649,2026-09-30 12:13:17.605569,https://data.commoncrawl.org/crawl-data/CC-NEWS/2026/05/CC-NEWS-20260505064655-07792.warc.gz,2026-05-05T06:47:17Z
2121,30,704,<urn:uuid:bb7cd133-9816-4cc1-bc62-a72e7bb1d06e>,https://www.elbalad.news/6959885,2026-09-30 12:13:19.305637,https://data.commoncrawl.org/crawl-data/CC-NEWS/2026/05/CC-NEWS-20260505083605-07793.warc.gz,2026-05-05T08:36:20Z
2122,81,,<urn:uuid:b81c9982-b0f2-4cb5-b226-78ea65712264>,https://unidivers.fr/event/sortie-nature-tout-public-lpo-champagne-ardenne-giffaumont-champaubert-marne-2026-05-10/,2026-09-30 12:13:19.305637,https://data.commoncrawl.org/crawl-data/CC-NEWS/2026/05/CC-NEWS-20260505083605-07793.warc.gz,2026-05-05T08:36:21Z
2123,1,3,<urn:uuid:db5db992-3279-4cfc-bbd4-f156fce35aeb>,https://menafn.com/1111061731/Assam-Polls-Akhil-Gogoi-Predicts-Congress-Win-With-At-Least-70-Seats,2026-09-30 12:13:19.305637,https://data.commoncrawl.org/crawl-data/CC-NEWS/2026/05/CC-NEWS-20260505083605-07793.warc.gz,2026-05-05T08:36:22Z
2124,92,,<urn:uuid:6bdfd97f-c536-4458-9771-5ca5d7e4695c>,https://www.hindustantimes.com/world-news/samsung-family-clears-record-8-billion-inheritance-tax-in-south-koreas-biggest-ever-case-101777962661434-amp.html,2026-09-30 12:13:19.310794,https://data.commoncrawl.org/crawl-data/CC-NEWS/2026/05/CC-NEWS-20260505101053-07794.warc.gz,2026-05-05T10:10:57Z
2125,9,,<urn:uuid:de9b2591-4d09-4b98-9813-4db671096398>,https://www.goal.com/ar-eg/%D8%A3%D8%AE%D8%A8%D8%A7%D8%B1/%D9%85%D8%A7-%D8%A7%D9%84%D9%82%D9%86%D9%88%D8%A7%D8%AA-%D8%A7%D9%84%D9%86%D8%A7%D9%82%D9%84%D8%A9-%D9%84%D9%85%D8%A8%D8%A7%D8%B1%D9%8A%D8%A7%D8%AA-%D9%83%D9%88%D9%84%D9%88%D9%85%D8%A8%D9%8A%D8%A7-%D9%81%D9%8A-%D9%83%D8%A7%D9%94%D8%B3-%D8%A7%D9%84%D8%B9%D8%A7%D9%84%D9%85-2026-%D9%88%D9%83%D9%8A%D9%81-%D8%AA%D8%B4%D8%A7%D9%87%D8%AF%D9%87%D8%A7-%D8%B9%D8%A8%D8%B1-%D8%A7%D9%84%D8%A7%D9%95%D9%86%D8%AA%D8%B1%D9%86%D8%AA/blt1266c8e5c687e131,2026-09-30 12:13:19.310794,https://data.commoncrawl.org/crawl-data/CC-NEWS/2026/05/CC-NEWS-20260505101053-07794.warc.gz,2026-05-05T10:11:00Z
2126,141,1505,<urn:uuid:0ecee5f8-6338-4bb8-8d0d-12cf35b2e5b8>,https://www.nhpr.org/2026-05-05/voters-head-to-the-polls-in-indiana-and-ohio-whats-in-the-balance,2026-09-30 12:13:19.310794,https://data.commoncrawl.org/crawl-data/CC-NEWS/2026/05/CC-NEWS-20260505101053-07794.warc.gz,2026-05-05T10:11:00Z
2127,817,1506,<urn:uuid:ed63cd82-2e8a-441f-8f0c-975327e81506>,https://briefly.co.za/entertainment/music/241061-resurfaced-picture-akas-album-allegedly-selling-r10-viral/,2026-09-30 12:13:19.316521,https://data.commoncrawl.org/crawl-data/CC-NEWS/2026/05/CC-NEWS-20260505113642-07795.warc.gz,2026-05-05T11:36:45Z
2128,195,,<urn:uuid:70f40acc-64bd-4439-a162-5ce75c371799>,https://fr.allafrica.com/stories/202605050330.html,2026-09-30 12:13:19.316521,https://data.commoncrawl.org/crawl-data/CC-NEWS/2026/05/CC-NEWS-20260505113642-07795.warc.gz,2026-05-05T11:36:46Z
2129,30,704,<urn:uuid:4f3becf9-d1f4-4774-8131-1d3d91109098>,https://www.elbalad.news/6960118,2026-09-30 12:13:19.316521,https://data.commoncrawl.org/crawl-data/CC-NEWS/2026/05/CC-NEWS-20260505113642-07795.warc.gz,2026-05-05T11:36:46Z
2130,2052,1509,<urn:uuid:3c41f69f-b77f-44a9-a550-4e62e2b6fb1c>,https://www.tennis.com.au/act/news/2025/09/01/super-10s-2026,2026-09-30 12:13:20.667066,https://data.commoncrawl.org/crawl-data/CC-NEWS/2026/05/CC-NEWS-20260505125307-07796.warc.gz,2026-05-05T12:53:11Z
2131,309,1508,<urn:uuid:8f788a1c-ce36-41e5-9261-b45ae7a07823>,https://www.dnaindia.com/insights/report-why-pf-claims-get-stuck-for-years-and-how-kustodianlife-has-helped-recover-over-150-crore-3209143,2026-09-30 12:13:20.667066,https://data.commoncrawl.org/crawl-data/CC-NEWS/2026/05/CC-NEWS-20260505125307-07796.warc.gz,2026-05-05T12:53:12Z
2132,58,43,<urn:uuid:c698ea8e-dfa0-4b30-bae8-1776fa691ac7>,https://www.zeffy.com/en-US/ticketing/wycinanki-polish-folk-art-papercutting-workshop,2026-09-30 12:13:20.667066,https://data.commoncrawl.org/crawl-data/CC-NEWS/2026/05/CC-NEWS-20260505125307-07796.warc.gz,2026-05-05T12:53:12Z
2133,1000,1513,<urn:uuid:7e4ed633-3420-4553-85d7-1eee8bd422e6>,https://www.thequint.com/amp/story/opinion/why-vijay-win-is-unlike-anything-before-tamil-nadu-elections,2026-09-30 12:13:20.681104,https://data.commoncrawl.org/crawl-data/CC-NEWS/2026/05/CC-NEWS-20260505141736-07797.warc.gz,2026-05-05T14:17:42Z
2134,2055,1512,<urn:uuid:8efaea99-3c3a-4e54-8d5d-eeb2340ee9ae>,https://www.ksfr.org/npr-news/2026-05-05/gamestop-makes-unsolicited-bid-to-acquire-online-auction-giant-ebay-for-56b,2026-09-30 12:13:20.681104,https://data.commoncrawl.org/crawl-data/CC-NEWS/2026/05/CC-NEWS-20260505141736-07797.warc.gz,2026-05-05T14:17:42Z
2135,149,1511,<urn:uuid:a0bb265d-ec26-43f3-b70e-5adb306aabb9>,https://www.closermag.fr/people/chantal-nobel-loin-des-plateaux-cette-course-automobile-mythique-dans-laquelle-elle-sest-illustree-3634397,2026-09-30 12:13:20.681104,https://data.commoncrawl.org/crawl-data/CC-NEWS/2026/05/CC-NEWS-20260505141736-07797.warc.gz,2026-05-05T14:17:42Z
2136,204,,<urn:uuid:92754d53-d943-40be-92ef-222a82232caa>,https://www.einpresswire.com/article/910534690/connecticut-s-14th-civil-support-team-hosts-local-air-force-jrotc,2026-09-30 12:13:20.686937,https://data.commoncrawl.org/crawl-data/CC-NEWS/2026/05/CC-NEWS-20260505154440-07798.warc.gz,2026-05-05T15:44:55Z
2137,104,1017,<urn:uuid:64a1472c-0565-41a0-93cf-77bad6b793d0>,https://www.k923orlando.com/news/trending/recall-alert-utz-recalls-zapps-dirty-brand-chips-over-salmonella-concerns/HI3YPBNDGFFVFDNFG7A6OSLIUM/,2026-09-30 12:13:20.686937,https://data.commoncrawl.org/crawl-data/CC-NEWS/2026/05/CC-NEWS-20260505154440-07798.warc.gz,2026-05-05T15:44:54Z
2138,2059,,<urn:uuid:67b50938-df5f-438b-aa33-3ce6ef5bae2b>,https://www.kiro7.com/entertainment/macron-croons/VFI2L4S4GM6Q5MXCGQMCR2NTCA/,2026-09-30 12:13:20.686937,https://data.commoncrawl.org/crawl-data/CC-NEWS/2026/05/CC-NEWS-20260505154440-07798.warc.gz,2026-05-05T15:44:58Z
2139,81,,<urn:uuid:2e0ef31f-f2f0-4e4f-bee9-efc884ca11cc>,https://unidivers.fr/event/audition-de-classe-violon-auditorium-du-conservatoire-site-de-charleville-mezieres-charleville-mezieres-ardennes-2026-05-20t1300000200/,2026-09-30 12:13:22.695911,https://data.commoncrawl.org/crawl-data/CC-NEWS/2026/05/CC-NEWS-20260505170921-07799.warc.gz,2026-05-05T17:09:31Z
2140,407,1516,<urn:uuid:7f932d76-b15c-427b-acd2-5acbf99ff5ed>,https://www.mondaq.com/unitedstates/economic-analysis/1781956/qa-with-mike-stigers-why-training-and-development-belongs-at-the-top-of-the-pl,2026-09-30 12:13:22.695911,https://data.commoncrawl.org/crawl-data/CC-NEWS/2026/05/CC-NEWS-20260505170921-07799.warc.gz,2026-05-05T17:09:31Z
2141,227,877,<urn:uuid:e9a989a7-bce2-44b9-8a52-b4bdf10ffcd2>,https://www.channelnewsasia.com/business/top-european-tech-ceos-call-easier-ai-rules-6101686?cid=cna_flip_070214,2026-09-30 12:13:22.695911,https://data.commoncrawl.org/crawl-data/CC-NEWS/2026/05/CC-NEWS-20260505170921-07799.warc.gz,2026-05-05T17:09:32Z
2142,108,,<urn:uuid:c1ddf66e-e355-4833-985d-10935126b4e8>,https://thewest.com.au/news/regional/royal-flying-doctor-service-eastern-goldfields-auxiliary-fundraiser-at-coles-on-friday-c-22236029,2026-09-30 12:13:22.706383,https://data.commoncrawl.org/crawl-data/CC-NEWS/2026/05/CC-NEWS-20260505184242-07800.warc.gz,2026-05-05T18:42:51Z
2143,162,,<urn:uuid:529f4b00-5ede-4f00-a3a7-befeba0ef17b>,https://www.lebanon24.com/news/breaking-news/1521606/%D9%88%D8%B2%D9%8A%D8%B1-%D8%A7%D9%84%D8%AE%D8%A7%D8%B1%D8%AC%D9%8A%D9%91%D8%A9-%D8%A7%D9%84%D8%A5%D8%B3%D8%B1%D8%A7%D8%A6%D9%8A%D9%84%D9%8A-%D9%84%D9%8A%D8%B3-%D9%84%D8%AF%D9%8A%D9%86%D8%A7-%D8%B7%D9%85%D9%88%D8%AD%D8%A7%D8%AA-%D9%84%D9%84%D8%A7%D8%B3%D8%AA%D9%8A%D9%84%D8%A7%D8%A1-%D8%B9%D9%84%D9%89-%D8%A3%D8%B1%D8%A7%D8%B6%D9%8A-%D8%AC%D9%86%D9%88%D8%A8-%D9%84%D8%A8,2026-09-30 12:13:22.706383,https://data.commoncrawl.org/crawl-data/CC-NEWS/2026/05/CC-NEWS-20260505184242-07800.warc.gz,2026-05-05T18:42:51Z
2144,121,1517,<urn:uuid:71f5ccae-070c-49d1-9457-9a4b8e74711e>,https://www.si.com/college/minnesota/gophers-football/post-spring-big-ten-power-rankings-where-does-minnesota-land,2026-09-30 12:13:22.706383,https://data.commoncrawl.org/crawl-data/CC-NEWS/2026/05/CC-NEWS-20260505184242-07800.warc.gz,2026-05-05T18:42:53Z
2145,108,,<urn:uuid:b8e7ed50-1279-488e-b6cf-447b48a6eef1>,https://thewest.com.au/lifestyle/motoring/2026-hyundai-tucson-hybrid-fwd-review-c-22240571,2026-09-30 12:13:22.711459,https://data.commoncrawl.org/crawl-data/CC-NEWS/2026/05/CC-NEWS-20260505201943-07801.warc.gz,2026-05-05T20:19:58Z
2146,108,,<urn:uuid:15d7b6e0-f124-4e32-bd14-9540d76cbe11>,https://thewest.com.au/lifestyle/motoring/2026-suzuki-jimny-update-spied-testing-c-22240585,2026-09-30 12:13:22.711459,https://data.commoncrawl.org/crawl-data/CC-NEWS/2026/05/CC-NEWS-20260505201943-07801.warc.gz,2026-05-05T20:19:59Z
2147,18,17,<urn:uuid:0bd0c7ee-affa-4320-9708-b3cc78b9dc08>,https://www.benzinga.com/insights/news/26/05/52292169/marathon-petroleum-q1-2026-earnings-call-complete-transcript,2026-09-30 12:13:22.711459,https://data.commoncrawl.org/crawl-data/CC-NEWS/2026/05/CC-NEWS-20260505201943-07801.warc.gz,2026-05-05T20:20:00Z
2148,2069,1519,<urn:uuid:5d965a42-99e0-4d53-b801-fc89fd61f457>,https://www.privateequityinternational.com/peis-data-dive-reading-the-signals-in-secondaries-sentiment/,2026-09-30 12:13:25.772011,https://data.commoncrawl.org/crawl-data/CC-NEWS/2026/05/CC-NEWS-20260505222322-07802.warc.gz,2026-05-05T22:23:30Z
2149,168,,<urn:uuid:b0117016-daae-44f1-a4e6-a53645fe7af6>,https://realting.com/israel/new-buildings/36369,2026-09-30 12:13:25.772011,https://data.commoncrawl.org/crawl-data/CC-NEWS/2026/05/CC-NEWS-20260505222322-07802.warc.gz,2026-05-05T22:23:30Z
2150,92,1520,<urn:uuid:11503085-41fd-46ce-a0c1-ae76f269e789>,https://www.hindustantimes.com/world-news/us-news/210-freeway-shooting-reports-what-happening-on-polk-street-first-details-emerge-amid-police-response-in-california-101778015135368-amp.html,2026-09-30 12:13:25.772011,https://data.commoncrawl.org/crawl-data/CC-NEWS/2026/05/CC-NEWS-20260505222322-07802.warc.gz,2026-05-05T22:23:33Z
2151,171,,<urn:uuid:9fb20c0b-8d48-4c76-b329-d76a5dd3f789>,https://www.kshb.com/videos/news/national/iran-war/us-says-ceasefire-with-iran-is-still-intact-despite-tensions-in-strait,2026-09-30 12:13:25.780316,https://data.commoncrawl.org/crawl-data/CC-NEWS/2026/05/CC-NEWS-20260506005045-07803.warc.gz,2026-05-06T00:50:54Z
2152,1307,1522,<urn:uuid:c9115dc2-997c-41b2-9063-c1a77ac01d32>,https://businessmotoring.co.uk/fleets-account-for-26-8-of-new-vehicle-registrations-in-april-the-smmt/,2026-09-30 12:13:25.780316,https://data.commoncrawl.org/crawl-data/CC-NEWS/2026/05/CC-NEWS-20260506005045-07803.warc.gz,2026-05-06T00:50:55Z
2153,204,1521,<urn:uuid:f6188189-3957-468d-9a84-96ac29185bd6>,https://www.einpresswire.com/article/910149573/magic-city-property-management-expands-service-coverage-across-central-indiana,2026-09-30 12:13:25.780316,https://data.commoncrawl.org/crawl-data/CC-NEWS/2026/05/CC-NEWS-20260506005045-07803.warc.gz,2026-05-06T00:50:59Z
2154,60,41,<urn:uuid:dabc625c-3094-4b72-8ab4-6f2f0f89bfd6>,https://www.aletihad.ae/news/%D8%A7%D9%84%D8%A5%D9%85%D8%A7%D8%B1%D8%A7%D8%AA/4663559/%D8%A7%D9%84%D8%A5%D9%85%D8%A7%D8%B1%D8%A7%D8%AA-%D8%AA%D8%B4%D8%A7%D8%B1%D9%83-%D9%81%D9%8A-%D9%85%D9%86%D8%AA%D8%AF%D9%89-%D8%A5%D8%B3%D8%B7%D9%86%D8%A8%D9%88%D9%84-%D8%A7%D9%84%D8%AF%D9%88%D9%84%D9%8A-%D8%A7%D9%84%D8%AE%D8%A7%D9%85%D8%B3-%D9%84%D9%84%D9%85%D9%8A%D8%A7%D9%87,2026-09-30 12:13:25.787875,https://data.commoncrawl.org/crawl-data/CC-NEWS/2026/05/CC-NEWS-20260506032759-07804.warc.gz,2026-05-06T03:28:22Z
2155,1313,,<urn:uuid:01780943-ba9f-40d1-b798-136ae0be4083>,https://www.worldipreview.com/leaders-2026/rob-burrows,2026-09-30 12:13:25.787875,https://data.commoncrawl.org/crawl-data/CC-NEWS/2026/05/CC-NEWS-20260506032759-07804.warc.gz,2026-05-06T03:28:25Z
2156,60,41,<urn:uuid:4b655e9c-3286-4634-a7f7-ab5b764dc947>,https://www.aletihad.ae/news/%D8%A7%D9%84%D8%A5%D9%85%D8%A7%D8%B1%D8%A7%D8%AA/4663560/-%D8%AA%D9%86%D9%81%D9%8A%D8%B0%D9%8A-%D8%A7%D9%84%D8%B4%D8%A7%D8%B1%D9%82%D8%A9--%D9%8A%D8%B5%D8%AF%D8%B1-%D9%82%D8%B1%D8%A7%D8%B1%D8%A7-%D8%A8%D8%B4%D8%A3%D9%86-%D8%AA%D9%86%D8%B8%D9%8A%D9%85-%D9%85%D8%B2%D8%A7%D8%B1%D8%B9-%D8%A7%D9%84%D8%A3%D8%AD%D9%8A%D8%A7%D8%A1-%D8%A7%D9%84%D9%85%D8%A7%D8%A6%D9%8A%D8%A9,2026-09-30 12:13:25.787875,https://data.commoncrawl.org/crawl-data/CC-NEWS/2026/05/CC-NEWS-20260506032759-07804.warc.gz,2026-05-06T03:28:29Z
2157,1,3,<urn:uuid:9f092db2-547b-41a0-a041-a25ffd5ba2a8>,https://menafn.com/1111067109/Megan-Stoketon-Recognized-By-Influential-Women-Exemplifies-Leadership-And-Service-In-The-United-States-Air-Force,2026-09-30 12:13:29.004607,https://data.commoncrawl.org/crawl-data/CC-NEWS/2026/05/CC-NEWS-20260506054610-07805.warc.gz,2026-05-06T05:46:21Z
2158,177,119,<urn:uuid:be221492-14b5-4400-89fe-9e251e2d0965>,https://www.i24news.tv/en/news/international/artc-trump-pauses-us-op-to-guide-ships-through-hormuz-great-progress-made-with-iran-live-blog,2026-09-30 12:13:29.004607,https://data.commoncrawl.org/crawl-data/CC-NEWS/2026/05/CC-NEWS-20260506054610-07805.warc.gz,2026-05-06T05:46:22Z
2159,58,43,<urn:uuid:461f7ba1-386c-44ff-94b7-db8c8817624e>,https://www.zeffy.com/en-US/ticketing/custom-handcrafted-planter-raffle-built-by-bryan-yebba,2026-09-30 12:13:29.004607,https://data.commoncrawl.org/crawl-data/CC-NEWS/2026/05/CC-NEWS-20260506054610-07805.warc.gz,2026-05-06T05:46:22Z
2160,241,,<urn:uuid:3ea78571-561e-463b-b05c-c51d0faef021>,https://www.shorouknews.com/news/view.aspx?cdate=06052026&id=5dbbc871-1653-4d07-a7fc-f1706e542b82,2026-09-30 12:13:29.011249,https://data.commoncrawl.org/crawl-data/CC-NEWS/2026/05/CC-NEWS-20260506074727-07806.warc.gz,2026-05-06T07:47:39Z
2161,8,462,<urn:uuid:fda92ca8-222b-41aa-a1a5-225d76a8eccf>,https://www.westernjournal.com/data-guru-says-americans-blame-trump-higher-gas-prices-bush-obama-biden/?utm_source=facebook&utm_medium=jeffersonnewsletter&utm_campaign=lminetwork&utm_content=2026-05-06,2026-09-30 12:13:29.011249,https://data.commoncrawl.org/crawl-data/CC-NEWS/2026/05/CC-NEWS-20260506074727-07806.warc.gz,2026-05-06T07:47:39Z
2162,162,,<urn:uuid:ed4c281a-2191-428c-8bd8-341a0b830a3b>,https://www.lebanon24.com/news/economics/1521787/%D8%A8%D9%81%D8%B6%D9%84-%D8%A2%D9%85%D8%A7%D9%84-%D8%A7%D9%84%D8%B3%D9%84%D8%A7%D9%85-%D9%81%D9%8A-%D8%A7%D9%84%D8%B4%D8%B1%D9%82-%D8%A7%D9%84%D8%A3%D9%88%D8%B3%D8%B7-%D9%88%D8%A7%D9%86%D8%AE%D9%81%D8%A7%D8%B6-%D8%A7%D9%84%D8%AF%D9%88%D9%84%D8%A7%D8%B1-%D8%A7%D8%B1%D8%AA%D9%81%D8%A7%D8%B9-%D9%81%D9%8A-%D8%A3%D8%B3%D8%B9%D8%A7%D8%B1-%D8%A7%D9%84%D8%B0%D9%87%D8%A8,2026-09-30 12:13:29.011249,https://data.commoncrawl.org/crawl-data/CC-NEWS/2026/05/CC-NEWS-20260506074727-07806.warc.gz,2026-05-06T07:47:40Z
2163,1836,1529,<urn:uuid:210c8cfb-a543-4c14-b7e5-e72cf045af47>,https://www.fourfourtwo.com/quiz/football-quiz-can-you-name-every-bayern-munich-player-to-have-played-in-a-champions-league-final-this-century,2026-09-30 12:13:29.017659,https://data.commoncrawl.org/crawl-data/CC-NEWS/2026/05/CC-NEWS-20260506092708-07807.warc.gz,2026-05-06T09:27:22Z
2164,180,1530,<urn:uuid:7d6508c6-aac9-4ccd-871c-1c41857df5c6>,https://www.knkx.org/2026-05-06/poll-trump-blamed-for-gas-prices-as-democrats-gain-midterm-edge,2026-09-30 12:13:29.017659,https://data.commoncrawl.org/crawl-data/CC-NEWS/2026/05/CC-NEWS-20260506092708-07807.warc.gz,2026-05-06T09:27:22Z
2165,802,943,<urn:uuid:3a563543-5bc1-456d-8d41-1705eec7a486>,https://sana.sy/international/2468429/,2026-09-30 12:13:29.017659,https://data.commoncrawl.org/crawl-data/CC-NEWS/2026/05/CC-NEWS-20260506092708-07807.warc.gz,2026-05-06T09:27:24Z
2166,2087,1531,<urn:uuid:8e83b756-2ab5-4598-8f4c-534eb599382d>,https://www.thedailybeast.com/donald-trump-hurls-top-goons-pete-hegseth-and-marco-rubio-under-the-bus-with-humiliating-u-turn/,2026-09-30 12:13:31.340279,https://data.commoncrawl.org/crawl-data/CC-NEWS/2026/05/CC-NEWS-20260506105410-07808.warc.gz,2026-05-06T10:54:16Z
2167,181,1533,<urn:uuid:418e3efa-dff4-4c77-ac77-fde32fe32cdc>,https://www.prnewswire.co.uk/news-releases/antiscalants-market-worth-6-56-billion-by-2031---exclusive-report-by-marketsandmarkets-302763871.html,2026-09-30 12:13:31.340279,https://data.commoncrawl.org/crawl-data/CC-NEWS/2026/05/CC-NEWS-20260506105410-07808.warc.gz,2026-05-06T10:54:16Z
2168,183,1532,<urn:uuid:f3521b58-e828-4f71-b53f-0c182db100e9>,https://www.fastcompany.com/91537196/peter-arnell-americas-new-chief-brand-architect?partner=rss&amp;utm_source=rss&amp;utm_medium=feed&amp;utm_campaign=rss+fastcompany&amp;utm_content=rss,2026-09-30 12:13:31.340279,https://data.commoncrawl.org/crawl-data/CC-NEWS/2026/05/CC-NEWS-20260506105410-07808.warc.gz,2026-05-06T10:54:16Z
2169,192,,<urn:uuid:cbf3f45f-10b6-4641-885a-6b7129232333>,https://lecourrier.vn/hyundai-motor-accelere-sa-strategie-de-developpement-des-ressources-humaines-au-vietnam/1346876.html,2026-09-30 12:13:31.34728,https://data.commoncrawl.org/crawl-data/CC-NEWS/2026/05/CC-NEWS-20260506121308-07809.warc.gz,2026-05-06T12:13:11Z
2170,92,1534,<urn:uuid:2c0dea47-c0da-48b8-89d8-12e90c912d03>,https://www.hindustantimes.com/india-news/vivo-x300-fe-defines-compact-flagships-uncompromised-ambition-and-fashion-sense-101778063606143-amp.html,2026-09-30 12:13:31.34728,https://data.commoncrawl.org/crawl-data/CC-NEWS/2026/05/CC-NEWS-20260506121308-07809.warc.gz,2026-05-06T12:13:12Z
2171,58,43,<urn:uuid:51e7cf4f-cc30-427a-b18c-b6c15714f2f6>,https://www.zeffy.com/en-CA/ticketing/2026-gal-pals-golf-clinic,2026-09-30 12:13:31.34728,https://data.commoncrawl.org/crawl-data/CC-NEWS/2026/05/CC-NEWS-20260506121308-07809.warc.gz,2026-05-06T12:13:16Z
2172,397,677,<urn:uuid:19ec8471-aaee-4bc0-b7a8-d6b7fb590062>,https://exclusivepress.net/archives/159831,2026-09-30 12:13:31.355316,https://data.commoncrawl.org/crawl-data/CC-NEWS/2026/05/CC-NEWS-20260506132724-07810.warc.gz,2026-05-06T13:27:35Z
2173,166,,<urn:uuid:1cc310f5-7b54-4e56-822c-3aa6103cc72b>,https://www.indiainfoline.com/company/360-one-wam-ltd/options/30-06-2026-ce-1100,2026-09-30 12:13:31.355316,https://data.commoncrawl.org/crawl-data/CC-NEWS/2026/05/CC-NEWS-20260506132724-07810.warc.gz,2026-05-06T13:27:36Z
2174,2092,1537,<urn:uuid:818cf3d2-6dd4-4ea2-999a-2885416310e8>,https://www.fox17online.com/news/morning-news/birthday-shoutouts/birthday-shoutouts-may-6-2026,2026-09-30 12:13:31.355316,https://data.commoncrawl.org/crawl-data/CC-NEWS/2026/05/CC-NEWS-20260506132724-07810.warc.gz,2026-05-06T13:27:38Z
2175,190,1538,<urn:uuid:003d7537-efd8-4445-973f-e876e0ea8a82>,https://www.dailysabah.com/world/mid-east/multiple-sources-suggest-us-iran-memo-to-end-war-within-reach,2026-09-30 12:13:34.422361,https://data.commoncrawl.org/crawl-data/CC-NEWS/2026/05/CC-NEWS-20260506144106-07811.warc.gz,2026-05-06T14:41:15Z
2176,555,,<urn:uuid:3ec19292-360c-4988-84f9-e1681e73ae60>,https://kz.kinoafisha.info/en/kostanay/movies/8385368/2026-05-08/,2026-09-30 12:13:34.422361,https://data.commoncrawl.org/crawl-data/CC-NEWS/2026/05/CC-NEWS-20260506144106-07811.warc.gz,2026-05-06T14:41:16Z
2177,188,1539,<urn:uuid:2728e8cc-b54c-4366-9290-036b6bc68e4a>,https://www.wyso.org/npr-news/2026-05-06/iran-says-ships-can-pass-strait-of-hormuz-as-trump-warns-of-bombings-without-a-deal,2026-09-30 12:13:34.422361,https://data.commoncrawl.org/crawl-data/CC-NEWS/2026/05/CC-NEWS-20260506144106-07811.warc.gz,2026-05-06T14:41:21Z
2178,192,,<urn:uuid:d4615eb5-514c-4db1-801e-66243e4da60f>,https://lecourrier.vn/le-proces-de-lex-ministre-de-la-sante-nguyen-thi-kim-tien-debutera-le-20-mai/1346883.html,2026-09-30 12:13:34.4375,https://data.commoncrawl.org/crawl-data/CC-NEWS/2026/05/CC-NEWS-20260506155550-07812.warc.gz,2026-05-06T15:55:58Z
2179,1359,967,<urn:uuid:d01e0479-798c-46ed-a22f-ca497b6ebf7e>,https://www.iomtoday.co.im/news/courts/wounding-with-intent-to-murder-accused-says-he-wants-hard-copy-of-court-papers-904357,2026-09-30 12:13:34.4375,https://data.commoncrawl.org/crawl-data/CC-NEWS/2026/05/CC-NEWS-20260506155550-07812.warc.gz,2026-05-06T15:55:59Z
2180,1640,1017,<urn:uuid:360a1d23-76f5-49dc-a96e-08609ba3c7fa>,https://www.wmmo.com/news/trending/what-is-lewy-body-dementia/UNSIBRU4X5G4JIE25FCLPT774Q/,2026-09-30 12:13:34.4375,https://data.commoncrawl.org/crawl-data/CC-NEWS/2026/05/CC-NEWS-20260506155550-07812.warc.gz,2026-05-06T15:56:01Z
2181,376,1542,<urn:uuid:03a9cf06-69a4-405a-90c9-dad150954bab>,https://www.actionnewsjax.com/sports/astros-star-carlos/LPNDG5ZHVMYZDCI5XTYUFDJX7A/,2026-09-30 12:13:34.443767,https://data.commoncrawl.org/crawl-data/CC-NEWS/2026/05/CC-NEWS-20260506171634-07813.warc.gz,2026-05-06T17:16:47Z
2182,195,,<urn:uuid:fb5a1abe-dc05-4f70-a29c-5ea4391fc9a8>,https://fr.allafrica.com/stories/202605060694.html,2026-09-30 12:13:34.443767,https://data.commoncrawl.org/crawl-data/CC-NEWS/2026/05/CC-NEWS-20260506171634-07813.warc.gz,2026-05-06T17:16:49Z
2183,1363,1543,<urn:uuid:40aa3c1d-7683-4c49-8a7e-9b0ba6c0ef18>,https://www.pehub.com/how-to-invest-in-software-amid-ai-disruption-clearlake-ftv-riverside-thoma-bravo-share-strategies/,2026-09-30 12:13:34.443767,https://data.commoncrawl.org/crawl-data/CC-NEWS/2026/05/CC-NEWS-20260506171634-07813.warc.gz,2026-05-06T17:16:49Z
2184,197,970,<urn:uuid:5651eff9-b20a-4ba6-9861-fab8886ddbe1>,https://www.fox13news.com/news/man-convicted-animal-cruelty-case-inspired-dexters-law-arrested-after-appeal-upheld-original-ruling,2026-09-30 12:13:36.780633,https://data.commoncrawl.org/crawl-data/CC-NEWS/2026/05/CC-NEWS-20260506185337-07814.warc.gz,2026-05-06T18:53:50Z
2185,198,,<urn:uuid:6144e931-c6c5-4d9a-b8b4-0bc485eb4ac7>,https://www.kpax.com/videos/news/politics/easing-the-pain-at-the-pump-what-can-government-do-to-help-drivers,2026-09-30 12:13:36.780633,https://data.commoncrawl.org/crawl-data/CC-NEWS/2026/05/CC-NEWS-20260506185337-07814.warc.gz,2026-05-06T18:53:51Z
2186,63,1545,<urn:uuid:c617e536-e673-4c93-b2fa-88c0e8bafc97>,https://indianexpress.com/article/world/mv-hondius-cruise-ship-hantavirus-outbreak-europe-deaths-quarantine-explained-10676569/,2026-09-30 12:13:36.780633,https://data.commoncrawl.org/crawl-data/CC-NEWS/2026/05/CC-NEWS-20260506185337-07814.warc.gz,2026-05-06T18:53:54Z
2187,1264,1547,<urn:uuid:289fb555-4382-49d1-9b4e-ce3dcb759d69>,https://www.digitalspy.com/movies/a71232291/hocus-pocus-3-disney-cast/,2026-09-30 12:13:36.786959,https://data.commoncrawl.org/crawl-data/CC-NEWS/2026/05/CC-NEWS-20260506202424-07815.warc.gz,2026-05-06T20:24:40Z
2188,2107,1548,<urn:uuid:8483b2dc-059f-4acd-96f4-58b84e3fa537>,https://www.kuaf.com/2026-05-06/antisemitism-scholar-reacts-to-u-k-declaration-of-emergency,2026-09-30 12:13:36.786959,https://data.commoncrawl.org/crawl-data/CC-NEWS/2026/05/CC-NEWS-20260506202424-07815.warc.gz,2026-05-06T20:24:40Z
2189,750,1546,<urn:uuid:1b88befd-80f3-4cb7-9907-5c299b14f029>,https://www.whqr.org/2026-05-06/antisemitism-scholar-reacts-to-u-k-declaration-of-emergency,2026-09-30 12:13:36.786959,https://data.commoncrawl.org/crawl-data/CC-NEWS/2026/05/CC-NEWS-20260506202424-07815.warc.gz,2026-05-06T20:24:40Z
2190,18,1549,<urn:uuid:cf77649c-2dac-45d7-ae5a-1d34fb7d92ef>,https://www.benzinga.com/etfs/new-etfs/26/05/52342858/billionaires-club-etf-launches-on-nyse-tapping-founder-led-wealth-creation-trend-in-active-etfs,2026-09-30 12:13:36.791882,https://data.commoncrawl.org/crawl-data/CC-NEWS/2026/05/CC-NEWS-20260506223353-07816.warc.gz,2026-05-06T22:34:01Z
2191,202,1551,<urn:uuid:67635d9e-085d-4aa2-be77-fb4c39ac8bbe>,https://www.emaratalyoum.com/sports/local/2026-05-07-1.2043458,2026-09-30 12:13:36.791882,https://data.commoncrawl.org/crawl-data/CC-NEWS/2026/05/CC-NEWS-20260506223353-07816.warc.gz,2026-05-06T22:34:01Z
2192,208,141,<urn:uuid:d9c4991f-be72-4fe9-a01c-8cb01bd725df>,http://oskynews.org/wpu-avenges-loss-drops-ravens-for-championship-title-and-nationals-berth/,2026-09-30 12:13:36.791882,https://data.commoncrawl.org/crawl-data/CC-NEWS/2026/05/CC-NEWS-20260506223353-07816.warc.gz,2026-05-06T22:34:01Z
2193,75,1553,<urn:uuid:de23473b-e4da-40ef-b8c5-04e970cc74d1>,https://www.kucb.org/alaska-state-news/2026-05-06/tua-i-bethel-marches-in-remembrance-of-missing-and-murdered-indigenous-people,2026-09-30 12:13:40.131676,https://data.commoncrawl.org/crawl-data/CC-NEWS/2026/05/CC-NEWS-20260507014042-07817.warc.gz,2026-05-07T01:41:31Z
2194,39,,<urn:uuid:cad7f9e7-f03c-49cc-9635-6a4dd99e0630>,https://almanar.com.lb/article/828577/,2026-09-30 12:13:40.131676,https://data.commoncrawl.org/crawl-data/CC-NEWS/2026/05/CC-NEWS-20260507014042-07817.warc.gz,2026-05-07T01:41:32Z
2195,170,1362,<urn:uuid:cab95f3b-d05f-48cd-8af6-4f9aab8eb7ba>,https://www.cbsnews.com/video/050626-cbs-evening-news/,2026-09-30 12:13:40.131676,https://data.commoncrawl.org/crawl-data/CC-NEWS/2026/05/CC-NEWS-20260507014042-07817.warc.gz,2026-05-07T01:41:35Z
2196,742,1554,<urn:uuid:210a43f6-5cb9-4133-acc4-7194b9243278>,https://www.katc.com/st-landry-parish/opelousas-general-health-system-treats-first-patients-using-tissue-regeneration-system,2026-09-30 12:13:40.138243,https://data.commoncrawl.org/crawl-data/CC-NEWS/2026/05/CC-NEWS-20260507043155-07818.warc.gz,2026-05-07T04:32:30Z
2197,742,,<urn:uuid:f13f48c9-4653-4f8c-98d2-ff1b46743529>,https://www.katc.com/videos/sports/ul-sports/ragin-cajuns-softball-beats-troy-to-advance-to-quarterfinals-of-sun-belt-tournament,2026-09-30 12:13:40.138243,https://data.commoncrawl.org/crawl-data/CC-NEWS/2026/05/CC-NEWS-20260507043155-07818.warc.gz,2026-05-07T04:32:36Z
2198,2116,1215,<urn:uuid:6401fa35-7316-421d-846f-31426a0753f8>,https://www.letincelle.qc.ca/actualites/education/664854/un-bazar-pour-financer-le-voyage-de-fin-dannee,2026-09-30 12:13:40.138243,https://data.commoncrawl.org/crawl-data/CC-NEWS/2026/05/CC-NEWS-20260507043155-07818.warc.gz,2026-05-07T04:32:42Z
2199,217,,<urn:uuid:9027f1ef-e618-4c47-a430-85dd6d862860>,https://www.hiphopgalaxy.com/blog/how-to-keep-brown-sugar-from-clumping-in-rub-silicon-dioxide-is-that-good-for-clumping/,2026-09-30 12:13:40.143583,https://data.commoncrawl.org/crawl-data/CC-NEWS/2026/05/CC-NEWS-20260507064817-07819.warc.gz,2026-05-07T06:48:24Z
2200,59,1557,<urn:uuid:2856ba88-bc0b-4faf-916c-e67a551bdf2f>,https://www.womansera.com/anupam-kher-laughs-off-bjp-leaders-hair-growth-jibe-at-tmc-says-maine-kya-bigaada-hai/,2026-09-30 12:13:40.143583,https://data.commoncrawl.org/crawl-data/CC-NEWS/2026/05/CC-NEWS-20260507064817-07819.warc.gz,2026-05-07T06:48:25Z
2201,51,181,<urn:uuid:d3a38afc-4b09-4f0b-962e-c00d906a10c4>,https://www.newindianexpress.com/states/odisha/2026/May/07/orissa-hc-mandates-stringent-privacy-safeguards-for-sexual-offence-victims,2026-09-30 12:13:40.143583,https://data.commoncrawl.org/crawl-data/CC-NEWS/2026/05/CC-NEWS-20260507064817-07819.warc.gz,2026-05-07T06:48:27Z
2202,324,216,<urn:uuid:7b4987d2-29e3-4001-9f68-66047acb642d>,https://www.indiatvnews.com/news/world/us-iran-mutually-agree-to-reopen-strait-of-hormuz-ease-naval-blockade-report-2026-05-07-1040244,2026-09-30 12:13:42.638807,https://data.commoncrawl.org/crawl-data/CC-NEWS/2026/05/CC-NEWS-20260507082427-07820.warc.gz,2026-05-07T08:24:36Z
2203,219,278,<urn:uuid:3ecd3dee-4d5b-4c98-8950-f850f482b093>,https://www.dtnext.in/news/sports/spo-cr-ipl-srh-franklin,2026-09-30 12:13:42.638807,https://data.commoncrawl.org/crawl-data/CC-NEWS/2026/05/CC-NEWS-20260507082427-07820.warc.gz,2026-05-07T08:24:36Z
2204,15,891,<urn:uuid:2d69ad89-754f-4bc0-92a1-05c28e8cc36a>,https://www.nasdaq.com/articles/could-opendoor-stock-hit-10-2026,2026-09-30 12:13:42.638807,https://data.commoncrawl.org/crawl-data/CC-NEWS/2026/05/CC-NEWS-20260507082427-07820.warc.gz,2026-05-07T08:24:36Z
2205,390,360,<urn:uuid:4fa1aae9-d56e-4aae-b114-fa843a26fefc>,https://www.globenewswire.com/news-release/2026/05/07/3289658/28124/en/Cleanroom-Requirements-for-Medical-Device-Manufacturers-Online-Course-Practical-Guidance-on-Cleanroom-Operations-Contamination-Control-and-Critical-Environmental-Considerations-Sep.html,2026-09-30 12:13:42.646023,https://data.commoncrawl.org/crawl-data/CC-NEWS/2026/05/CC-NEWS-20260507095950-07821.warc.gz,2026-05-07T09:59:56Z
2206,105,821,<urn:uuid:b558ac98-7501-4363-a3eb-6e93425d3acf>,https://www.wrvo.org/2026-05-07/about-40-passengers-previously-left-ship-hit-by-hantavirus-at-island-of-st-helena,2026-09-30 12:13:42.646023,https://data.commoncrawl.org/crawl-data/CC-NEWS/2026/05/CC-NEWS-20260507095950-07821.warc.gz,2026-05-07T09:59:56Z
2207,608,1561,<urn:uuid:2c2fa0e9-5007-4ee7-bb85-b8f4fc879f8d>,https://m.rediff.com/news/commentary/2026/may/07/28-aiadmk-mlas-shifted-to-puducherry-resort/1b96634857f2fd17f1d39dc01b56655a,2026-09-30 12:13:42.646023,https://data.commoncrawl.org/crawl-data/CC-NEWS/2026/05/CC-NEWS-20260507095950-07821.warc.gz,2026-05-07T09:59:56Z
2208,222,1566,<urn:uuid:99e6da34-d9ee-42a7-8b90-4e67b0ef137c>,https://www.boisestatepublicradio.org/2026-05-07/rep-chris-deluzio-d-pa-on-proposed-legislation-to-cut-off-funding-for-iran-war,2026-09-30 12:13:42.656601,https://data.commoncrawl.org/crawl-data/CC-NEWS/2026/05/CC-NEWS-20260507112921-07822.warc.gz,2026-05-07T11:29:27Z
2209,942,1565,<urn:uuid:9a5f825d-7978-49f3-b8e2-27bd7e006e51>,https://news.prairiepublic.org/2026-05-07/rep-chris-deluzio-d-pa-on-proposed-legislation-to-cut-off-funding-for-iran-war,2026-09-30 12:13:42.656601,https://data.commoncrawl.org/crawl-data/CC-NEWS/2026/05/CC-NEWS-20260507112921-07822.warc.gz,2026-05-07T11:29:28Z
2210,2127,1564,<urn:uuid:d0f8912a-2fd5-4a13-a39c-135aeecb6324>,https://markcrispinmiller.substack.com/p/in-memory-of-those-who-died-suddenly-a6a,2026-09-30 12:13:42.656601,https://data.commoncrawl.org/crawl-data/CC-NEWS/2026/05/CC-NEWS-20260507112921-07822.warc.gz,2026-05-07T11:29:28Z
2211,2129,1568,<urn:uuid:0f75d43d-983b-4aac-b228-8340cb2ee4d4>,https://www.okehampton-today.co.uk/sport/racing-to-beat-the-heat-in-the-med-903911,2026-09-30 12:13:44.478986,https://data.commoncrawl.org/crawl-data/CC-NEWS/2026/05/CC-NEWS-20260507125016-07823.warc.gz,2026-05-07T12:50:22Z
2212,234,1240,<urn:uuid:41ce0ca5-cd85-498a-ad87-fbbe49a7ce3b>,https://www.zawya.com/en/economy/north-africa/egypt-egx-moves-to-delist-misr-kuwait-investment-over-regulatory-non-compliance-du2vb1vb,2026-09-30 12:13:44.478986,https://data.commoncrawl.org/crawl-data/CC-NEWS/2026/05/CC-NEWS-20260507125016-07823.warc.gz,2026-05-07T12:50:22Z
2213,93,1567,<urn:uuid:862bf956-ef25-44c7-9e77-9e9b186178a8>,https://www.timesnownews.com/health/mounjaro-overtakes-cancer-drug-keytruda-as-worlds-best-selling-medicine-article-154267675,2026-09-30 12:13:44.478986,https://data.commoncrawl.org/crawl-data/CC-NEWS/2026/05/CC-NEWS-20260507125016-07823.warc.gz,2026-05-07T12:50:22Z
2214,3,1570,<urn:uuid:8a59d319-dd1a-43fd-8233-e8fc901caaf8>,https://news.abplive.com/sports/ipl/lsg-vs-rcb-score-live-ipl-2026-lucknow-super-giants-vs-royal-challengers-bengaluru-ekana-stadium-live-updates-1842097,2026-09-30 12:13:44.48557,https://data.commoncrawl.org/crawl-data/CC-NEWS/2026/05/CC-NEWS-20260507141245-07824.warc.gz,2026-05-07T14:12:52Z
2215,30,704,<urn:uuid:21c5d92a-6cc8-4bcb-abce-84d8b705b948>,https://www.elbalad.news/6962632,2026-09-30 12:13:44.48557,https://data.commoncrawl.org/crawl-data/CC-NEWS/2026/05/CC-NEWS-20260507141245-07824.warc.gz,2026-05-07T14:12:54Z
2216,227,1571,<urn:uuid:597b99e8-72bd-47b2-8f09-3db35af5a28c>,https://www.channelnewsasia.com/singapore/lee-hsien-loong-malaysia-pahang-terengganu-6107046?cid=cna_flip_070214,2026-09-30 12:13:44.48557,https://data.commoncrawl.org/crawl-data/CC-NEWS/2026/05/CC-NEWS-20260507141245-07824.warc.gz,2026-05-07T14:12:55Z
2217,166,,<urn:uuid:a9ce8d0c-f59e-4098-bc05-db44a9329891>,https://www.indiainfoline.com/company/vedanta-ltd/options/30-06-2026-pe-360,2026-09-30 12:13:44.490915,https://data.commoncrawl.org/crawl-data/CC-NEWS/2026/05/CC-NEWS-20260507152933-07825.warc.gz,2026-05-07T15:29:39Z
2218,96,67,<urn:uuid:efbb795c-0d28-42de-91a1-53317f335dfd>,https://www.business-standard.com/amp/economy/news/gstat-braces-for-rush-in-appeals-ahead-of-june-30-filing-deadline-126050701433_1.html,2026-09-30 12:13:44.490915,https://data.commoncrawl.org/crawl-data/CC-NEWS/2026/05/CC-NEWS-20260507152933-07825.warc.gz,2026-05-07T15:29:40Z
2219,230,1154,<urn:uuid:120f61cc-77dd-417c-9fa1-e5cd76fa9540>,https://www.99jamzmiami.com/news/trending/looksmaxxer-influencer-clavicular-accused-shooting-alligator/D4YZFFUCBFCOFGPBOEUZPGUPDU/,2026-09-30 12:13:44.490915,https://data.commoncrawl.org/crawl-data/CC-NEWS/2026/05/CC-NEWS-20260507152933-07825.warc.gz,2026-05-07T15:29:40Z
2220,398,,<urn:uuid:5af0519a-d6ba-43a5-bea3-ca571ac9acf1>,https://www.xtb.com/ar/market-analysis/yr-n-t-rs-kh-sytrth-aal-mdyk-hrmz-asaa-r-lnft-tokf-nkhf-dh,2026-09-30 12:13:46.102152,https://data.commoncrawl.org/crawl-data/CC-NEWS/2026/05/CC-NEWS-20260507170051-07826.warc.gz,2026-05-07T17:00:53Z
2221,2139,1575,<urn:uuid:f9f0c44a-6aac-4a36-b10a-3a71775392cf>,https://netpeak.us/blog/sephora-just-plugged-into-chatgpt-here-is-what-that-means-for-pet-brands-on-amazon/,2026-09-30 12:13:46.102152,https://data.commoncrawl.org/crawl-data/CC-NEWS/2026/05/CC-NEWS-20260507170051-07826.warc.gz,2026-05-07T17:00:54Z
2222,1509,1576,<urn:uuid:29eb2805-1f2e-45ea-9989-4a1896789af8>,https://www.iowapublicradio.org/news-from-npr/2026-05-07/studying-these-young-alzheimers-patients-led-to-breakthroughs-trump-cut-the-funding,2026-09-30 12:13:46.102152,https://data.commoncrawl.org/crawl-data/CC-NEWS/2026/05/CC-NEWS-20260507170051-07826.warc.gz,2026-05-07T17:00:56Z
2223,399,821,<urn:uuid:4a727976-45bc-46de-9fd0-5a967b4c1ad3>,https://wtop.com/world/2026/05/state-media-in-china-says-an-explosion-at-a-fireworks-plant-killed-at-least-21-people-and-injured-more-than-60-others/,2026-09-30 12:13:46.109801,https://data.commoncrawl.org/crawl-data/CC-NEWS/2026/05/CC-NEWS-20260507183632-07827.warc.gz,2026-05-07T18:36:40Z
2224,236,,<urn:uuid:45b99ae1-6699-4631-9b81-38316d4d8e2e>,https://www.advanced-television.com/2026/05/07/india-amazon-mx-player-merging-with-prime-video/,2026-09-30 12:13:46.109801,https://data.commoncrawl.org/crawl-data/CC-NEWS/2026/05/CC-NEWS-20260507183632-07827.warc.gz,2026-05-07T18:36:40Z
2225,179,,<urn:uuid:ab50686c-f6f9-41d1-b61c-62b24c77bcdd>,https://allafrica.com/stories/202605070707.html,2026-09-30 12:13:46.109801,https://data.commoncrawl.org/crawl-data/CC-NEWS/2026/05/CC-NEWS-20260507183632-07827.warc.gz,2026-05-07T18:36:41Z
2226,241,,<urn:uuid:ab4f365e-ab81-4a7e-b64b-241c7c4f964d>,https://www.shorouknews.com/news/view.aspx?cdate=07052026&id=5e9149e7-46fc-433c-a6c0-93935f8f639f,2026-09-30 12:13:46.114891,https://data.commoncrawl.org/crawl-data/CC-NEWS/2026/05/CC-NEWS-20260507202752-07828.warc.gz,2026-05-07T20:27:58Z
2227,53,36,<urn:uuid:90b1a618-541b-4b60-97f7-6c9d119a1f2f>,https://www.swissinfo.ch/fre/une-visite-de-zelensky-en-arm%C3%A9nie-met-moscou-en-col%C3%A8re/91382929,2026-09-30 12:13:46.114891,https://data.commoncrawl.org/crawl-data/CC-NEWS/2026/05/CC-NEWS-20260507202752-07828.warc.gz,2026-05-07T20:27:58Z
2228,239,863,<urn:uuid:9f09cac2-31b2-4a17-b0ef-076a1bf597e7>,https://www.apr.org/science-health/2026-05-07/vitamin-k-shots-could-have-saved-their-babies-lives-why-did-some-parents-refuse-them,2026-09-30 12:13:46.114891,https://data.commoncrawl.org/crawl-data/CC-NEWS/2026/05/CC-NEWS-20260507202752-07828.warc.gz,2026-05-07T20:28:01Z
2229,242,1581,<urn:uuid:c42d8105-422c-46c9-b7ef-9c9cb8ce7273>,https://www.okaz.com.sa/culture/na/2247633,2026-09-30 12:13:48.302347,https://data.commoncrawl.org/crawl-data/CC-NEWS/2026/05/CC-NEWS-20260507223713-07829.warc.gz,2026-05-07T22:37:25Z
2230,244,,<urn:uuid:cac37eee-367b-4495-b5c9-2640bdd4d19a>,https://www.kxlh.com/videos/news/national/iran-war/us-and-iran-trade-fire-in-strait-of-hormuz,2026-09-30 12:13:48.302347,https://data.commoncrawl.org/crawl-data/CC-NEWS/2026/05/CC-NEWS-20260507223713-07829.warc.gz,2026-05-07T22:37:26Z
2231,58,43,<urn:uuid:b18e7cd4-1d95-49c0-8011-7aa78f2444f9>,https://www.zeffy.com/en-US/ticketing/2026-student-registration-desire-ii-inspire-and-rjw-ministries-summer-sports-educational-mentoring-program,2026-09-30 12:13:48.302347,https://data.commoncrawl.org/crawl-data/CC-NEWS/2026/05/CC-NEWS-20260507223713-07829.warc.gz,2026-05-07T22:37:28Z
2232,1698,1226,<urn:uuid:01350d0d-8771-4bd5-9e01-981aab833d1c>,https://pocahontastimes.com/boe-honors-county-champions-of-learning/,2026-09-30 12:13:48.310105,https://data.commoncrawl.org/crawl-data/CC-NEWS/2026/05/CC-NEWS-20260508013431-07830.warc.gz,2026-05-08T01:34:53Z
2233,246,1582,<urn:uuid:61248a53-0300-4d7f-9a92-9fe2cd99bdcc>,https://www.wkyufm.org/2026-04-16/voters-in-virginia-could-have-one-of-the-final-words-in-trumps-redistricting-fight,2026-09-30 12:13:48.310105,https://data.commoncrawl.org/crawl-data/CC-NEWS/2026/05/CC-NEWS-20260508013431-07830.warc.gz,2026-05-08T01:34:57Z
2234,1698,1226,<urn:uuid:e9c7ca61-dad8-4feb-ba1b-379b9fa5092b>,https://pocahontastimes.com/carol-rudd/,2026-09-30 12:13:48.310105,https://data.commoncrawl.org/crawl-data/CC-NEWS/2026/05/CC-NEWS-20260508013431-07830.warc.gz,2026-05-08T01:35:00Z
2235,227,877,<urn:uuid:deba8cb5-b223-4f9c-b2a8-355ddb2ca9a9>,https://www.channelnewsasia.com/business/japan-intervened-in-forex-market-again-during-may-holidays-source-says-6108691?cid=cna_flip_070214,2026-09-30 12:13:48.315412,https://data.commoncrawl.org/crawl-data/CC-NEWS/2026/05/CC-NEWS-20260508041056-07831.warc.gz,2026-05-08T04:11:06Z
2236,250,1232,<urn:uuid:d51b2fe3-316f-44f8-9615-aba03270609e>,https://www.wrtv.com/sports/wasnt-1-in-9-2-quintillion-hard-enough-bigger-ncaa-tournaments-mean-bigger-brackets-too,2026-09-30 12:13:48.315412,https://data.commoncrawl.org/crawl-data/CC-NEWS/2026/05/CC-NEWS-20260508041056-07831.warc.gz,2026-05-08T04:11:08Z
2237,249,,<urn:uuid:cb0b2afe-d8c2-4b87-9f7e-9592c488c1dd>,https://www.thisdaylive.com/2026/05/08/ajakaye-declares-for-ifelodun-offa-oyun-reps-seat-seeks-apc-stakeholders-backing/,2026-09-30 12:13:48.315412,https://data.commoncrawl.org/crawl-data/CC-NEWS/2026/05/CC-NEWS-20260508041056-07831.warc.gz,2026-05-08T04:11:09Z
2238,98,,<urn:uuid:f88967ee-7332-4ad9-b5b1-51fc27d296bc>,https://www.wionews.com/sports/ipl-2026-rcb-vs-lsg-watch-prince-bowls-king-kohli-gets-clean-bowled-on-ball-of-tournament-1778218373270,2026-09-30 12:13:50.939167,https://data.commoncrawl.org/crawl-data/CC-NEWS/2026/05/CC-NEWS-20260508063702-07832.warc.gz,2026-05-08T06:37:14Z
2239,252,,<urn:uuid:0dd5f871-609a-4ce2-a2af-19318d954995>,https://www.tolerance.ca/ArticleExt.aspx?ID=602956&L=en,2026-09-30 12:13:50.939167,https://data.commoncrawl.org/crawl-data/CC-NEWS/2026/05/CC-NEWS-20260508063702-07832.warc.gz,2026-05-08T06:37:14Z
2240,15,891,<urn:uuid:550dce8e-468f-4238-9cb0-3cd285b2df5c>,https://www.nasdaq.com/articles/airbnb-abnb-q1-2026-earnings-call-transcript,2026-09-30 12:13:50.939167,https://data.commoncrawl.org/crawl-data/CC-NEWS/2026/05/CC-NEWS-20260508063702-07832.warc.gz,2026-05-08T06:37:19Z
2241,81,,<urn:uuid:b33c1589-2514-44f0-b60a-f0e29eae6a3c>,https://unidivers.fr/event/les-ptits-marches-du-saintois-laloeuf-meurthe-et-moselle-2026-05-13/,2026-09-30 12:13:50.944837,https://data.commoncrawl.org/crawl-data/CC-NEWS/2026/05/CC-NEWS-20260508080409-07833.warc.gz,2026-05-08T08:04:16Z
2242,200,,<urn:uuid:6abee75d-e863-4d2c-87d2-62eb11d7599e>,https://clickup.com/p/time-tracking-software/thumbnail-designers,2026-09-30 12:13:50.944837,https://data.commoncrawl.org/crawl-data/CC-NEWS/2026/05/CC-NEWS-20260508080409-07833.warc.gz,2026-05-08T08:04:16Z
2243,255,1587,<urn:uuid:abe9f9c5-0566-4230-acfd-2f05a2255023>,http://en.people.cn/n3/2026/0506/c90000-20453245.html,2026-09-30 12:13:50.944837,https://data.commoncrawl.org/crawl-data/CC-NEWS/2026/05/CC-NEWS-20260508080409-07833.warc.gz,2026-05-08T08:04:17Z
2244,339,1589,<urn:uuid:a307cea4-8a57-4b96-8f71-605280d6d036>,https://www.wvasfm.org/science/2026-05-08/david-attenborough-celebrates-his-100th-birthday,2026-09-30 12:13:50.9502,https://data.commoncrawl.org/crawl-data/CC-NEWS/2026/05/CC-NEWS-20260508091305-07834.warc.gz,2026-05-08T09:13:09Z
2245,200,,<urn:uuid:d817a6c6-1960-4f45-ae10-081e14181cb5>,https://clickup.com/p/small-business/how-to-get-clients-for-auction-agent,2026-09-30 12:13:50.9502,https://data.commoncrawl.org/crawl-data/CC-NEWS/2026/05/CC-NEWS-20260508091305-07834.warc.gz,2026-05-08T09:13:09Z
2246,2162,1588,<urn:uuid:a4182ff5-bc61-4edc-9392-7c5f37755efe>,https://www.nprillinois.org/2026-05-08/democrats-want-to-raise-taxes-on-the-wealthy-a-look-at-the-math,2026-09-30 12:13:50.9502,https://data.commoncrawl.org/crawl-data/CC-NEWS/2026/05/CC-NEWS-20260508091305-07834.warc.gz,2026-05-08T09:13:09Z
2247,200,,<urn:uuid:cbbed258-4957-4ef8-9a4d-1f8c8e4fa041>,https://clickup.com/compare/vs/bookstack,2026-09-30 12:13:52.960625,https://data.commoncrawl.org/crawl-data/CC-NEWS/2026/05/CC-NEWS-20260508102641-07835.warc.gz,2026-05-08T10:26:47Z
2248,77,1,<urn:uuid:3f90e98d-1293-4b9b-b873-8191b8bc3850>,https://ianslive.in/india-at-forefront-of-global-space-transformation-nidhi-khare--20260508145711,2026-09-30 12:13:52.960625,https://data.commoncrawl.org/crawl-data/CC-NEWS/2026/05/CC-NEWS-20260508102641-07835.warc.gz,2026-05-08T10:26:49Z
2249,260,744,<urn:uuid:8cd0cd82-d6cd-495b-ae5a-4f9b4480c7e3>,https://tass.com/politics/2128381,2026-09-30 12:13:52.960625,https://data.commoncrawl.org/crawl-data/CC-NEWS/2026/05/CC-NEWS-20260508102641-07835.warc.gz,2026-05-08T10:26:49Z
2250,92,1246,<urn:uuid:c849b221-d761-4af0-98c8-b8fe9eeedea2>,https://www.hindustantimes.com/real-estate/1-lakh-sq-ft-office-space-deals-dominate-commercial-leasing-at-19-5-msf-bengaluru-leads-demand-101778238354629.html,2026-09-30 12:13:52.967418,https://data.commoncrawl.org/crawl-data/CC-NEWS/2026/05/CC-NEWS-20260508113804-07836.warc.gz,2026-05-08T11:38:11Z
2251,195,,<urn:uuid:9ad62405-835c-4588-abfd-a5e3a94d2423>,https://fr.allafrica.com/stories/202605080204.html,2026-09-30 12:13:52.967418,https://data.commoncrawl.org/crawl-data/CC-NEWS/2026/05/CC-NEWS-20260508113804-07836.warc.gz,2026-05-08T11:38:13Z
2252,266,,<urn:uuid:baa49ce1-b610-4869-a609-17e6f69eae03>,https://www.catholicculture.org/news/headlines/index.cfm?storyid=69348,2026-09-30 12:13:52.967418,https://data.commoncrawl.org/crawl-data/CC-NEWS/2026/05/CC-NEWS-20260508113804-07836.warc.gz,2026-05-08T11:38:14Z
2253,277,1274,<urn:uuid:10ba508e-9261-4c01-9e13-98b996185301>,https://tvovermind.com/funny-wholesome-one-panel-dog-comics-harry-bliss-2/,2026-09-30 12:13:52.972323,https://data.commoncrawl.org/crawl-data/CC-NEWS/2026/05/CC-NEWS-20260508125050-07837.warc.gz,2026-05-08T12:50:56Z
2254,268,182,<urn:uuid:163e1dba-e52d-4983-9abf-7ed9051b996c>,https://www.wam.ae/ar/article/c03xytf-%D8%A5%D9%82%D8%A7%D9%85%D8%A9-%D8%AF%D8%A8%D9%8A-%D8%AA%D8%AD%D9%82%D9%82-%D8%A5%D9%86%D8%AC%D8%A7%D8%B2%D8%A7-%D9%85%D8%B4%D8%B1%D9%88%D8%B9-%D8%A7%D9%84%D8%B3%D8%AC%D8%A7%D8%AF%D8%A9-%D8%A7%D9%84%D8%AD%D9%85%D8%B1%D8%A7%D8%A1,2026-09-30 12:13:52.972323,https://data.commoncrawl.org/crawl-data/CC-NEWS/2026/05/CC-NEWS-20260508125050-07837.warc.gz,2026-05-08T12:50:57Z
2255,269,278,<urn:uuid:f7563eb3-0bf3-4ce8-98c1-6a9e505474fe>,https://www.edexlive.com/news/west-bengal-board-declares-class-10-exam-results-86-83-pc-students-pass,2026-09-30 12:13:52.972323,https://data.commoncrawl.org/crawl-data/CC-NEWS/2026/05/CC-NEWS-20260508125050-07837.warc.gz,2026-05-08T12:50:58Z
2256,2059,1596,<urn:uuid:1f40caf5-a401-4606-a3f0-c894e718fc6f>,https://www.kiro7.com/news/business/trump-administration/HOVBES3GGY5JJADIZ26PCSUGOY/,2026-09-30 12:13:55.37365,https://data.commoncrawl.org/crawl-data/CC-NEWS/2026/05/CC-NEWS-20260508141850-07838.warc.gz,2026-05-08T14:18:55Z
2257,274,,<urn:uuid:fa8d95f8-6178-4b66-89a2-ef6a848d8997>,https://www.informaticien.be/index.ks?page=news_item&id=42715,2026-09-30 12:13:55.37365,https://data.commoncrawl.org/crawl-data/CC-NEWS/2026/05/CC-NEWS-20260508141850-07838.warc.gz,2026-05-08T14:18:55Z
2258,271,1597,<urn:uuid:54c4dba8-a569-4ddd-bb77-23d1bb6c5384>,https://businessnewswales.com/wales-water-a-real-once-in-a-generation-opportunity/?utm_source=rss&utm_medium=rss&utm_campaign=wales-water-a-real-once-in-a-generation-opportunity,2026-09-30 12:13:55.37365,https://data.commoncrawl.org/crawl-data/CC-NEWS/2026/05/CC-NEWS-20260508141850-07838.warc.gz,2026-05-08T14:18:58Z
2259,727,1598,<urn:uuid:15e0fa4a-2bdf-4a6b-813b-687573b9d027>,https://www.newswire.ca/news-releases/government-of-canada-invests-30-million-in-six-not-for-profit-organizations-to-help-accelerate-clean-technology-innovation-across-canadian-agriculture-807013320.html,2026-09-30 12:13:55.38038,https://data.commoncrawl.org/crawl-data/CC-NEWS/2026/05/CC-NEWS-20260508154512-07839.warc.gz,2026-05-08T15:45:16Z
2260,2,660,<urn:uuid:8fa731ee-d5e0-4dca-a2ea-76b10096b099>,https://www.bizcommunity.com/article/itc-launches-trade-map-30-for-global-trade-analysis-625441a,2026-09-30 12:13:55.38038,https://data.commoncrawl.org/crawl-data/CC-NEWS/2026/05/CC-NEWS-20260508154512-07839.warc.gz,2026-05-08T15:45:16Z
2261,626,430,<urn:uuid:0b8f14e5-352e-4410-b7de-614f5c1fb0e7>,https://dotalkhalij.com/egypt/29995990/%D9%88%D8%B2%D9%8A%D8%B1-%D8%A7%D9%84%D8%AE%D8%A7%D8%B1%D8%AC%D9%8A%D8%A9-%D9%8A%D8%B3%D8%AA%D9%82%D8%A8%D9%84-%D8%B1%D8%A6%D9%8A%D8%B3-%D8%A7%D9%84%D9%84%D8%AC%D9%86%D8%A9-%D8%A7%D9%84%D9%88%D8%B7%D9%86%D9%8A%D8%A9-%D9%84%D8%B4%D8%A6%D9%88%D9%86-%D8%A7%D9%84%D9%84%D8%A7%D8%AC%D8%A6%D9%8A%D9%86.html,2026-09-30 12:13:55.38038,https://data.commoncrawl.org/crawl-data/CC-NEWS/2026/05/CC-NEWS-20260508154512-07839.warc.gz,2026-05-08T15:45:16Z
2262,2181,1602,<urn:uuid:c09f1cdb-c92c-4051-b116-e3d521458063>,https://news.tuxmachines.org/n/2026/05/08/TUXEDO_BM_15_Is_an_Upgradable_Business_Linux_Laptop_with_Smartc.shtml,2026-09-30 12:13:55.386934,https://data.commoncrawl.org/crawl-data/CC-NEWS/2026/05/CC-NEWS-20260508171851-07840.warc.gz,2026-05-08T17:18:53Z
2263,2179,1601,<urn:uuid:76bea581-96fd-49e5-bf0c-7fe57b8c5fdf>,https://kyivindependent.com/zelenskys-ally-gives-first-comment-on-leaks-tied-to-major-corruption-scandal-days-after-publication/,2026-09-30 12:13:55.386934,https://data.commoncrawl.org/crawl-data/CC-NEWS/2026/05/CC-NEWS-20260508171851-07840.warc.gz,2026-05-08T17:18:53Z
2264,192,,<urn:uuid:3dc53416-c867-44e7-a6c3-d7d9a7e9a0fe>,https://lecourrier.vn/toyota-voit-son-benefice-net-annuel-chuter-et-se-montre-prudent-face-au-conflit-au-moyen-orient/1347045.html,2026-09-30 12:13:55.386934,https://data.commoncrawl.org/crawl-data/CC-NEWS/2026/05/CC-NEWS-20260508171851-07840.warc.gz,2026-05-08T17:18:56Z
2265,4,,<urn:uuid:9d4037aa-0efc-4378-81c5-0c0ae4d0d387>,https://www.law360.com/articles/2472686/how-new-e-evidence-rules-will-affect-eu-us-data-transfers,2026-09-30 12:13:57.431693,https://data.commoncrawl.org/crawl-data/CC-NEWS/2026/05/CC-NEWS-20260508185645-07841.warc.gz,2026-05-08T18:56:51Z
2266,2183,1604,<urn:uuid:0d144e80-9399-404e-9e37-79acac73adf6>,https://www.motherjones.com/politics/2026/05/donald-trump-eric-trump-crypto-bitcoin/,2026-09-30 12:13:57.431693,https://data.commoncrawl.org/crawl-data/CC-NEWS/2026/05/CC-NEWS-20260508185645-07841.warc.gz,2026-05-08T18:56:51Z
2267,280,1603,<urn:uuid:db546db3-6ee3-4dcb-abd8-5f4ba7214ee8>,https://pjmedia.com/rick-moran/2026/05/08/the-double-whammy-on-democrats-by-the-courts-makes-2026-midterms-the-republicans-game-to-lose-n4952642,2026-09-30 12:13:57.431693,https://data.commoncrawl.org/crawl-data/CC-NEWS/2026/05/CC-NEWS-20260508185645-07841.warc.gz,2026-05-08T18:56:52Z
2268,1768,,<urn:uuid:325e7d73-1d4d-4312-a3ff-7fce387b1109>,https://www.hurriyetdailynews.com/actress-sues-cameron-over-avatar-character-221918,2026-09-30 12:13:57.442797,https://data.commoncrawl.org/crawl-data/CC-NEWS/2026/05/CC-NEWS-20260508205554-07842.warc.gz,2026-05-08T20:56:05Z
2269,2186,,<urn:uuid:15781bf3-739c-4171-9865-5302f8aabd22>,http://pitchpull.blogspot.com/2026/05/2a.html,2026-09-30 12:13:57.442797,https://data.commoncrawl.org/crawl-data/CC-NEWS/2026/05/CC-NEWS-20260508205554-07842.warc.gz,2026-05-08T20:56:06Z
2270,2187,1605,<urn:uuid:a1241ba5-2163-42d5-a351-cdb40a04e44a>,https://www.pleinevie.fr/vie-quotidienne/rosiers-zinnias-cosmos-lavateres-6-fleurs-a-planter-une-fois-en-mai-pour-un-massif-qui-explose-tout-lete-sans-entretien-205303.html,2026-09-30 12:13:57.442797,https://data.commoncrawl.org/crawl-data/CC-NEWS/2026/05/CC-NEWS-20260508205554-07842.warc.gz,2026-05-08T20:56:06Z
2271,583,1608,<urn:uuid:faa93a73-9079-450d-9eba-90cd456e368b>,https://www.denver7.com/news/local-news/dpd-investigating-crash-involving-bicyclist-along-w-colfax-avenue,2026-09-30 12:13:57.451462,https://data.commoncrawl.org/crawl-data/CC-NEWS/2026/05/CC-NEWS-20260508230305-07843.warc.gz,2026-05-08T23:03:22Z
2272,212,1606,<urn:uuid:e64f0450-2eb3-4875-b943-6115c8053600>,https://www.androidauthority.com/whoop-on-demand-clinician-access-in-app-3665264/,2026-09-30 12:13:57.451462,https://data.commoncrawl.org/crawl-data/CC-NEWS/2026/05/CC-NEWS-20260508230305-07843.warc.gz,2026-05-08T23:03:22Z
2273,2190,1607,<urn:uuid:8739aee5-a0dc-499c-a7e1-1934f1e0e03b>,https://www.gingrich360.net/p/america-has-come-a-long-way-with,2026-09-30 12:13:57.451462,https://data.commoncrawl.org/crawl-data/CC-NEWS/2026/05/CC-NEWS-20260508230305-07843.warc.gz,2026-05-08T23:03:23Z
2274,284,,<urn:uuid:3c2358c5-ca3e-445c-a118-46b7962e6f5c>,https://www.geekzone.co.nz/forums.asp?forumid=77&topicid=323901,2026-09-30 12:13:59.848829,https://data.commoncrawl.org/crawl-data/CC-NEWS/2026/05/CC-NEWS-20260509022053-07844.warc.gz,2026-05-09T02:21:08Z
2275,2193,1609,<urn:uuid:4e9a7835-6ebc-4f4c-957c-a336a32c7765>,https://instinctmagazine.com/hocus-pocus-3/,2026-09-30 12:13:59.848829,https://data.commoncrawl.org/crawl-data/CC-NEWS/2026/05/CC-NEWS-20260509022053-07844.warc.gz,2026-05-09T02:21:08Z
2276,216,1610,<urn:uuid:3fa51367-4048-4a77-bd59-58262e9e3115>,https://ca.headtopics.com/news/ai-scribe-assistants-ease-administrative-burden-for-primary-83132683,2026-09-30 12:13:59.848829,https://data.commoncrawl.org/crawl-data/CC-NEWS/2026/05/CC-NEWS-20260509022053-07844.warc.gz,2026-05-09T02:21:11Z
2277,14,681,<urn:uuid:e5302ee5-79a4-4035-a003-bfb6c5d1f721>,https://www.cbssports.com/fantasy/baseball/news/cubs-seiya-suzuki-smacks-seventh-homer-friday/,2026-09-30 12:13:59.855358,https://data.commoncrawl.org/crawl-data/CC-NEWS/2026/05/CC-NEWS-20260509053245-07845.warc.gz,2026-05-09T05:32:55Z
2278,51,181,<urn:uuid:268e41c3-8bc2-40e0-a92e-0071b2dd34bd>,https://www.newindianexpress.com/states/tamil-nadu/2026/May/09/mettur-dam-discharge-reduced-as-drinking-water-demand-dips,2026-09-30 12:13:59.855358,https://data.commoncrawl.org/crawl-data/CC-NEWS/2026/05/CC-NEWS-20260509053245-07845.warc.gz,2026-05-09T05:32:56Z
2279,294,1611,<urn:uuid:df08370f-7635-4ba6-86f2-e9017136b5e6>,https://www.upworthy.com/strangers-donate-125000-best-friends-breast-cancer-story/,2026-09-30 12:13:59.855358,https://data.commoncrawl.org/crawl-data/CC-NEWS/2026/05/CC-NEWS-20260509053245-07845.warc.gz,2026-05-09T05:33:00Z
2280,18,1614,<urn:uuid:26c1e546-6a0d-4d86-9e2e-b0a36be45666>,https://www.benzinga.com/news/legal/26/05/52434303/trump-administration-appeals-10-global-tariffs-ruling-as-judges-say-trade-law-was-misused,2026-09-30 12:13:59.860693,https://data.commoncrawl.org/crawl-data/CC-NEWS/2026/05/CC-NEWS-20260509080314-07846.warc.gz,2026-05-09T08:03:21Z
2281,58,43,<urn:uuid:f6560eb1-d780-462e-9ce9-1a4fbc7d0f88>,https://www.zeffy.com/en-US/ticketing/tsa-spring-convention--2026,2026-09-30 12:13:59.860693,https://data.commoncrawl.org/crawl-data/CC-NEWS/2026/05/CC-NEWS-20260509080314-07846.warc.gz,2026-05-09T08:03:22Z
2282,410,,<urn:uuid:b0dde046-d742-4900-ac00-27ebfbf326aa>,https://www.brighteon.com/69816903-2373-4eaf-8f9c-f271cd6a2e50,2026-09-30 12:13:59.860693,https://data.commoncrawl.org/crawl-data/CC-NEWS/2026/05/CC-NEWS-20260509080314-07846.warc.gz,2026-05-09T08:03:24Z
2283,297,202,<urn:uuid:207e6a3d-6620-4b7e-84ee-6390935a829a>,https://combatpress.com/2026/05/pfl-austin-features-rematch-costello-van-steenis-vs-johnny-eblen-ii/?utm_source=rss&utm_medium=rss&utm_campaign=pfl-austin-features-rematch-costello-van-steenis-vs-johnny-eblen-ii,2026-09-30 12:14:01.765487,https://data.commoncrawl.org/crawl-data/CC-NEWS/2026/05/CC-NEWS-20260509100155-07847.warc.gz,2026-05-09T10:02:07Z
2284,310,1617,<urn:uuid:e33cb0a3-755d-4f8e-98e3-c5daaa3bc840>,https://www.aa.com.tr/ar/%D8%A7%D9%84%D8%AF%D9%88%D9%84-%D8%A7%D9%84%D8%B9%D8%B1%D8%A8%D9%8A%D8%A9/%D9%85%D9%82%D8%AA%D9%84-%D8%B6%D8%A7%D8%A8%D8%B7-%D9%81%D9%84%D8%B3%D8%B7%D9%8A%D9%86%D9%8A-%D9%88%D8%A5%D8%B5%D8%A7%D8%A8%D8%A9-15-%D8%A8%D9%82%D8%B5%D9%81-%D8%A5%D8%B3%D8%B1%D8%A7%D8%A6%D9%8A%D9%84%D9%8A-%D9%85%D8%B1%D9%83%D8%A8%D8%A9-%D8%B4%D8%B1%D8%B7%D8%A9-%D8%AC%D9%86%D9%88%D8%A8%D9%8A-%D8%BA%D8%B2%D8%A9/3929295,2026-09-30 12:14:01.765487,https://data.commoncrawl.org/crawl-data/CC-NEWS/2026/05/CC-NEWS-20260509100155-07847.warc.gz,2026-05-09T10:02:10Z
2285,9,1213,<urn:uuid:65ea48ec-0c88-4ad5-b499-cf25c05897dc>,https://www.goal.com/en-my/lists/pep-guardiola-jeremy-doku-improvement-man-city-premier-league/bltd5fd44263ef77f74,2026-09-30 12:14:01.765487,https://data.commoncrawl.org/crawl-data/CC-NEWS/2026/05/CC-NEWS-20260509100155-07847.warc.gz,2026-05-09T10:02:14Z
2286,795,1620,<urn:uuid:76c4b507-2ff8-4d04-a17b-819beb6bfe61>,https://jang.com.pk/en/65313-ufo-files-reveal-apollo-astronauts-saw-mysterious-lights-on-moon-news,2026-09-30 12:14:01.772231,https://data.commoncrawl.org/crawl-data/CC-NEWS/2026/05/CC-NEWS-20260509115238-07848.warc.gz,2026-05-09T11:52:50Z
2287,2205,,<urn:uuid:e93677e8-c4e0-4d73-96d9-1378fcaba601>,https://www.shorelineareanews.com/2026/05/flowers-in-richmond-beach.html,2026-09-30 12:14:01.772231,https://data.commoncrawl.org/crawl-data/CC-NEWS/2026/05/CC-NEWS-20260509115238-07848.warc.gz,2026-05-09T11:52:50Z
2288,300,1309,<urn:uuid:4409a747-de7f-495f-90c3-d6ce3559cb45>,https://www.ospreyobserver.com/2026/05/over-300-dogs-will-be-available-to-meet-and-adopt-on-the-spot-at-mega-adoption-event/?utm_source=rss&utm_medium=rss&utm_campaign=over-300-dogs-will-be-available-to-meet-and-adopt-on-the-spot-at-mega-adoption-event,2026-09-30 12:14:01.772231,https://data.commoncrawl.org/crawl-data/CC-NEWS/2026/05/CC-NEWS-20260509115238-07848.warc.gz,2026-05-09T11:52:56Z
2289,304,920,<urn:uuid:9cf87d04-15d8-4a27-95e9-7ff061ea3a74>,https://www.khaleejtimes.com/world/americas/plane-hits-pedestrian-takeoff-denver-airport,2026-09-30 12:14:01.777636,https://data.commoncrawl.org/crawl-data/CC-NEWS/2026/05/CC-NEWS-20260509134912-07849.warc.gz,2026-05-09T13:49:20Z
2290,303,,<urn:uuid:2a26f45a-1746-435d-be9f-0bf14256364d>,https://topdeals.zeenews.india.com/top-deals/footwear/stylish-footwear-gifts-for-moms-this-mother-s-day-amz-myn-hnm-3045881.html,2026-09-30 12:14:01.777636,https://data.commoncrawl.org/crawl-data/CC-NEWS/2026/05/CC-NEWS-20260509134912-07849.warc.gz,2026-05-09T13:49:19Z
2291,301,,<urn:uuid:d15bbd07-972a-4122-8803-ea1aa121c410>,https://www.carpages.ca/used-cars/ontario/north-bay/2017-hyundai-santa-fe-xl-14073441/,2026-09-30 12:14:01.777636,https://data.commoncrawl.org/crawl-data/CC-NEWS/2026/05/CC-NEWS-20260509134912-07849.warc.gz,2026-05-09T13:49:20Z
2292,309,210,<urn:uuid:551a2f74-122b-4a2e-856d-99cebc1934d6>,https://www.dnaindia.com/cricket/report-will-hardik-pandya-suryakumar-yadav-feature-in-must-win-clash-vs-rcb-mi-provides-crucial-update-3209709,2026-09-30 12:14:04.215838,https://data.commoncrawl.org/crawl-data/CC-NEWS/2026/05/CC-NEWS-20260509154103-07850.warc.gz,2026-05-09T15:41:10Z
2293,310,1622,<urn:uuid:4849f89b-5efa-4f8e-986b-294c24dfcbfd>,https://www.aa.com.tr/en/europe/italy-warns-of-picture-of-growing-hostility-against-christians-after-israeli-attack-on-nun-in-jerusalem/3924620,2026-09-30 12:14:04.215838,https://data.commoncrawl.org/crawl-data/CC-NEWS/2026/05/CC-NEWS-20260509154103-07850.warc.gz,2026-05-09T15:41:14Z
2294,121,1624,<urn:uuid:4807d72d-45d7-4293-bbf1-59a279a4496d>,https://www.si.com/nba/thunder/onsi/the-thunder-can-t-allow-the-lakers-to-find-their-stride-in-los-angeles,2026-09-30 12:14:04.215838,https://data.commoncrawl.org/crawl-data/CC-NEWS/2026/05/CC-NEWS-20260509154103-07850.warc.gz,2026-05-09T15:41:15Z
2295,317,1319,<urn:uuid:4b9e0a7c-7e1b-4d13-bd1b-ab9b00ccc577>,https://www.babnet.net/cadredetail-328982.asp,2026-09-30 12:14:04.225147,https://data.commoncrawl.org/crawl-data/CC-NEWS/2026/05/CC-NEWS-20260509180348-07851.warc.gz,2026-05-09T18:04:01Z
2296,310,1625,<urn:uuid:bfd10e0f-52dd-4161-9884-e57dd662e11b>,https://www.aa.com.tr/fr/afrique/alg%C3%A9rie-macron-%C3%A9voque-les-mabouls-retailleau-d%C3%A9nonce-un-faux-pr%C3%A9texte-/3919769,2026-09-30 12:14:04.225147,https://data.commoncrawl.org/crawl-data/CC-NEWS/2026/05/CC-NEWS-20260509180348-07851.warc.gz,2026-05-09T18:04:06Z
2297,12,681,<urn:uuid:16fd0e6b-0470-4c81-891b-7521600fb552>,https://www.rotowire.com/soccer/headlines/jose-maria-gimenez-injury-taken-off-after-20-minutes-514933,2026-09-30 12:14:04.225147,https://data.commoncrawl.org/crawl-data/CC-NEWS/2026/05/CC-NEWS-20260509180348-07851.warc.gz,2026-05-09T18:04:07Z
2298,2217,,<urn:uuid:df81d82f-6b5e-44f9-a65b-4875abf0bd71>,https://www.ufc.com/news/official-weigh-results-zuffa-boxing-06,2026-09-30 12:14:04.231585,https://data.commoncrawl.org/crawl-data/CC-NEWS/2026/05/CC-NEWS-20260509205237-07852.warc.gz,2026-05-09T20:52:48Z
2299,9,1260,<urn:uuid:2b414b53-10d8-4409-aeef-d9ff63757d0e>,https://www.goal.com/en-za/lists/lionel-messi-names-lamine-yamal-as-his-heir/blta5cdc2a0ddc4cd36,2026-09-30 12:14:04.231585,https://data.commoncrawl.org/crawl-data/CC-NEWS/2026/05/CC-NEWS-20260509205237-07852.warc.gz,2026-05-09T20:52:48Z
2300,319,,<urn:uuid:2cac3674-fc0b-4860-944e-19bf56d4ebe8>,https://www.nbc26.com/videos/news/national-news/google-will-adopt-pay-equity-and-transparency-measures,2026-09-30 12:14:04.231585,https://data.commoncrawl.org/crawl-data/CC-NEWS/2026/05/CC-NEWS-20260509205237-07852.warc.gz,2026-05-09T20:52:50Z
2301,204,1629,<urn:uuid:f1549740-5a10-4b3d-8a6e-f5294f55fae2>,https://www.einpresswire.com/article/911590934/aiarty-image-enhancer-helps-restore-compact-camera-photos-to-better-quality-with-enhanced-detail,2026-09-30 12:14:06.752658,https://data.commoncrawl.org/crawl-data/CC-NEWS/2026/05/CC-NEWS-20260510005120-07853.warc.gz,2026-05-10T00:51:32Z
2302,39,,<urn:uuid:1c32798f-40d0-4f48-9902-91049aa423d4>,https://almanar.com.lb/article/838082/,2026-09-30 12:14:06.752658,https://data.commoncrawl.org/crawl-data/CC-NEWS/2026/05/CC-NEWS-20260510005120-07853.warc.gz,2026-05-10T00:51:37Z
2303,323,,<urn:uuid:6d9972a6-5369-4bcf-9faa-8d47b8292b29>,https://www.golfchannel.com/watch/golf-central/sungjae-im-truist-championship-2026-round-3-highlights,2026-09-30 12:14:06.752658,https://data.commoncrawl.org/crawl-data/CC-NEWS/2026/05/CC-NEWS-20260510005120-07853.warc.gz,2026-05-10T00:51:40Z
2304,324,216,<urn:uuid:4a84f30e-4be8-4e2a-8d53-d4e302a70712>,https://www.indiatvnews.com/sports/cricket/csk-vs-lsg-pitch-report-how-will-surface-at-ma-chidambaram-stadium-in-chennai-play-2026-05-10-1040551,2026-09-30 12:14:06.759387,https://data.commoncrawl.org/crawl-data/CC-NEWS/2026/05/CC-NEWS-20260510045742-07854.warc.gz,2026-05-10T04:58:04Z
2305,237,,<urn:uuid:08962028-1756-4913-95dc-7e7dbe5835e2>,https://www.marketbeat.com/instant-alerts/borgwarner-q1-earnings-call-highlights-2026-05-09/,2026-09-30 12:14:06.759387,https://data.commoncrawl.org/crawl-data/CC-NEWS/2026/05/CC-NEWS-20260510045742-07854.warc.gz,2026-05-10T04:58:04Z
2306,324,216,<urn:uuid:5010255b-8afa-495b-b04b-34501df61a76>,https://www.indiatvnews.com/tamil-nadu/news-vijay-takes-oath-as-tamil-nadu-chief-minister-ends-decades-old-dmk-aiadmk-era-2026-05-10-1040550,2026-09-30 12:14:06.759387,https://data.commoncrawl.org/crawl-data/CC-NEWS/2026/05/CC-NEWS-20260510045742-07854.warc.gz,2026-05-10T04:58:10Z
2307,9,1389,<urn:uuid:4daf3541-9d2d-4fc5-8f64-09a62a5c4e64>,https://www.goal.com/en-ug/lists/bukayo-saka-mikel-arteta-arsenal-game-premier-league-title/blt365db8759c0d87a0,2026-09-30 12:14:06.765069,https://data.commoncrawl.org/crawl-data/CC-NEWS/2026/05/CC-NEWS-20260510073944-07855.warc.gz,2026-05-10T07:40:04Z
2308,84,796,<urn:uuid:ac55a551-b6aa-4267-a263-09dd8d83822f>,https://www.aljazeera.net/news/2026/5/10/%D8%A7%D8%AE%D8%AA%D8%B1%D9%82-%D8%A7%D9%84%D8%B3%D9%8A%D8%A7%D8%AC-%D9%88%D8%B1%D9%83%D8%B6-%D9%86%D8%AD%D9%88-%D8%A7%D9%84%D9%85%D8%AF%D8%B1%D8%AC-%D9%86%D9%87%D8%A7%D9%8A%D8%A9?traffic_source=rss,2026-09-30 12:14:06.765069,https://data.commoncrawl.org/crawl-data/CC-NEWS/2026/05/CC-NEWS-20260510073944-07855.warc.gz,2026-05-10T07:40:08Z
2309,9,1346,<urn:uuid:ca69c31f-38c1-406c-9807-9e13c8fbbca2>,https://www.goal.com/en-ug/lists/rob-edwards-embarrassing-wolves-summer-clearout-brighton-3-0/blt7e36d0126a7a4c28,2026-09-30 12:14:06.765069,https://data.commoncrawl.org/crawl-data/CC-NEWS/2026/05/CC-NEWS-20260510073944-07855.warc.gz,2026-05-10T07:40:11Z
2310,329,790,<urn:uuid:14b77d51-5aa5-44b6-aa09-2930a0003da8>,https://sundayworld.co.za/news/senior-cops-arrested-as-saps-cracks-precious-metals-syndicate/?utm_source=rss&utm_medium=rss&utm_campaign=senior-cops-arrested-as-saps-cracks-precious-metals-syndicate,2026-09-30 12:14:08.993187,https://data.commoncrawl.org/crawl-data/CC-NEWS/2026/05/CC-NEWS-20260510102937-07856.warc.gz,2026-05-10T10:29:43Z
2311,336,821,<urn:uuid:df102838-07fe-476e-81f5-f0d8d6c0c639>,https://www.kmuw.org/2026-05-10/iran-ceasefire-tested-as-cargo-ship-catches-fire-after-being-hit-off-qatars-coast,2026-09-30 12:14:08.993187,https://data.commoncrawl.org/crawl-data/CC-NEWS/2026/05/CC-NEWS-20260510102937-07856.warc.gz,2026-05-10T10:29:46Z
2312,330,1343,<urn:uuid:3abd9130-4223-4621-908e-749f1e714468>,https://www.klcc.org/npr-news/2026-05-10/gas-groceries-and-getting-by-how-voters-in-one-ohio-district-see-affordability,2026-09-30 12:14:08.993187,https://data.commoncrawl.org/crawl-data/CC-NEWS/2026/05/CC-NEWS-20260510102937-07856.warc.gz,2026-05-10T10:29:46Z
2313,1864,1638,<urn:uuid:76a5bd0f-da04-4f32-aa80-7475bfa7d2e7>,https://www.delmarvapublicmedia.org/2026-05-10/anti-establishment-parties-made-big-gains-in-the-uks-local-elections,2026-09-30 12:14:08.998827,https://data.commoncrawl.org/crawl-data/CC-NEWS/2026/05/CC-NEWS-20260510125658-07857.warc.gz,2026-05-10T12:57:31Z
2314,2230,1639,<urn:uuid:4d3f94e7-e13c-4bda-9e7f-972482868f63>,https://www.wmuk.org/2026-05-10/a-historian-discusses-trumps-plan-to-build-an-arch-to-commemorate-250-years,2026-09-30 12:14:08.998827,https://data.commoncrawl.org/crawl-data/CC-NEWS/2026/05/CC-NEWS-20260510125658-07857.warc.gz,2026-05-10T12:57:35Z
2315,1657,1637,<urn:uuid:264f8427-3f59-4a08-afc9-3ce0a9782170>,https://thehockeynews.com/nhl/washington-capitals/players/capitals-2026-nhl-draft-targets-defenseman-ryan-lin,2026-09-30 12:14:08.998827,https://data.commoncrawl.org/crawl-data/CC-NEWS/2026/05/CC-NEWS-20260510125658-07857.warc.gz,2026-05-10T12:57:35Z
2316,14,681,<urn:uuid:469e98cd-39f5-4b07-92b1-9207c08a0b6e>,https://www.cbssports.com/fantasy/baseball/news/marlins-connor-norby-idle-sunday/,2026-09-30 12:14:09.004334,https://data.commoncrawl.org/crawl-data/CC-NEWS/2026/05/CC-NEWS-20260510152147-07858.warc.gz,2026-05-10T15:22:03Z
2317,8,462,<urn:uuid:14e53586-6ed6-467f-8352-cb310a7f3976>,https://www.westernjournal.com/one-la-mayoral-candidate-willing-give-straight-answer-illegals-voting/?utm_source=facebook&utm_medium=jeffersonnewsletter&utm_campaign=lminetwork&utm_content=2026-05-10,2026-09-30 12:14:09.004334,https://data.commoncrawl.org/crawl-data/CC-NEWS/2026/05/CC-NEWS-20260510152147-07858.warc.gz,2026-05-10T15:22:03Z
2318,2232,,<urn:uuid:04c2396c-6c99-4140-835b-5800ccf41269>,https://www.mediabistro.com/?post_type=scheduled-action&p=101200/,2026-09-30 12:14:09.004334,https://data.commoncrawl.org/crawl-data/CC-NEWS/2026/05/CC-NEWS-20260510152147-07858.warc.gz,2026-05-10T15:22:09Z
2319,216,229,<urn:uuid:a1b81e76-d2cb-4e17-a1cb-7405b16bf223>,https://ca.headtopics.com/news/commentary-on-leafs-prospect-danford-s-emotional-encounter-83190979,2026-09-30 12:14:10.988599,https://data.commoncrawl.org/crawl-data/CC-NEWS/2026/05/CC-NEWS-20260510180457-07859.warc.gz,2026-05-10T18:05:14Z
2320,81,,<urn:uuid:fb827b6e-8ab5-4111-ab1b-ccd08fb6481b>,https://unidivers.fr/event/marie-luce-nadal-sous-la-peau-du-ciel-eglise-saint-laurent-paris-paris-2026-06-06t1500000200/,2026-09-30 12:14:10.988599,https://data.commoncrawl.org/crawl-data/CC-NEWS/2026/05/CC-NEWS-20260510180457-07859.warc.gz,2026-05-10T18:05:14Z
2321,237,670,<urn:uuid:4e7b33cd-5768-487b-9001-194c3f4652e4>,https://www.marketbeat.com/instant-alerts/filing-five9-inc-fivn-shares-purchased-by-vanguard-group-inc-2026-05-10/,2026-09-30 12:14:10.988599,https://data.commoncrawl.org/crawl-data/CC-NEWS/2026/05/CC-NEWS-20260510180457-07859.warc.gz,2026-05-10T18:05:15Z
2322,797,1644,<urn:uuid:d1527877-b094-490b-8642-b1a5a799a533>,https://www.afl.com.au/aflw/news/1513766/new-voice-same-focus-fresh-start-fuels-renewed-optimism-for-melbourne-demons,2026-09-30 12:14:10.99504,https://data.commoncrawl.org/crawl-data/CC-NEWS/2026/05/CC-NEWS-20260510203232-07860.warc.gz,2026-05-10T20:32:46Z
2323,346,,<urn:uuid:f3b8f0ff-39a9-4624-b582-8ff47661eef1>,https://arriyadiyah.com/890966/765-%D9%85%D9%84%D9%8A%D9%88%D9%86-%D8%AF%D9%88%D9%84%D8%A7%D8%B1-%D8%AE%D8%B3%D8%A7%D8%A6%D8%B1-%D8%A8%D8%B3%D8%A8%D8%A8-%C2%AB%D8%A8%D9%86%D8%AC%D9%8A%C2%BB,2026-09-30 12:14:10.99504,https://data.commoncrawl.org/crawl-data/CC-NEWS/2026/05/CC-NEWS-20260510203232-07860.warc.gz,2026-05-10T20:32:50Z
2324,1886,1645,<urn:uuid:cba75e67-5efc-4873-86ef-e5b58659e30d>,https://www.tampabay28.com/news/region-pinellas/local-mom-rings-in-mothers-day-by-running-17th-marathon,2026-09-30 12:14:10.99504,https://data.commoncrawl.org/crawl-data/CC-NEWS/2026/05/CC-NEWS-20260510203232-07860.warc.gz,2026-05-10T20:32:52Z
2325,351,1648,<urn:uuid:c5920940-bf36-4c01-9b32-492f36bf80bd>,https://comicbook.com/gaming/news/kingdom-hearts-4-release-date-report/,2026-09-30 12:14:11.000393,https://data.commoncrawl.org/crawl-data/CC-NEWS/2026/05/CC-NEWS-20260510234657-07861.warc.gz,2026-05-10T23:47:14Z
2326,349,1646,<urn:uuid:874f3fce-7db3-4cfb-a26a-6e3df8213a97>,https://www.wsls.com/news/local/2026/05/10/watch-roanoke-residents-talk-about-the-importance-of-their-moms-on-mothers-day/,2026-09-30 12:14:11.000393,https://data.commoncrawl.org/crawl-data/CC-NEWS/2026/05/CC-NEWS-20260510234657-07861.warc.gz,2026-05-10T23:47:14Z
2327,350,1647,<urn:uuid:c7012ab0-a446-4425-be93-9e1600d048df>,https://smallbiztrends.com/what-do-job-background-checks-look-for/,2026-09-30 12:14:11.000393,https://data.commoncrawl.org/crawl-data/CC-NEWS/2026/05/CC-NEWS-20260510234657-07861.warc.gz,2026-05-10T23:47:14Z
2328,92,812,<urn:uuid:a49bbc6c-81dc-4557-adad-0d9310e78b0a>,https://www.hindustantimes.com/india-news/1-dead-6-injured-at-up-gorakhpur-wedding-as-violent-clash-erupts-over-spilt-chicken-curry-101778467090776-amp.html,2026-09-30 12:14:13.022981,https://data.commoncrawl.org/crawl-data/CC-NEWS/2026/05/CC-NEWS-20260511035217-07862.warc.gz,2026-05-11T03:52:31Z
2329,354,238,<urn:uuid:f87c44de-b564-4a29-8939-30355bb33ccb>,https://happymag.tv/dua-lipa-sues-samsung/,2026-09-30 12:14:13.022981,https://data.commoncrawl.org/crawl-data/CC-NEWS/2026/05/CC-NEWS-20260511035217-07862.warc.gz,2026-05-11T03:52:33Z
2330,1905,,<urn:uuid:b9d12fe4-242d-4701-8c5b-815228d87cbc>,https://www.royalcanin.com/mt/dogs/breeds/brittany-spaniel,2026-09-30 12:14:13.022981,https://data.commoncrawl.org/crawl-data/CC-NEWS/2026/05/CC-NEWS-20260511035217-07862.warc.gz,2026-05-11T03:52:36Z
2331,483,1653,<urn:uuid:4ffa01cf-8e86-4f00-8ad4-d1ae7f98f9d1>,https://www.lex18.com/weather/daily-forecast/a-quiet-start-to-the-week,2026-09-30 12:14:13.030611,https://data.commoncrawl.org/crawl-data/CC-NEWS/2026/05/CC-NEWS-20260511065412-07863.warc.gz,2026-05-11T06:54:34Z
2332,28,1652,<urn:uuid:11b51655-bad4-4119-ad1f-155b98fdbce2>,https://timesofindia.indiatimes.com/auto/cars/skoda-slavia-facelift-spied-testing-all-about-verna-city-rival/articleshow/130998769.cms,2026-09-30 12:14:13.030611,https://data.commoncrawl.org/crawl-data/CC-NEWS/2026/05/CC-NEWS-20260511065412-07863.warc.gz,2026-05-11T06:54:38Z
2333,92,1384,<urn:uuid:47b5d841-1869-4cb9-ba69-34a27a522dae>,https://www.hindustantimes.com/lifestyle/travel/from-luxury-stays-to-local-tours-how-to-choose-travel-experiences-that-are-truly-worth-your-money-101778473977081-amp.html,2026-09-30 12:14:13.030611,https://data.commoncrawl.org/crawl-data/CC-NEWS/2026/05/CC-NEWS-20260511065412-07863.warc.gz,2026-05-11T06:54:40Z
2334,204,1654,<urn:uuid:a9ded8b5-05ca-4e93-a7d7-f8dcb8615fb3>,https://www.einpresswire.com/article/911903068/spine-fix-announces-launch-of-glow-up-peptide-a-powerful-natural-wellness-solution,2026-09-30 12:14:13.036792,https://data.commoncrawl.org/crawl-data/CC-NEWS/2026/05/CC-NEWS-20260511085626-07864.warc.gz,2026-05-11T08:56:39Z
2335,277,1274,<urn:uuid:a6805a2a-2159-4f64-9bbc-d77a19c977bc>,https://tvovermind.com/hilarious-twisted-comics-brain-fondle-part-3-40/,2026-09-30 12:14:13.036792,https://data.commoncrawl.org/crawl-data/CC-NEWS/2026/05/CC-NEWS-20260511085626-07864.warc.gz,2026-05-11T08:56:38Z
2336,80,,<urn:uuid:8f83d09a-f7fc-46de-ba71-fe4b50d593f3>,https://www.aljazeera.com/video/upfront/2026/5/11/is-the-vatican-standing-up-to-trump?traffic_source=rss,2026-09-30 12:14:13.036792,https://data.commoncrawl.org/crawl-data/CC-NEWS/2026/05/CC-NEWS-20260511085626-07864.warc.gz,2026-05-11T08:56:43Z
2337,81,,<urn:uuid:29f4df32-b997-4ba8-9a89-540bb9857b88>,https://unidivers.fr/event/soiree-barbecue-et-concert-landeleau-finistere-2026-05-23/,2026-09-30 12:14:15.355542,https://data.commoncrawl.org/crawl-data/CC-NEWS/2026/05/CC-NEWS-20260511103044-07865.warc.gz,2026-05-11T10:30:52Z
2338,9,1656,<urn:uuid:91dd4ef3-9bda-4d9c-af42-9452694c0511>,https://www.goal.com/en-us/lists/the-spanish-league-is-a-circus-and-a-joke-real-madrid-tv-floats-crude-conspiracy-theories-after-the-clasico-against-fc-barcelona/bltab8bf9f5426128ca,2026-09-30 12:14:15.355542,https://data.commoncrawl.org/crawl-data/CC-NEWS/2026/05/CC-NEWS-20260511103044-07865.warc.gz,2026-05-11T10:30:53Z
2339,1746,1657,<urn:uuid:87103c83-600b-47bd-8b4c-f9ef5421e2ef>,https://www.cronista.com/espana/ibex-euro/asi-abre-la-cotizacion-de-banco-de-sabadell-este-lunes-11-de-mayo-cual-es-el-rendimiento-de-los-dividendos/,2026-09-30 12:14:15.355542,https://data.commoncrawl.org/crawl-data/CC-NEWS/2026/05/CC-NEWS-20260511103044-07865.warc.gz,2026-05-11T10:30:55Z
2346,166,,<urn:uuid:908df5f8-4a6d-41d9-b508-9e7b827f4d74>,https://www.indiainfoline.com/company/p-i-industries-ltd/options/30-06-2026-pe-2680,2026-09-30 12:14:17.389358,https://data.commoncrawl.org/crawl-data/CC-NEWS/2026/05/CC-NEWS-20260511120205-07866.warc.gz,2026-05-11T12:02:10Z
2347,219,278,<urn:uuid:504da3bd-f453-445f-9865-ccfa0ef18923>,https://www.dtnext.in/news/sports/we-were-not-consistent-enough-jayawardene-on-mis-disastrous-ipl-season,2026-09-30 12:14:17.389358,https://data.commoncrawl.org/crawl-data/CC-NEWS/2026/05/CC-NEWS-20260511120205-07866.warc.gz,2026-05-11T12:02:11Z
2348,367,247,<urn:uuid:dcf4a86b-ce5e-4a04-b422-34bba930e307>,https://www.valeursactuelles.com/societe/lartiste-controversee-barbara-butch-qui-avait-suscite-la-polemique-lors-de-la-ceremonie-des-jo-va-etre-remuneree-42-000-euros-par-la-ville-de-paris,2026-09-30 12:14:17.389358,https://data.commoncrawl.org/crawl-data/CC-NEWS/2026/05/CC-NEWS-20260511120205-07866.warc.gz,2026-05-11T12:02:12Z
2349,632,,<urn:uuid:edf5b470-c6f5-481e-a5ef-6386dd0d9440>,https://www.khaberni.com/news/808453-%D9%84%D9%84%D8%A7%D8%B1%D8%AF%D9%86%D9%8A%D9%8A%D9%86--%D8%A7%D9%84%D9%8A%D9%83%D9%85-%D9%82%D8%B1%D8%A7%D8%B1%D8%A7%D8%AA-%D8%AD%D9%83%D9%88%D9%85%D8%A9-%D8%AC%D8%B9%D9%81%D8%B1-%D8%AD%D8%B3%D8%A7%D9%86-%D9%84%D9%8A%D9%88%D9%85-%D8%A7%D9%84%D8%A7%D8%AD%D8%AF,2026-09-30 12:14:17.586367,https://data.commoncrawl.org/crawl-data/CC-NEWS/2026/05/CC-NEWS-20260511133210-07867.warc.gz,2026-05-11T13:32:13Z
2350,40,27,<urn:uuid:d78480cb-480f-42b7-957f-f53bfe70a285>,https://www.sentinelassam.com/more-news/international/washington-us-state-department-reports-highlight-chinas-repression-in-tibet,2026-09-30 12:14:17.586367,https://data.commoncrawl.org/crawl-data/CC-NEWS/2026/05/CC-NEWS-20260511133210-07867.warc.gz,2026-05-11T13:32:13Z
2351,390,1665,<urn:uuid:6a85bab4-6175-491a-8782-ee3e50411221>,https://www.globenewswire.com/news-release/2026/05/11/3291963/0/en/Form-8-3-Augmentum-Fintech-Plc.html,2026-09-30 12:14:17.586367,https://data.commoncrawl.org/crawl-data/CC-NEWS/2026/05/CC-NEWS-20260511133210-07867.warc.gz,2026-05-11T13:32:14Z
2357,373,1670,<urn:uuid:d52cf34b-9c9e-4d39-ba36-3335876fc3ee>,https://www.wftv.com/sports/almost-everywhere/VNXADSOERM7Y5KQII2MS3YIEPM/,2026-09-30 12:14:19.75633,https://data.commoncrawl.org/crawl-data/CC-NEWS/2026/05/CC-NEWS-20260511150020-07868.warc.gz,2026-05-11T15:00:31Z
2358,12,681,<urn:uuid:ffcdeda1-668a-419c-bf5b-79d7ec51787d>,https://www.rotowire.com/baseball/headlines/ronald-acuna-injury-ramping-up-activity-1002607,2026-09-30 12:14:19.760664,https://data.commoncrawl.org/crawl-data/CC-NEWS/2026/05/CC-NEWS-20260511162655-07869.warc.gz,2026-05-11T16:26:57Z
2359,30,704,<urn:uuid:c020afb7-ce9d-4ff1-a2fb-2693a43b9988>,https://www.elbalad.news/6967294,2026-09-30 12:14:19.760664,https://data.commoncrawl.org/crawl-data/CC-NEWS/2026/05/CC-NEWS-20260511162655-07869.warc.gz,2026-05-11T16:26:58Z
2360,1405,,<urn:uuid:32f4e48d-972c-4c60-818c-2d14edbe1286>,https://www.iranintl.com/en/202605114857,2026-09-30 12:14:19.760664,https://data.commoncrawl.org/crawl-data/CC-NEWS/2026/05/CC-NEWS-20260511162655-07869.warc.gz,2026-05-11T16:26:58Z
2364,237,670,<urn:uuid:95546850-e2ee-497a-b0e5-1f69afe7a4b1>,https://www.marketbeat.com/instant-alerts/filing-mitsubishi-ufj-asset-management-co-ltd-buys-117500-shares-of-jbs-nv-jbs-2026-05-11/,2026-09-30 12:14:21.3784,https://data.commoncrawl.org/crawl-data/CC-NEWS/2026/05/CC-NEWS-20260511150020-07868.warc.gz,2026-05-11T15:00:34Z
2365,150,,<urn:uuid:370019be-fb7d-4439-8753-1161554ebdc3>,https://watananews.com/530340/,2026-09-30 12:14:21.3784,https://data.commoncrawl.org/crawl-data/CC-NEWS/2026/05/CC-NEWS-20260511150020-07868.warc.gz,2026-05-11T15:00:26Z
2372,1643,1683,<urn:uuid:909e2fb9-34a8-4d4a-a30c-13ecef657c50>,https://www.wqcs.org/2026-05-11/will-sharpe-imagines-mozarts-day-to-day-in-amadeus,2026-09-30 12:14:22.951251,https://data.commoncrawl.org/crawl-data/CC-NEWS/2026/05/CC-NEWS-20260511180152-07870.warc.gz,2026-05-11T18:01:53Z
2373,1405,,<urn:uuid:56e0b5af-c003-4f48-9e73-52ef13ea45c1>,https://www.iranintl.com/ar/202605119363,2026-09-30 12:14:22.951251,https://data.commoncrawl.org/crawl-data/CC-NEWS/2026/05/CC-NEWS-20260511180152-07870.warc.gz,2026-05-11T18:01:53Z
2374,2286,1684,<urn:uuid:41ef56cd-59d2-4b88-b976-c9f3887a077f>,https://bestlifeonline.com/tractor-supply-garden-finds-may-11-2026/,2026-09-30 12:14:22.951251,https://data.commoncrawl.org/crawl-data/CC-NEWS/2026/05/CC-NEWS-20260511180152-07870.warc.gz,2026-05-11T18:01:56Z
2377,170,,<urn:uuid:37e4ebf5-8ea5-41c5-89ee-7ff481b01d90>,https://www.cbsnews.com/minnesota/news/minnesota-timberwolves-reid-spurs-wembanyama-sanctions/,2026-09-30 12:14:22.957398,https://data.commoncrawl.org/crawl-data/CC-NEWS/2026/05/CC-NEWS-20260511195727-07871.warc.gz,2026-05-11T19:57:31Z
2381,2295,1680,<urn:uuid:3131eb59-55d5-44c3-864e-0979e3d19dda>,https://www.97xonline.com/entertainment/ciara-miller-tefi-pessoa-named-new-hosts-love-island-usa-companion-series-aftersun/VPMJF5VSN4Y5RIYNMKZOKA4RKE/,2026-09-30 12:14:24.637362,https://data.commoncrawl.org/crawl-data/CC-NEWS/2026/05/CC-NEWS-20260511195727-07871.warc.gz,2026-05-11T19:57:32Z
2382,483,1691,<urn:uuid:dafefedc-2223-4100-91fe-b5d54866c895>,https://www.lex18.com/community/better-money/backroads-to-better-money-what-every-home-buyer-should-be-asking-right-now,2026-09-30 12:14:24.637362,https://data.commoncrawl.org/crawl-data/CC-NEWS/2026/05/CC-NEWS-20260511195727-07871.warc.gz,2026-05-11T19:57:33Z
2384,2297,470,<urn:uuid:67b8d597-98a6-4b98-ba5d-1f4ad670dc09>,https://en.vietnamplus.vn/ho-chi-minh-city-pushes-for-full-public-investment-disbursement-post342567.vnp,2026-09-30 12:14:24.643052,https://data.commoncrawl.org/crawl-data/CC-NEWS/2026/05/CC-NEWS-20260511220924-07872.warc.gz,2026-05-11T22:09:31Z
2385,386,1692,<urn:uuid:d8d99e1b-60bd-4566-9e34-39242844e826>,https://www.michiganpublic.org/2026-05-11/can-chinese-ai-solve-inequality-how-dementia-comes-for-your-bank-account,2026-09-30 12:14:24.643052,https://data.commoncrawl.org/crawl-data/CC-NEWS/2026/05/CC-NEWS-20260511220924-07872.warc.gz,2026-05-11T22:09:32Z
2389,387,264,<urn:uuid:21a7af0f-be79-485c-89a5-faa05f279514>,https://villagegreennj.com/election/village-green-election-guidelines-for-june-2026-primary/,2026-09-30 12:14:26.557689,https://data.commoncrawl.org/crawl-data/CC-NEWS/2026/05/CC-NEWS-20260511220924-07872.warc.gz,2026-05-11T22:09:32Z
2391,2305,1698,<urn:uuid:66d2eec8-8b1f-4601-a349-75e0ba36c0dd>,https://www.standardmedia.co.ke/article/2001547550/kenya-france-deepen-partnership-on-education-youth-innovation,2026-09-30 12:14:26.565241,https://data.commoncrawl.org/crawl-data/CC-NEWS/2026/05/CC-NEWS-20260512004504-07873.warc.gz,2026-05-12T00:45:09Z
2392,391,,<urn:uuid:91bc7edc-a235-4e5c-ad4e-22f2d66e4f8c>,https://www.ktvh.com/videos/news/weather-wise/weather-wise-severe-storm-season-in-montana,2026-09-30 12:14:26.565241,https://data.commoncrawl.org/crawl-data/CC-NEWS/2026/05/CC-NEWS-20260512004504-07873.warc.gz,2026-05-12T00:45:13Z
2396,203,1702,<urn:uuid:6e347c95-eb73-481a-8217-334420a9cf2d>,https://actualitte.com/livres/897062/extraits/fantomes-et-monstres-ondrej-navratil-martin-sojdr-9788000076379,2026-09-30 12:14:28.029177,https://data.commoncrawl.org/crawl-data/CC-NEWS/2026/05/CC-NEWS-20260512004504-07873.warc.gz,2026-05-12T00:45:13Z
2397,618,1705,<urn:uuid:4a5fe8bf-06e6-432a-8561-6ddb5ba88b1b>,https://www.livemint.com/news/world/did-iran-secretly-move-warplanes-to-a-pakistan-air-base-after-ceasefire-us-officials-raise-concerns-what-we-know-11778554339030.html,2026-09-30 12:14:28.034351,https://data.commoncrawl.org/crawl-data/CC-NEWS/2026/05/CC-NEWS-20260512040349-07874.warc.gz,2026-05-12T04:03:55Z
2398,51,181,<urn:uuid:e73b15b6-753b-4c93-bde1-3d7f593ff376>,https://www.newindianexpress.com/states/tamil-nadu/2026/May/12/provocative-remarks-tn-cyber-wing-asks-x-to-remove-18-urls,2026-09-30 12:14:28.034351,https://data.commoncrawl.org/crawl-data/CC-NEWS/2026/05/CC-NEWS-20260512040349-07874.warc.gz,2026-05-12T04:03:56Z
2399,395,1704,<urn:uuid:79b17b0d-2cc4-498a-aa1a-57dc6efb684f>,https://kpq.com/ixp/136/p/uw-student-fatally-stabbed-sunday/,2026-09-30 12:14:28.034351,https://data.commoncrawl.org/crawl-data/CC-NEWS/2026/05/CC-NEWS-20260512040349-07874.warc.gz,2026-05-12T04:03:57Z
2405,397,677,<urn:uuid:de830e3b-7f41-4831-a3e9-832932352660>,https://exclusivepress.net/archives/162678,2026-09-30 12:14:29.50695,https://data.commoncrawl.org/crawl-data/CC-NEWS/2026/05/CC-NEWS-20260512063720-07875.warc.gz,2026-05-12T06:37:30Z
2412,399,821,<urn:uuid:daa1daf1-8e41-4c44-a11a-56f686cf533f>,https://wtop.com/national/2026/05/suspect-faces-5-years-in-unsolved-2021-disappearance-of-navajo-elder-ella-mae-begay/,2026-09-30 12:14:31.663248,https://data.commoncrawl.org/crawl-data/CC-NEWS/2026/05/CC-NEWS-20260512063720-07875.warc.gz,2026-05-12T06:37:32Z
2413,399,821,<urn:uuid:edd20181-edd8-4c7a-8799-7cd0e381a9ef>,https://wtop.com/national/2026/05/suspect-in-white-house-correspondents-dinner-attack-seeks-recusal-of-top-justice-dept-officials/,2026-09-30 12:14:31.663248,https://data.commoncrawl.org/crawl-data/CC-NEWS/2026/05/CC-NEWS-20260512063720-07875.warc.gz,2026-05-12T06:37:34Z
2415,166,,<urn:uuid:209f09e3-b47c-486f-a1c9-ffa37c445305>,https://www.indiainfoline.com/company/pidilite-industries-ltd/options/26-05-2026-ce-1360,2026-09-30 12:14:31.667646,https://data.commoncrawl.org/crawl-data/CC-NEWS/2026/05/CC-NEWS-20260512082627-07876.warc.gz,2026-05-12T08:26:33Z
2416,74,1718,<urn:uuid:69b7659a-acb7-4240-8be8-5533699783c4>,https://www.newsbytesapp.com/news/science/early-reddit-rival-digg-is-back-as-ai-news-aggregator/story,2026-09-30 12:14:31.667646,https://data.commoncrawl.org/crawl-data/CC-NEWS/2026/05/CC-NEWS-20260512082627-07876.warc.gz,2026-05-12T08:26:33Z
2418,864,1720,<urn:uuid:60cdf81c-5717-42e8-abea-daefb1dcd5fe>,https://www.wlrn.org/npr-breaking-news/2026-05-12/health-experts-say-cruise-ship-hantavirus-outbreak-isnt-a-risk-to-public-at-large,2026-09-30 12:14:31.671397,https://data.commoncrawl.org/crawl-data/CC-NEWS/2026/05/CC-NEWS-20260512095401-07877.warc.gz,2026-05-12T09:54:04Z
2419,28,1721,<urn:uuid:14b0685a-7e0c-4c04-bbd0-f8899a261102>,https://timesofindia.indiatimes.com/life-style/spotlight/were-starting-from-scratch-again-sanam-on-surviving-the-algorithm-era-exclusive/articleshow/131034868.cms,2026-09-30 12:14:31.671397,https://data.commoncrawl.org/crawl-data/CC-NEWS/2026/05/CC-NEWS-20260512095401-07877.warc.gz,2026-05-12T09:54:04Z
2420,56,539,<urn:uuid:6d65c6ff-f335-4a56-9c62-eb5cdd9eced8>,https://www.boursorama.com/actualite-economique/actualites/bessent-se-dit-convaincu-que-la-politique-monetaire-menee-sous-la-direction-d-ueda-a-la-banque-du-japon-sera-couronnee-de-succes-ae8a5cfc8755c3056ddd9020c468b80f,2026-09-30 12:14:37.708441,https://data.commoncrawl.org/crawl-data/CC-NEWS/2026/05/CC-NEWS-20260512082627-07876.warc.gz,2026-05-12T08:26:33Z
2421,878,,<urn:uuid:8cafdbdc-4483-4d91-9b28-43872737c3bf>,https://www.alwakeelnews.com/Section_11/%D8%B9%D8%B1%D8%A8%D9%8A-%D9%88%D8%AF%D9%88%D9%84%D9%8A/%D8%A5%D9%8A%D8%B1%D8%A7%D9%86-%D8%AA%D8%B9%D9%84%D9%86-%D8%A5%D8%B9%D8%AF%D8%A7%D9%85-%D8%B9%D8%B6%D9%88-%D9%81%D9%8A-%D8%A3%D9%86%D8%B5%D8%A7%D8%B1-%D8%A7%D9%84%D9%81%D8%B1%D9%82%D8%A7%D9%86_773747,2026-09-30 12:14:37.712089,https://data.commoncrawl.org/crawl-data/CC-NEWS/2026/05/CC-NEWS-20260512095401-07877.warc.gz,2026-05-12T09:54:05Z
2427,2,660,<urn:uuid:32c156c9-cbc6-49df-863f-1890631ea009>,https://www.bizcommunity.com/article/haier-appliances-roll-out-across-makro-stores-nationwide-623981a,2026-09-30 12:14:40.292648,https://data.commoncrawl.org/crawl-data/CC-NEWS/2026/05/CC-NEWS-20260512111517-07878.warc.gz,2026-05-12T11:15:22Z
2429,12,681,<urn:uuid:acadd510-1948-443c-9a02-a5c2df569701>,https://www.rotowire.com/soccer/headlines/jan-schoppner-news-nets-brace-515644,2026-09-30 12:14:40.300609,https://data.commoncrawl.org/crawl-data/CC-NEWS/2026/05/CC-NEWS-20260512123738-07879.warc.gz,2026-05-12T12:37:42Z
2430,180,1730,<urn:uuid:c929bf91-9b1d-4335-b64b-72f98564fd2c>,https://www.knkx.org/2026-05-12/the-economic-chilling-effect-of-trumps-immigration-crackdown,2026-09-30 12:14:40.300609,https://data.commoncrawl.org/crawl-data/CC-NEWS/2026/05/CC-NEWS-20260512123738-07879.warc.gz,2026-05-12T12:37:43Z
2434,11,1734,<urn:uuid:70ae7cfa-20fc-4f36-96c9-f99d2d6114b7>,https://www.ypradio.org/2026-05-12/nonprofit-sues-to-stop-trump-administration-from-repainting-reflecting-pool-blue,2026-09-30 12:14:41.690443,https://data.commoncrawl.org/crawl-data/CC-NEWS/2026/05/CC-NEWS-20260512111517-07878.warc.gz,2026-05-12T11:15:22Z
2435,2345,1733,<urn:uuid:c87f00cf-9a97-4c8f-aa7f-7053d5d21e04>,https://www.caughtoffside.com/2026/04/28/dominic-solanke-injury-tottenham-season-over/,2026-09-30 12:14:41.690443,https://data.commoncrawl.org/crawl-data/CC-NEWS/2026/05/CC-NEWS-20260512111517-07878.warc.gz,2026-05-12T11:15:22Z
2436,94,69,<urn:uuid:548c8bee-fa9a-4678-ab03-4af25aafee48>,https://le10sport.com/football/mercato/nouvelle-revelation-sur-le-mercato-de-lom-il-etait-sur-une-shortlist-un-taulier-du-rc-lens-a-refuse-marseille-782950,2026-09-30 12:14:41.697484,https://data.commoncrawl.org/crawl-data/CC-NEWS/2026/05/CC-NEWS-20260512123738-07879.warc.gz,2026-05-12T12:37:43Z
2439,420,1737,<urn:uuid:09c54232-00ab-4283-86c9-8b710296fe4f>,https://www.prnewswire.com/news-releases/halia-therapeutics-to-present-final-phase-2-ofirnoflast-data-in-lower-risk-mds-at-eha2026-and-announces-appointment-of-han-myint-md-facp-as-chief-medical-officer-302769531.html,2026-09-30 12:14:41.700985,https://data.commoncrawl.org/crawl-data/CC-NEWS/2026/05/CC-NEWS-20260512135331-07880.warc.gz,2026-05-12T13:53:35Z
2440,30,704,<urn:uuid:dc07a11d-86e9-43a9-8245-7905e23d9fe7>,https://www.elbalad.news/6968389,2026-09-30 12:14:43.909744,https://data.commoncrawl.org/crawl-data/CC-NEWS/2026/05/CC-NEWS-20260512135331-07880.warc.gz,2026-05-12T13:53:37Z
2441,162,,<urn:uuid:d1a4874a-82f2-44dd-ab7f-5827c991aecf>,https://www.lebanon24.com/news/lebanon/1524328/%D8%B9%D9%88%D9%86-%D9%8A%D9%8F%D9%82%D9%84%D8%AF-%D8%A7%D9%84%D8%A8%D8%AE%D8%A7%D8%B1%D9%8A-%D9%88%D8%B3%D8%A7%D9%85-%D8%A7%D9%84%D8%A3%D8%B1%D8%B2-%D8%A7%D9%84%D9%88%D8%B7%D9%86%D9%8A-%D8%A7%D9%84%D8%B3%D8%B9%D9%88%D8%AF%D9%8A%D8%A9-%D8%B4%D9%83%D9%84%D8%AA-%D8%B9%D9%84%D9%89-%D9%85%D8%B1%D9%91-%D8%A7%D9%84%D8%B3%D9%86%D9%88%D8%A7%D8%AA-%D8%B3%D9%86%D8%AF%D8%A7,2026-09-30 12:14:43.909744,https://data.commoncrawl.org/crawl-data/CC-NEWS/2026/05/CC-NEWS-20260512135331-07880.warc.gz,2026-05-12T13:53:37Z
2447,2356,1743,<urn:uuid:afe263e3-56ab-492b-b40f-444462cd4cc5>,https://www.985fm.ca/audio/776533/ia-et-tricherie-au-cegep-on-part-en-peur-selon-francois-charron,2026-09-30 12:14:43.917424,https://data.commoncrawl.org/crawl-data/CC-NEWS/2026/05/CC-NEWS-20260512163542-07882.warc.gz,2026-05-12T16:35:46Z
2448,179,,<urn:uuid:f21bebc1-4299-488b-b1f7-3b9ccffdee17>,https://allafrica.com/stories/202605120582.html,2026-09-30 12:14:45.674009,https://data.commoncrawl.org/crawl-data/CC-NEWS/2026/05/CC-NEWS-20260512151402-07881.warc.gz,2026-05-12T15:14:06Z
2449,420,1747,<urn:uuid:8d2160bf-3241-45bc-8034-8a5543da3247>,https://www.prnewswire.com/news-releases/standex-announces-promotion-of-ademir-sarcevic-to-executive-vice-president-corporate--group-president-electronics-302768669.html,2026-09-30 12:14:45.674009,https://data.commoncrawl.org/crawl-data/CC-NEWS/2026/05/CC-NEWS-20260512151402-07881.warc.gz,2026-05-12T15:14:06Z
2450,2360,1154,<urn:uuid:79844b3e-42a8-447e-a858-13d9e4de793f>,https://www.kiss104fm.com/news/trending/groom-who-fatally-ran-over-best-friend-wedding-night-sentenced-least-30-years/QQ6GM7TZOFDBZLBNH25G7PEHDU/,2026-09-30 12:14:45.674009,https://data.commoncrawl.org/crawl-data/CC-NEWS/2026/05/CC-NEWS-20260512151402-07881.warc.gz,2026-05-12T15:14:07Z
2451,9,1748,<urn:uuid:02cfea33-09bd-454c-8fef-5987c2ef84d6>,https://www.goal.com/en-za/lists/jose-mourinho-final-negotiations-real-madrid-manager-alvaro-arbeloa/bltf50f116f0a4da367,2026-09-30 12:14:45.717401,https://data.commoncrawl.org/crawl-data/CC-NEWS/2026/05/CC-NEWS-20260512163542-07882.warc.gz,2026-05-12T16:35:46Z
2452,13,,<urn:uuid:db7e3dff-03d0-4e13-b8e1-efcab9d8e7b9>,https://www.finanznachrichten.de/nachrichten-2026-05/68472829-tartisan-nickel-corp-tartisan-nickel-corp-closes-second-tranche-dollar-600-000-flow-through-financing-at-dollar-0-32-per-share-296.htm,2026-09-30 12:14:45.717401,https://data.commoncrawl.org/crawl-data/CC-NEWS/2026/05/CC-NEWS-20260512163542-07882.warc.gz,2026-05-12T16:35:47Z
2457,2367,1753,<urn:uuid:003dc95a-48e1-456d-a336-605596c73a69>,https://www.bgr.com/2166555/new-features-added-ipados-2026/,2026-09-30 12:14:47.487283,https://data.commoncrawl.org/crawl-data/CC-NEWS/2026/05/CC-NEWS-20260512180337-07883.warc.gz,2026-05-12T18:03:39Z
2458,48,32,<urn:uuid:e6e85cc3-4c7d-412a-91ed-88444db59f88>,https://www.masrawy.com/news/news_cases/details/2026/5/12/2987085/%D8%B0%D9%87%D8%A8-%D9%84%D8%AD%D9%84-%D8%AE%D9%84%D8%A7%D9%81-%D8%A7%D8%A8%D9%86%D8%AA%D9%87-%D9%81%D8%B9%D8%A7%D8%AF-%D8%AC%D8%AB%D9%85%D8%A7%D9%86%D8%A7-%D8%AA%D9%81%D8%A7%D8%B5%D9%8A%D9%84-%D9%85%D8%A3%D8%B3%D8%A7%D8%A9-%D8%A3%D8%A8-%D9%81%D9%8A-%D8%A7%D9%84%D9%87%D8%B1%D9%85,2026-09-30 12:14:47.487283,https://data.commoncrawl.org/crawl-data/CC-NEWS/2026/05/CC-NEWS-20260512180337-07883.warc.gz,2026-05-12T18:03:41Z
2465,14,1761,<urn:uuid:f3346e1f-4da3-4906-8d78-ab607cf81e63>,https://www.cbssports.com/betting/news/best-pga-championship-betting-apps-2026-receive-over-5000-bonuses-promos-top-online-sportsbooks/,2026-09-30 12:14:50.389048,https://data.commoncrawl.org/crawl-data/CC-NEWS/2026/05/CC-NEWS-20260512180337-07883.warc.gz,2026-05-12T18:03:41Z
2469,12,681,<urn:uuid:c3dec42f-c000-4605-b2d5-35998ca8af5a>,https://www.rotowire.com/soccer/headlines/sergi-palencia-injury-set-for-three-game-absence-515702,2026-09-30 12:14:50.39602,https://data.commoncrawl.org/crawl-data/CC-NEWS/2026/05/CC-NEWS-20260512215749-07885.warc.gz,2026-05-12T21:57:56Z
2470,436,1767,<urn:uuid:47e5d84f-0b5a-401c-a4ad-b07e68e26912>,https://www.romania-insider.com/president-govt-scenarios-talks-parties-may-2026,2026-09-30 12:14:50.39602,https://data.commoncrawl.org/crawl-data/CC-NEWS/2026/05/CC-NEWS-20260512215749-07885.warc.gz,2026-05-12T21:57:59Z
2471,2382,1765,<urn:uuid:6907861f-44c2-4733-bfee-35ec105f79f9>,https://telegrafi.com/shqiperia-dhe-kosova-forcojne-partneritetin-policor/,2026-09-30 12:14:50.39602,https://data.commoncrawl.org/crawl-data/CC-NEWS/2026/05/CC-NEWS-20260512215749-07885.warc.gz,2026-05-12T21:58:01Z
2472,307,1769,<urn:uuid:4ccf46d6-280c-49c5-a3ac-f7a8d500b4e5>,https://tribune.net.ph/2026/05/12/fuente-osme%C3%B1a-circle-revitalization-sought,2026-09-30 12:14:51.732615,https://data.commoncrawl.org/crawl-data/CC-NEWS/2026/05/CC-NEWS-20260512194939-07884.warc.gz,2026-05-12T19:49:44Z
2473,48,32,<urn:uuid:fcd9aa00-d374-4bd5-a0e3-75bf20317398>,https://www.masrawy.com/news/news_cases/details/2026/5/12/2987105/%D8%AA%D8%B3%D9%84%D9%8A%D9%85-%D8%B7%D9%81%D9%84%D8%A9-%D9%84%D8%A3%D9%85%D9%87%D8%A7-%D8%A8%D8%B9%D8%AF-%D8%AA%D9%86%D9%81%D9%8A%D8%B0-%D8%AD%D9%83%D9%85-%D9%82%D8%B6%D8%A7%D8%A6%D9%8A-%D8%A8%D8%A7%D9%84%D9%82%D8%A7%D9%87%D8%B1%D8%A9,2026-09-30 12:14:51.732615,https://data.commoncrawl.org/crawl-data/CC-NEWS/2026/05/CC-NEWS-20260512194939-07884.warc.gz,2026-05-12T19:49:45Z
2474,432,1768,<urn:uuid:7b13d226-5529-493a-8c49-b6c9d3990354>,https://eg.headtopics.com/news/15801575160515979863-83186430,2026-09-30 12:14:51.732615,https://data.commoncrawl.org/crawl-data/CC-NEWS/2026/05/CC-NEWS-20260512194939-07884.warc.gz,2026-05-12T19:49:45Z
2484,397,677,<urn:uuid:e67bb61f-ee99-4ce6-a990-06dfb651a5c7>,https://exclusivepress.net/archives/163227,2026-09-30 12:14:53.315298,https://data.commoncrawl.org/crawl-data/CC-NEWS/2026/05/CC-NEWS-20260513032414-07887.warc.gz,2026-05-13T03:24:19Z
2485,2396,1780,<urn:uuid:aa3206a2-5a40-470e-b1ad-fc3bc8089989>,https://www.fox29.com/news/kobe-artis-kensington-man-charged-illegal-gun-transfers-faces-multiple-firearms-counts,2026-09-30 12:14:53.315298,https://data.commoncrawl.org/crawl-data/CC-NEWS/2026/05/CC-NEWS-20260513032414-07887.warc.gz,2026-05-13T03:24:20Z
2486,63,1781,<urn:uuid:a0d33354-bbb7-4b84-a7dd-7c54b7ec8552>,https://indianexpress.com/article/cities/chandigarh/suspended-dig-bhullar-challenges-fir-cbi-probe-hc-issues-notice-to-centre-punjab-10686653/,2026-09-30 12:14:53.315298,https://data.commoncrawl.org/crawl-data/CC-NEWS/2026/05/CC-NEWS-20260513032414-07887.warc.gz,2026-05-13T03:24:20Z
2490,2401,821,<urn:uuid:0aac1914-d91d-40ae-9480-a37d349eb351>,https://www.knau.org/npr-news/2026-05-12/jason-collins-nbas-first-openly-gay-player-dies-at-47-of-brain-tumor,2026-09-30 12:15:09.435396,https://data.commoncrawl.org/crawl-data/CC-NEWS/2026/05/CC-NEWS-20260513003856-07886.warc.gz,2026-05-13T00:39:02Z
2491,2403,1786,<urn:uuid:98efa325-c39a-4261-afd6-8d871542bc13>,https://riverheadnewsreview.timesreview.com/2026/05/133861/swr-girls-lax-comes-up-with-a-big-victory-at-lax-out-cancer-event/,2026-09-30 12:15:09.435396,https://data.commoncrawl.org/crawl-data/CC-NEWS/2026/05/CC-NEWS-20260513003856-07886.warc.gz,2026-05-13T00:39:02Z
2492,90,304,<urn:uuid:e6d26aba-db0f-407a-ab23-5fec26582bc1>,https://www.latestly.com/agency-news/ebay-slams-gamestops-56b-takeover-bid-as-neither-credible-or-attractive-7426700.html,2026-09-30 12:15:09.435396,https://data.commoncrawl.org/crawl-data/CC-NEWS/2026/05/CC-NEWS-20260513003856-07886.warc.gz,2026-05-13T00:39:02Z
2494,28,1129,<urn:uuid:0ef7b359-ed7c-43e6-9ca2-1037f9468803>,https://timesofindia.indiatimes.com/city/ahmedabad/two-bootleggers-held-liquor-worth-rs-4-6l-seized/articleshow/130998041.cms,2026-09-30 12:15:09.442475,https://data.commoncrawl.org/crawl-data/CC-NEWS/2026/05/CC-NEWS-20260513055213-07888.warc.gz,2026-05-13T05:52:17Z
2495,441,1788,<urn:uuid:d8092795-fc50-461e-9ab3-541b14edec96>,https://www.uvahealth.com/making-of-medicine/reassuring-news-about-menopause-hormone-therapy,2026-09-30 12:15:09.442475,https://data.commoncrawl.org/crawl-data/CC-NEWS/2026/05/CC-NEWS-20260513055213-07888.warc.gz,2026-05-13T05:52:18Z
2499,991,1793,<urn:uuid:a939e32d-e54a-4dd1-838e-637e44b2f130>,https://www.irishtimes.com/business/work/2026/05/13/talks-of-career-progression-have-ceased-since-i-announced-my-pregnancy-whats-the-common-sense-approach/,2026-09-30 12:15:11.32969,https://data.commoncrawl.org/crawl-data/CC-NEWS/2026/05/CC-NEWS-20260513055213-07888.warc.gz,2026-05-13T05:52:19Z
2505,6,1796,<urn:uuid:59496d5a-0041-4d8a-838f-75a436c71b4d>,https://www.koreaherald.com/article/10737210,2026-09-30 12:15:11.337138,https://data.commoncrawl.org/crawl-data/CC-NEWS/2026/05/CC-NEWS-20260513092023-07890.warc.gz,2026-05-13T09:20:26Z
2506,311,,<urn:uuid:d8f58f7b-d8ef-4264-a771-2b54f3eb017e>,https://news.az/news/what-is-behind-the-trump-xi-meeting,2026-09-30 12:15:18.291212,https://data.commoncrawl.org/crawl-data/CC-NEWS/2026/05/CC-NEWS-20260513074450-07889.warc.gz,2026-05-13T07:44:54Z
2507,452,1798,<urn:uuid:75ddd75d-10a4-4eae-ba98-68b71732d6ae>,https://www.tuko.co.ke/people/family/626038-george-wajackoyah-proud-son-graduates-army-training-officer-proud/,2026-09-30 12:15:18.291212,https://data.commoncrawl.org/crawl-data/CC-NEWS/2026/05/CC-NEWS-20260513074450-07889.warc.gz,2026-05-13T07:44:57Z
2508,81,,<urn:uuid:14610afd-265b-49b1-9d72-d4f0fa8c41eb>,https://unidivers.fr/event/leo-la-fabuleuse-histoire-de-leonard-de-vinci-lab71-dompierre-les-ormes-saone-et-loire-2026-05-23t1900000200/,2026-09-30 12:15:18.291212,https://data.commoncrawl.org/crawl-data/CC-NEWS/2026/05/CC-NEWS-20260513074450-07889.warc.gz,2026-05-13T07:44:57Z
2509,441,,<urn:uuid:388889a6-dc6f-4517-96de-df8f4c2a41ac>,https://www.uvahealth.com/patients-and-visitors/forms-and-policies,2026-09-30 12:15:18.298611,https://data.commoncrawl.org/crawl-data/CC-NEWS/2026/05/CC-NEWS-20260513092023-07890.warc.gz,2026-05-13T09:20:27Z
2510,420,1799,<urn:uuid:38c0cbed-f9d6-4c50-8b93-6b455ca2141a>,https://www.prnewswire.com/news-releases/synnovis-and-sophia-genetics-partner-to-bring-blood-based-cancer-testing-to-patients-across-the-uk-302770165.html,2026-09-30 12:15:18.298611,https://data.commoncrawl.org/crawl-data/CC-NEWS/2026/05/CC-NEWS-20260513092023-07890.warc.gz,2026-05-13T09:20:28Z
2514,188,1805,<urn:uuid:907cf634-3c2c-47ee-91f6-6163ee3433ea>,https://www.wyso.org/npr-news/2026-05-13/some-minneapolis-donors-have-moved-on-the-immigrants-waiting-for-help-havent,2026-09-30 12:15:20.785008,https://data.commoncrawl.org/crawl-data/CC-NEWS/2026/05/CC-NEWS-20260513104344-07891.warc.gz,2026-05-13T10:43:45Z
2515,2426,1804,<urn:uuid:ed8e9c7b-997c-474a-82be-1d4dc178e95b>,https://www.lerevenu.com/reduire-impots/impot-sur-le-revenu/impot-sur-le-revenu-pres-d-un-francais-sur-deux-es/,2026-09-30 12:15:20.785008,https://data.commoncrawl.org/crawl-data/CC-NEWS/2026/05/CC-NEWS-20260513104344-07891.warc.gz,2026-05-13T10:43:45Z
2516,56,1803,<urn:uuid:7c07b30d-dc3f-40ba-a4c1-b1d988398fe9>,https://www.boursorama.com/videos/actualites/festival-de-cannes-le-cineaste-peter-jackson-recoit-une-palme-d-honneur-5f8f9899b9af11eba3398f7121ce88aa,2026-09-30 12:15:20.785008,https://data.commoncrawl.org/crawl-data/CC-NEWS/2026/05/CC-NEWS-20260513104344-07891.warc.gz,2026-05-13T10:43:46Z
2521,310,1810,<urn:uuid:c2296b8e-2a26-4eaf-9d81-3f027a25a620>,https://www.aa.com.tr/ar/%D8%AA%D9%82%D8%A7%D8%B1%D9%8A%D8%B1/%D8%AE%D8%A8%D8%B1%D8%A7%D8%A1-%D8%AA%D8%BA%D9%8A%D9%8A%D8%B1-%D9%82%D9%8A%D8%A7%D8%AF%D9%8A-%D9%85%D8%AD%D8%AF%D9%88%D8%AF-%D9%88%D8%AA%D8%AD%D9%88%D9%84-%D8%B3%D9%8A%D8%A7%D8%B3%D9%8A-%D9%85%D8%B3%D8%AA%D8%A8%D8%B9%D8%AF-%D8%A8%D9%85%D8%A4%D8%AA%D9%85%D8%B1-%D9%81%D8%AA%D8%AD-%D8%AA%D9%82%D8%B1%D9%8A%D8%B1/3935751,2026-09-30 12:15:20.796263,https://data.commoncrawl.org/crawl-data/CC-NEWS/2026/05/CC-NEWS-20260513131559-07893.warc.gz,2026-05-13T13:15:59Z
2522,2432,1809,<urn:uuid:67c426cc-c31c-41d4-9a6d-c2d70619f07c>,https://www.businesstoday.in/personal-finance/banking/story/rbi-cancels-mumbais-sarvodaya-co-op-bank-licence-deposits-insured-up-to-rs5-lakh-531158-2026-05-12,2026-09-30 12:15:20.796263,https://data.commoncrawl.org/crawl-data/CC-NEWS/2026/05/CC-NEWS-20260513131559-07893.warc.gz,2026-05-13T13:16:01Z
2524,252,,<urn:uuid:def6690b-ee2a-46e4-b307-b3b5f856d235>,https://www.tolerance.ca/ArticleExt.aspx?ID=603247&L=fr,2026-09-30 12:15:22.830804,https://data.commoncrawl.org/crawl-data/CC-NEWS/2026/05/CC-NEWS-20260513120149-07892.warc.gz,2026-05-13T12:01:53Z
2525,268,182,<urn:uuid:d259f842-8851-4b7a-a94f-1dedcb46be2f>,https://www.wam.ae/ar/article/c06x4ry-%D8%B4%D8%B1%D9%88%D9%82-%D8%AA%D8%B7%D9%84%D9%82-%D9%85%D9%88%D8%B3%D9%85-%D9%85%D8%B3%D8%B1%D8%AD-%D8%A7%D9%84%D9%82%D8%B5%D8%A8%D8%A7%D8%A1-2026-%D8%A7%D8%A8%D8%AA%D8%AF%D8%A7%D8%A1-%D8%B9%D9%8A%D8%AF,2026-09-30 12:15:22.830804,https://data.commoncrawl.org/crawl-data/CC-NEWS/2026/05/CC-NEWS-20260513120149-07892.warc.gz,2026-05-13T12:01:53Z
2526,1,3,<urn:uuid:0ee5f6f5-dcfb-4a6b-b28f-5c435e501d8a>,https://menafn.com/1111088842/Rabindranath-Tagore-Enriched-Our-Society-With-New-Thought-Creative-Energy-And-Cultural-Confidence-PM-Modi,2026-09-30 12:15:22.840607,https://data.commoncrawl.org/crawl-data/CC-NEWS/2026/05/CC-NEWS-20260513131559-07893.warc.gz,2026-05-13T13:16:01Z
2529,636,1814,<urn:uuid:e6f53778-469d-46d0-a7b6-5b5f42ee1b19>,https://www.latimes.com/california/story/2026-05-13/cloobeck-arrest-la-county,2026-09-30 12:15:22.850674,https://data.commoncrawl.org/crawl-data/CC-NEWS/2026/05/CC-NEWS-20260513143727-07894.warc.gz,2026-05-13T14:37:31Z
2530,597,1815,<urn:uuid:da588b7c-d074-4a1b-ab09-d2de4d9bca48>,https://www.wpxi.com/news/russia-presses-its/IRPGUWMPRQ2SHMZPJXK4UH273Q/,2026-09-30 12:15:24.328529,https://data.commoncrawl.org/crawl-data/CC-NEWS/2026/05/CC-NEWS-20260513120149-07892.warc.gz,2026-05-13T12:01:54Z
2531,242,1817,<urn:uuid:cf8e0898-cfbd-4075-8354-07dc852d5826>,https://www.okaz.com.sa/economy/na/2248517,2026-09-30 12:15:24.345113,https://data.commoncrawl.org/crawl-data/CC-NEWS/2026/05/CC-NEWS-20260513143727-07894.warc.gz,2026-05-13T14:37:31Z
2532,2443,1215,<urn:uuid:f578c5d3-76ed-49e6-817a-75dd50f2c15e>,https://www.valleedurichelieuexpress.ca/actualites/societe/665475/cinq-choses-a-savoir-sur-le-recensement,2026-09-30 12:15:24.345113,https://data.commoncrawl.org/crawl-data/CC-NEWS/2026/05/CC-NEWS-20260513143727-07894.warc.gz,2026-05-13T14:37:31Z
2537,481,,<urn:uuid:0fa2b843-1f98-4a28-9418-70b9a72852f4>,https://cybersectools.com/compare/bot-detection-vs-fortinet-fortiai,2026-09-30 12:15:26.259084,https://data.commoncrawl.org/crawl-data/CC-NEWS/2026/05/CC-NEWS-20260513155447-07895.warc.gz,2026-05-13T15:54:49Z
2538,30,704,<urn:uuid:987a6b5e-f35a-45a5-99f6-731069a84d6e>,https://www.elbalad.news/6969773,2026-09-30 12:15:26.259084,https://data.commoncrawl.org/crawl-data/CC-NEWS/2026/05/CC-NEWS-20260513155447-07895.warc.gz,2026-05-13T15:54:50Z
2545,2456,,<urn:uuid:b7236ecf-381d-4a17-a285-75e1bd483069>,https://docs.nvidia.com/holoscan/archive/4.1.0/api/cpp/structholoscan_1_1resource__default__name_3_01orconditioncombiner_01_4.html,2026-09-30 12:15:28.672306,https://data.commoncrawl.org/crawl-data/CC-NEWS/2026/05/CC-NEWS-20260513155447-07895.warc.gz,2026-05-13T15:54:53Z
2547,13,,<urn:uuid:1e2690de-7c00-43ef-91da-6dc925462a19>,https://www.finanznachrichten.de/nachrichten-2026-05/68488396-new-partnership-between-sc-johnson-u-s-department-of-state-and-the-global-fund-could-help-protect-60-million-people-from-malaria-008.htm,2026-09-30 12:15:28.678828,https://data.commoncrawl.org/crawl-data/CC-NEWS/2026/05/CC-NEWS-20260513171455-07896.warc.gz,2026-05-13T17:14:56Z
2548,2459,1826,<urn:uuid:b1fdb519-8f6b-42bb-b518-98530bece259>,https://www.rebelnews.com/la_cit_et_ing_rence_du_f_d_ral_le_coauteur_de_la_loi_guillaume_rousseau_s_exprime,2026-09-30 12:15:28.678828,https://data.commoncrawl.org/crawl-data/CC-NEWS/2026/05/CC-NEWS-20260513171455-07896.warc.gz,2026-05-13T17:14:56Z
2549,390,1828,<urn:uuid:3a77b86e-a791-45fe-9709-55933e73a52f>,https://www.globenewswire.com/news-release/2026/05/13/3294351/0/en/Chengdu-Origen-and-Vanotech-Announce-KHN921-Investigational-New-Drug-application-clearance-by-the-US-FDA-for-the-treatment-of-hypertrophic-cardiomyopathy-HCM-associated-with-MYBPC3.html,2026-09-30 12:15:28.686975,https://data.commoncrawl.org/crawl-data/CC-NEWS/2026/05/CC-NEWS-20260513185206-07897.warc.gz,2026-05-13T18:52:07Z
2550,481,,<urn:uuid:9341b62d-a39a-4775-a505-aca672331dbe>,https://cybersectools.com/compare/classyshark-vs-codified-security-platform,2026-09-30 12:15:28.686975,https://data.commoncrawl.org/crawl-data/CC-NEWS/2026/05/CC-NEWS-20260513185206-07897.warc.gz,2026-05-13T18:52:07Z
2551,317,1319,<urn:uuid:56c8d266-e2f4-4979-8e92-afc2f040736d>,https://www.babnet.net/cadredetail-329222.asp,2026-09-30 12:15:28.686975,https://data.commoncrawl.org/crawl-data/CC-NEWS/2026/05/CC-NEWS-20260513185206-07897.warc.gz,2026-05-13T18:52:09Z
2552,530,367,<urn:uuid:c2169fe4-7f86-4151-a1cc-16b24380439c>,https://www.mediaite.com/media/tv/deballed-whoopi-goldberg-accuses-trump-of-castrating-the-country-in-graphic-rant/,2026-09-30 12:15:30.203586,https://data.commoncrawl.org/crawl-data/CC-NEWS/2026/05/CC-NEWS-20260513171455-07896.warc.gz,2026-05-13T17:14:58Z
2560,420,1834,<urn:uuid:76e41a6f-207f-4123-ae37-3d20ad99fde9>,https://www.prnewswire.com/news-releases/wallachbeth-capital-announces-closing-of-su-groups-6-million-public-offering-302771448.html,2026-09-30 12:15:32.953791,https://data.commoncrawl.org/crawl-data/CC-NEWS/2026/05/CC-NEWS-20260513202522-07898.warc.gz,2026-05-13T20:25:25Z
2561,4,,<urn:uuid:311b02be-3447-4d5b-8dee-d033ac598104>,https://www.law360.com/articles/2477298/couple-settles-annuity-fraud-suit-with-ameritas-ex-agent,2026-09-30 12:15:32.953791,https://data.commoncrawl.org/crawl-data/CC-NEWS/2026/05/CC-NEWS-20260513202522-07898.warc.gz,2026-05-13T20:25:25Z
2568,390,1838,<urn:uuid:a3fa53ab-56e5-41f1-9af3-1420ee552100>,https://www.globenewswire.com/news-release/2026/05/13/3294443/0/en/Motorsport-Games-Reports-First-Quarter-2026-Financial-Results.html,2026-09-30 12:15:35.021365,https://data.commoncrawl.org/crawl-data/CC-NEWS/2026/05/CC-NEWS-20260513202522-07898.warc.gz,2026-05-13T20:25:25Z
2569,488,335,<urn:uuid:5148dc80-48d0-48f8-8088-1ec7e3d593fd>,https://www.islandssounder.com/2026/05/13/i-spent-eight-years-as-orcas-islands-hospice-nurse-here-is-what-i-saw-and-what-i-am-building-before-i-go/,2026-09-30 12:15:35.025554,https://data.commoncrawl.org/crawl-data/CC-NEWS/2026/05/CC-NEWS-20260513222752-07899.warc.gz,2026-05-13T22:27:58Z
2570,481,,<urn:uuid:4e7b9237-0716-4ceb-a4c5-146c1f520a0e>,https://cybersectools.com/compare/snyk-code-vs-sonarqube-server,2026-09-30 12:15:35.025554,https://data.commoncrawl.org/crawl-data/CC-NEWS/2026/05/CC-NEWS-20260513222752-07899.warc.gz,2026-05-13T22:27:58Z
2571,485,1839,<urn:uuid:75c3287b-b303-4dce-80ee-321364b1509f>,https://www.carwale.com/news/hyundai-creta-gets-variant-rejigged-heavy-offers-ahead-of-possible-facelift/,2026-09-30 12:15:35.025554,https://data.commoncrawl.org/crawl-data/CC-NEWS/2026/05/CC-NEWS-20260513222752-07899.warc.gz,2026-05-13T22:27:59Z
2576,51,1844,<urn:uuid:414c0e55-4293-470e-a18c-e084a6582faa>,https://www.newindianexpress.com/cities/bengaluru/2026/May/14/summer-simmer-experts-on-hidden-summer-skin-damage-how-to-navigate-it,2026-09-30 12:15:41.785442,https://data.commoncrawl.org/crawl-data/CC-NEWS/2026/05/CC-NEWS-20260514010329-07900.warc.gz,2026-05-14T01:03:32Z
2577,90,732,<urn:uuid:8cbbc2d3-51e4-4ae5-bba2-acfa2c3f1c16>,https://www.latestly.com/agency-news/sports-news-ipl-2026-rcb-win-toss-elect-to-bowl-first-against-kkr-in-raipur-7428663.html,2026-09-30 12:15:41.785442,https://data.commoncrawl.org/crawl-data/CC-NEWS/2026/05/CC-NEWS-20260514010329-07900.warc.gz,2026-05-14T01:03:33Z
2584,63,1850,<urn:uuid:78d6b418-34e9-4815-a273-d08ee26920d6>,https://indianexpress.com/article/education/haryana-board-bhiwani-hbse-10th-matric-results-2026-declared-live-updates-result-link-indiaresults-sarkariresults-bseh-org-in-10688418/,2026-09-30 12:15:44.133318,https://data.commoncrawl.org/crawl-data/CC-NEWS/2026/05/CC-NEWS-20260514010329-07900.warc.gz,2026-05-14T01:03:34Z
2587,496,1851,<urn:uuid:73608b95-c1c0-4241-89c0-65d4b7942c70>,https://en.sggp.org.vn/vietnam-plans-to-channel-tobacco-and-alcohol-taxes-into-healthcare-post126260.html,2026-09-30 12:15:44.152713,https://data.commoncrawl.org/crawl-data/CC-NEWS/2026/05/CC-NEWS-20260514034157-07901.warc.gz,2026-05-14T03:42:07Z
2588,730,1854,<urn:uuid:fff5735d-fb6a-4776-a8c8-322290105b25>,https://www.jpnn.com/news/wali-kota-bandung-sebut-pkl-eyckman-yang-digusur-dedi-mulyadi-tidak-akan-direlokasi,2026-09-30 12:15:44.159803,https://data.commoncrawl.org/crawl-data/CC-NEWS/2026/05/CC-NEWS-20260514060045-07902.warc.gz,2026-05-14T06:00:48Z
2589,502,1855,<urn:uuid:6f5d3642-5292-49d3-926f-8adf603b6374>,https://www.thesouthafrican.com/sport/soccer/psl-south-africa/kaizer-chiefs-join-orlando-pirates-in-race-for-psl-midfielder/,2026-09-30 12:15:44.159803,https://data.commoncrawl.org/crawl-data/CC-NEWS/2026/05/CC-NEWS-20260514060045-07902.warc.gz,2026-05-14T06:00:51Z
2590,500,,<urn:uuid:d6dac084-b6d9-4a4c-b3ca-937a73eb8936>,https://www.eib.org/de/projects/all/20240563,2026-09-30 12:15:44.159803,https://data.commoncrawl.org/crawl-data/CC-NEWS/2026/05/CC-NEWS-20260514060045-07902.warc.gz,2026-05-14T06:00:53Z
2591,77,1,<urn:uuid:cb2807b2-1b27-445e-a0b8-3f751dc426f6>,https://ianslive.in/tom-cruise-celebrates-four-decades-of-top-gun-farah-khan-says-40-years-of-admiring-you--20260514083727,2026-09-30 12:15:45.897283,https://data.commoncrawl.org/crawl-data/CC-NEWS/2026/05/CC-NEWS-20260514034157-07901.warc.gz,2026-05-14T03:42:08Z
2592,92,1853,<urn:uuid:0a91ed47-12b2-41e6-a5ed-2779ba1545b9>,https://www.hindustantimes.com/trending/us/visa-temple-in-india-dragged-into-us-senator-s-attack-on-h-1b-programme-101778726233881.html,2026-09-30 12:15:45.897283,https://data.commoncrawl.org/crawl-data/CC-NEWS/2026/05/CC-NEWS-20260514034157-07901.warc.gz,2026-05-14T03:42:09Z
2599,2512,1864,<urn:uuid:a52a2df7-a8fd-4db1-ae32-c5d168a77a55>,https://thegww.com/3-body-problem-season-2-netflix-endgame-update/,2026-09-30 12:15:47.897265,https://data.commoncrawl.org/crawl-data/CC-NEWS/2026/05/CC-NEWS-20260514075904-07903.warc.gz,2026-05-14T07:59:09Z
2600,2510,1863,<urn:uuid:dba2fa69-c952-403c-b2c1-4c5d5c7e93ff>,https://www.nfl.com/news/rex-signs-gronk-s-brother-as-undrafted-free-agent-0ap3000000659018,2026-09-30 12:15:47.897265,https://data.commoncrawl.org/crawl-data/CC-NEWS/2026/05/CC-NEWS-20260514075904-07903.warc.gz,2026-05-14T07:59:09Z
2601,12,681,<urn:uuid:379b04cf-bfd0-4d66-87c0-29910d699499>,https://www.rotowire.com/soccer/headlines/juan-david-mosquera-news-option-again-for-timbers-515868,2026-09-30 12:15:47.897265,https://data.commoncrawl.org/crawl-data/CC-NEWS/2026/05/CC-NEWS-20260514075904-07903.warc.gz,2026-05-14T07:59:09Z
2609,2520,1871,<urn:uuid:a2bee338-c6fd-4710-8b37-e31d7bb827b3>,https://www.lyoncapitale.fr/actualite/un-incendie-se-declare-dans-une-entreprise-de-meyzieu-le-feu-rapidement-maitrise,2026-09-30 12:15:49.578977,https://data.commoncrawl.org/crawl-data/CC-NEWS/2026/05/CC-NEWS-20260514093654-07904.warc.gz,2026-05-14T09:36:55Z
2610,2521,1873,<urn:uuid:49c53718-8509-4b12-bb8f-42fd37f53ab0>,https://www.wuft.org/2026-05-14/ex-doj-official-goes-public-with-blistering-criticism-of-his-former-bosses,2026-09-30 12:15:49.578977,https://data.commoncrawl.org/crawl-data/CC-NEWS/2026/05/CC-NEWS-20260514093654-07904.warc.gz,2026-05-14T09:36:54Z
2611,515,1875,<urn:uuid:c28e980b-f722-48d2-bb8f-5761b3c18421>,https://www.publicradioeast.org/2026-05-14/president-trumps-first-day-in-china,2026-09-30 12:15:49.590293,https://data.commoncrawl.org/crawl-data/CC-NEWS/2026/05/CC-NEWS-20260514105917-07905.warc.gz,2026-05-14T10:59:23Z
2612,2522,1874,<urn:uuid:756e815c-40f0-43eb-a30e-5bf5896b6b1c>,https://en.prothomalo.com/opinion/op-ed/va89ntn65n,2026-09-30 12:15:49.590293,https://data.commoncrawl.org/crawl-data/CC-NEWS/2026/05/CC-NEWS-20260514105917-07905.warc.gz,2026-05-14T10:59:23Z
2613,81,,<urn:uuid:29cf35c9-f043-4c1b-9aa3-8eaa39e5dd9b>,https://unidivers.fr/event/gouter-lart-ou-lart-du-gouter-le-grand-siecle-de-la-cuisine-francaise-saintes-charente-maritime-2026-06-25/,2026-09-30 12:15:49.590293,https://data.commoncrawl.org/crawl-data/CC-NEWS/2026/05/CC-NEWS-20260514105917-07905.warc.gz,2026-05-14T10:59:24Z
2617,413,283,<urn:uuid:9cb4025b-ca05-44bb-9fbd-7902ec746f44>,https://www.indulgexpress.com/videos/2026/May/14/cannes-2026-tara-sutaria-serves-old-hollywood-glam-at-debut,2026-09-30 12:15:51.557147,https://data.commoncrawl.org/crawl-data/CC-NEWS/2026/05/CC-NEWS-20260514093654-07904.warc.gz,2026-05-14T09:36:56Z
2619,2530,,<urn:uuid:c6ff634e-df28-423c-b78d-3a6f70548f79>,https://www.invesco.com/ch/en/financial-products/sicav/invesco-global-investment-grade-corporate-bond-fund-a-eur-hgd-acc-shares.html,2026-09-30 12:15:51.567129,https://data.commoncrawl.org/crawl-data/CC-NEWS/2026/05/CC-NEWS-20260514122214-07906.warc.gz,2026-05-14T12:22:15Z
2620,2531,,<urn:uuid:f9f5c288-0b3a-4577-a754-134044493588>,https://www.kinoafisha.info/en/movies/8379917/,2026-09-30 12:15:51.567129,https://data.commoncrawl.org/crawl-data/CC-NEWS/2026/05/CC-NEWS-20260514122214-07906.warc.gz,2026-05-14T12:22:16Z
2624,58,43,<urn:uuid:dca475e3-d458-4553-9c8e-27b336ba4cda>,https://www.zeffy.com/en-US/ticketing/2026-sparkle-sip-and-savor-copy,2026-09-30 12:15:53.124698,https://data.commoncrawl.org/crawl-data/CC-NEWS/2026/05/CC-NEWS-20260514122214-07906.warc.gz,2026-05-14T12:22:17Z
2626,204,1884,<urn:uuid:b20e71b8-8b0f-49d9-92a3-d4f1b3be1302>,https://www.einpresswire.com/article/912773712/family-dentist-expands-advanced-dental-care-for-patients-of-all-ages,2026-09-30 12:15:53.128668,https://data.commoncrawl.org/crawl-data/CC-NEWS/2026/05/CC-NEWS-20260514133453-07907.warc.gz,2026-05-14T13:34:56Z
2627,2536,1886,<urn:uuid:1d9f047c-3e3a-4906-8a06-7882606d7bbd>,https://www.boredpanda.com/guess-the-country-14-05-2026/,2026-09-30 12:15:53.128668,https://data.commoncrawl.org/crawl-data/CC-NEWS/2026/05/CC-NEWS-20260514133453-07907.warc.gz,2026-05-14T13:34:58Z
2631,1,3,<urn:uuid:2f012674-fa26-4a2e-9c51-7b386988dd3a>,https://menafn.com/arabic/1111113592/%D9%85%D8%A4%D8%B3%D8%B3%D8%A9-%D9%82%D8%B7%D8%B1-%D9%88%D8%AF%D9%88%D8%B1%D9%8A-%D9%83%D8%B1%D8%A9-%D8%A7%D9%84%D8%B3%D9%84%D8%A9-%D8%A7%D9%84%D8%A5%D9%81%D8%B1%D9%8A%D9%82%D9%8A-%D9%8A%D8%AA%D8%B9%D8%A7%D9%88%D9%86%D8%A7%D9%86-%D9%84%D8%AA%D8%B9%D8%B2%D9%8A%D8%B2-%D8%A7%D9%84%D8%A3%D8%AB%D8%B1-%D8%A7%D9%84%D8%A7%D8%AC%D8%AA%D9%85%D8%A7%D8%B9%D9%8A-%D9%85%D9%86-%D8%AE%D9%84%D8%A7%D9%84-%D8%A7%D9%84%D8%B1%D9%8A%D8%A7%D8%B6%D8%A9,2026-09-30 12:15:55.355667,https://data.commoncrawl.org/crawl-data/CC-NEWS/2026/05/CC-NEWS-20260514133453-07907.warc.gz,2026-05-14T13:34:59Z
2633,227,1891,<urn:uuid:d887203d-bfd8-44ee-ac3b-d61acbffc305>,https://www.channelnewsasia.com/east-asia/trump-xi-summit-constructive-strategic-stability-us-china-6121716,2026-09-30 12:15:55.361703,https://data.commoncrawl.org/crawl-data/CC-NEWS/2026/05/CC-NEWS-20260514145715-07908.warc.gz,2026-05-14T14:57:20Z
2634,81,,<urn:uuid:7c8e19a5-72ee-4fb6-852f-8d5f5abc1212>,https://unidivers.fr/event/balalaferme-les-brulais-ille-et-vilaine-2026-05-24/,2026-09-30 12:15:55.361703,https://data.commoncrawl.org/crawl-data/CC-NEWS/2026/05/CC-NEWS-20260514145715-07908.warc.gz,2026-05-14T14:57:20Z
2638,58,43,<urn:uuid:30d76cca-68ad-486f-a095-7d0fb6a28658>,https://www.zeffy.com/en-US/ticketing/zonta-90th-anniversary-celebration-sponsorships,2026-09-30 12:15:57.08012,https://data.commoncrawl.org/crawl-data/CC-NEWS/2026/05/CC-NEWS-20260514145715-07908.warc.gz,2026-05-14T14:57:21Z
2640,205,,<urn:uuid:b94ee139-2e0b-43ad-9973-ddb3d166dd7d>,https://www.wired-gov.net/wg/news.nsf/articles/techuk+analysis+the+kings+speech+14052026130500?open,2026-09-30 12:15:57.097971,https://data.commoncrawl.org/crawl-data/CC-NEWS/2026/05/CC-NEWS-20260514161846-07909.warc.gz,2026-05-14T16:18:48Z
2641,168,,<urn:uuid:b8fcf968-f7fe-4b94-98b0-71d0d7385631>,https://realting.com/fr/cambodia/khan-daun-penh/multilevel-apartment/swimming-pool,2026-09-30 12:15:57.097971,https://data.commoncrawl.org/crawl-data/CC-NEWS/2026/05/CC-NEWS-20260514161846-07909.warc.gz,2026-05-14T16:18:49Z
2645,58,43,<urn:uuid:05134e7c-dce7-4c0a-811b-da3e3bbc005b>,https://www.zeffy.com/en-US/ticketing/flags-of-wellington,2026-09-30 12:16:28.54281,https://data.commoncrawl.org/crawl-data/CC-NEWS/2026/05/CC-NEWS-20260514161846-07909.warc.gz,2026-05-14T16:18:49Z
2648,310,1900,<urn:uuid:5d0b0e9d-e99b-478f-b5f2-7890ffde15a8>,https://www.aa.com.tr/ar/%D8%A7%D9%84%D8%AF%D9%88%D9%84-%D8%A7%D9%84%D8%B9%D8%B1%D8%A8%D9%8A%D8%A9/%D8%A7%D9%84%D8%B6%D9%81%D8%A9-%D8%A5%D8%B3%D8%B1%D8%A7%D8%A6%D9%8A%D9%84-%D8%AA%D8%B4%D8%B1%D8%B9-%D9%81%D9%8A-%D8%A8%D9%86%D8%A7%D8%A1-%D8%A7%D8%B3%D8%AA%D9%8A%D8%B7%D8%A7%D9%86%D9%8A-%D9%81%D9%88%D9%82-%D9%85%D8%A8%D9%86%D9%89-%D8%A8%D9%84%D8%AF%D9%8A%D8%A9-%D8%A7%D9%84%D8%AE%D9%84%D9%8A%D9%84-%D8%A7%D9%84%D8%AA%D8%A7%D8%B1%D9%8A%D8%AE%D9%8A/3937749,2026-09-30 12:16:28.553246,https://data.commoncrawl.org/crawl-data/CC-NEWS/2026/05/CC-NEWS-20260514174412-07910.warc.gz,2026-05-14T17:44:16Z
2652,2564,1907,<urn:uuid:b4a38d82-111f-416f-944b-499302dd15f5>,https://www.pcgamer.com/games/survival-crafting/subnautica-2-acidic-raion-pouch-location/,2026-09-30 12:16:30.573538,https://data.commoncrawl.org/crawl-data/CC-NEWS/2026/05/CC-NEWS-20260514174412-07910.warc.gz,2026-05-14T17:44:18Z
2653,534,1897,<urn:uuid:a49b726c-2623-46af-b471-e7b77f5e6630>,https://www.gptoday.net/en/news/f1/295392/vasseur-admits-ferrari-had-a-very-hard-sunday-in-miami,2026-09-30 12:16:30.573538,https://data.commoncrawl.org/crawl-data/CC-NEWS/2026/05/CC-NEWS-20260514174412-07910.warc.gz,2026-05-14T17:44:19Z
2660,58,43,<urn:uuid:b6632e23-a26f-479e-a184-9388bb180f0d>,https://www.zeffy.com/fr-CA/ticketing/billet-dentree-pour-la-kermesse-de-lecole-st-nicephore-le-4-juin--2026,2026-09-30 12:16:32.808597,https://data.commoncrawl.org/crawl-data/CC-NEWS/2026/05/CC-NEWS-20260514192017-07911.warc.gz,2026-05-14T19:20:18Z
2661,28,1914,<urn:uuid:12f86ac2-b2f2-4623-a63c-30cb453710dc>,https://timesofindia.indiatimes.com/world/us/3-things-opt-employers-should-check-as-ice-announces-crackdown-on-10000-foreign-students/articleshow/131101756.cms,2026-09-30 12:16:32.808597,https://data.commoncrawl.org/crawl-data/CC-NEWS/2026/05/CC-NEWS-20260514192017-07911.warc.gz,2026-05-14T19:20:21Z
2662,2572,,<urn:uuid:f8321e9a-9275-4e38-b5ae-31bb8980fb80>,https://vietnamnews.vn/politics-laws/1781321/viet-nam-france-see-new-strides-in-defence-ties.html,2026-09-30 12:16:32.808597,https://data.commoncrawl.org/crawl-data/CC-NEWS/2026/05/CC-NEWS-20260514192017-07911.warc.gz,2026-05-14T19:20:21Z
2671,336,1922,<urn:uuid:79ad99b9-9e4c-4ab7-bc60-7018fb3a61a1>,https://www.kmuw.org/2026-05-14/is-the-u-s-running-out-of-weapons-in-the-iran-war,2026-09-30 12:16:34.203857,https://data.commoncrawl.org/crawl-data/CC-NEWS/2026/05/CC-NEWS-20260514210530-07912.warc.gz,2026-05-14T21:05:33Z
2673,241,,<urn:uuid:203e5d79-e02e-40e2-a0a2-1feecf051ddf>,https://www.shorouknews.com/news/view.aspx?cdate=15052026&id=1b217656-2d45-4322-ab4f-f3623c9a3534,2026-09-30 12:16:34.209153,https://data.commoncrawl.org/crawl-data/CC-NEWS/2026/05/CC-NEWS-20260514230551-07913.warc.gz,2026-05-14T23:06:02Z
2674,58,43,<urn:uuid:8f8b53f8-45ad-4e64-af21-a7095616785a>,https://www.zeffy.com/fr-CA/ticketing/marchandise-ou,2026-09-30 12:16:34.209153,https://data.commoncrawl.org/crawl-data/CC-NEWS/2026/05/CC-NEWS-20260514230551-07913.warc.gz,2026-05-14T23:06:03Z
2678,311,,<urn:uuid:b7314d08-2d06-425a-90ba-b9c61ae22e52>,https://news.az/tag/expo_center,2026-09-30 12:16:36.218685,https://data.commoncrawl.org/crawl-data/CC-NEWS/2026/05/CC-NEWS-20260514210530-07912.warc.gz,2026-05-14T21:05:33Z
2679,2590,1927,<urn:uuid:12d7f4b1-ad4e-4010-a896-be9aab6c60cb>,https://www.rtk.rs/2026/05/14/porodicna-kompanija-iz-trstenika-vise-od-tri-decenije-uspesno-spaja-tradiciju-kvalitet-i-inovacije/,2026-09-30 12:16:36.218685,https://data.commoncrawl.org/crawl-data/CC-NEWS/2026/05/CC-NEWS-20260514210530-07912.warc.gz,2026-05-14T21:05:34Z
2680,2591,1928,<urn:uuid:0450bc80-60b7-43a6-a38e-9dbffdfc138f>,https://www.mashed.com/2173150/aldi-frozen-foods-never-leave-without/,2026-09-30 12:16:36.230116,https://data.commoncrawl.org/crawl-data/CC-NEWS/2026/05/CC-NEWS-20260514230551-07913.warc.gz,2026-05-14T23:06:06Z
2685,558,,<urn:uuid:de0da601-eed8-4a87-b1d0-53909e95c39e>,https://www.koaa.com/videos/weather/work-week-ends-with-more-warmth-and-mainly-dry-skies-for-southern-colorado,2026-09-30 12:16:38.093496,https://data.commoncrawl.org/crawl-data/CC-NEWS/2026/05/CC-NEWS-20260515021111-07914.warc.gz,2026-05-15T02:11:18Z
2686,455,,<urn:uuid:57f56513-4b15-4446-86d2-8900de1b4f5a>,https://www.biospace.com/press-releases/first-tracks-biotherapeutics-announces-first-quarter-2026-financial-results-and-provides-business-update,2026-09-30 12:16:38.093496,https://data.commoncrawl.org/crawl-data/CC-NEWS/2026/05/CC-NEWS-20260515021111-07914.warc.gz,2026-05-15T02:11:18Z
2693,556,,<urn:uuid:d83b12d1-91e1-4f30-83fc-5b45ba26b90a>,https://www.abc15.com/videos/news/local-news/investigations/second-former-evidence-worker-details-goodyear-pd-evidence-issues-seen-firsthand,2026-09-30 12:16:40.474287,https://data.commoncrawl.org/crawl-data/CC-NEWS/2026/05/CC-NEWS-20260515021111-07914.warc.gz,2026-05-15T02:11:21Z
2694,96,67,<urn:uuid:492aec78-49be-4ea3-84c0-ad041e322dfe>,https://www.business-standard.com/amp/markets/capital-market-news/mukand-consolidated-net-profit-rises-4991-56-in-the-march-2026-quarter-126051500190_1.html,2026-09-30 12:16:40.478182,https://data.commoncrawl.org/crawl-data/CC-NEWS/2026/05/CC-NEWS-20260515045412-07915.warc.gz,2026-05-15T04:54:20Z
2695,96,67,<urn:uuid:0c003c2a-0d7e-4ebc-ab54-b19d2262dfdf>,https://www.business-standard.com/amp/markets/capital-market-news/muthoot-finance-consolidated-net-profit-rises-126-67-in-the-march-2026-quarter-126051500154_1.html,2026-09-30 12:16:40.478182,https://data.commoncrawl.org/crawl-data/CC-NEWS/2026/05/CC-NEWS-20260515045412-07915.warc.gz,2026-05-15T04:54:23Z
2696,277,1274,<urn:uuid:e4b31e27-1a0c-4fa4-be96-f2940469aa22>,https://tvovermind.com/funny-wholesome-memes-capybara-worlds-122/,2026-09-30 12:16:40.478182,https://data.commoncrawl.org/crawl-data/CC-NEWS/2026/05/CC-NEWS-20260515045412-07915.warc.gz,2026-05-15T04:54:26Z
2697,179,,<urn:uuid:cae4b121-c736-4288-825c-99bce83bc083>,https://allafrica.com/stories/202605150058.html,2026-09-30 12:16:40.482003,https://data.commoncrawl.org/crawl-data/CC-NEWS/2026/05/CC-NEWS-20260515070139-07916.warc.gz,2026-05-15T07:01:49Z
2698,204,,<urn:uuid:d43525a4-99a1-465d-9464-e68097da423d>,https://www.einpresswire.com/article/912955345/army-interagency-industry-and-local-leaders-unite-at-inaugural-dci-summit,2026-09-30 12:16:40.482003,https://data.commoncrawl.org/crawl-data/CC-NEWS/2026/05/CC-NEWS-20260515070139-07916.warc.gz,2026-05-15T07:01:51Z
2699,68,48,<urn:uuid:1ed8dda9-4e58-4b23-b20e-b6f9707b37a4>,https://www.premiumtimesng.com/regional/ssouth-west/878643-11-die-in-lone-accident-on-lagos-abeokuta-expressway.html,2026-09-30 12:16:40.482003,https://data.commoncrawl.org/crawl-data/CC-NEWS/2026/05/CC-NEWS-20260515070139-07916.warc.gz,2026-05-15T07:01:52Z
2708,28,1943,<urn:uuid:dd6662a0-29de-465a-bdc7-7334baf2c69c>,https://timesofindia.indiatimes.com/religion/rituals-puja/shani-jayanti-2026-what-to-donate-what-to-avoid-and-why/articleshow/131116779.cms,2026-09-30 12:16:42.629807,https://data.commoncrawl.org/crawl-data/CC-NEWS/2026/05/CC-NEWS-20260515120202-07919.warc.gz,2026-05-15T12:02:03Z
2711,237,670,<urn:uuid:628ac0b5-4028-4458-a5e0-43931c56b730>,https://www.marketbeat.com/instant-alerts/filing-alphabet-inc-googl-stock-position-increased-by-golden-state-equity-partners-2026-05-15/,2026-09-30 12:16:44.236929,https://data.commoncrawl.org/crawl-data/CC-NEWS/2026/05/CC-NEWS-20260515085010-07917.warc.gz,2026-05-15T08:50:14Z
2714,577,,<urn:uuid:27290d23-732c-486d-bff3-9953b1641096>,https://www.azernews.az/nation/258431.html,2026-09-30 12:16:44.243452,https://data.commoncrawl.org/crawl-data/CC-NEWS/2026/05/CC-NEWS-20260515102823-07918.warc.gz,2026-05-15T10:28:26Z
2715,1,3,<urn:uuid:0d6fb910-ccda-42af-811b-b2c15a46b456>,https://menafn.com/1111106195/Orry-On-Being-Unapologetically-Blunt-I-Dont-Fear-Bollywoods-Cancel-Culture-Not-Here-To-Do-Movies,2026-09-30 12:16:44.249197,https://data.commoncrawl.org/crawl-data/CC-NEWS/2026/05/CC-NEWS-20260515120202-07919.warc.gz,2026-05-15T12:02:03Z
2716,96,67,<urn:uuid:38211927-84a8-4c66-8f37-c5d7b6b2bcf9>,https://www.business-standard.com/amp/technology/tech-news/qualcomm-snapdragon-chips-power-googlebook-intel-126051500884_1.html,2026-09-30 12:16:44.249197,https://data.commoncrawl.org/crawl-data/CC-NEWS/2026/05/CC-NEWS-20260515120202-07919.warc.gz,2026-05-15T12:02:05Z
2717,2627,1952,<urn:uuid:0e71d070-bda2-4fc2-84c4-461fc419b744>,https://www.thestandard.com.hk/news/article/332121/Mainlander-remanded-after-alleged-self-immolation-plot-at-Admiralty-fast-food-outlet,2026-09-30 12:16:46.04861,https://data.commoncrawl.org/crawl-data/CC-NEWS/2026/05/CC-NEWS-20260515085010-07917.warc.gz,2026-05-15T08:50:14Z
2718,310,1951,<urn:uuid:9c939740-15c0-41b2-a8e6-f4ffdfbd36a3>,https://www.aa.com.tr/en/middle-east/israeli-warplanes-intensify-strikes-across-southern-lebanon-despite-us-mediated-talks/3938236,2026-09-30 12:16:46.04861,https://data.commoncrawl.org/crawl-data/CC-NEWS/2026/05/CC-NEWS-20260515085010-07917.warc.gz,2026-05-15T08:50:14Z
2719,1405,,<urn:uuid:87b83d0c-36a4-4af1-9e3e-7745f57d3636>,https://www.iranintl.com/en/202605155227,2026-09-30 12:16:46.053555,https://data.commoncrawl.org/crawl-data/CC-NEWS/2026/05/CC-NEWS-20260515102823-07918.warc.gz,2026-05-15T10:28:25Z
2720,237,670,<urn:uuid:a2db845c-3ec2-4d1a-9745-9fb906a4a7fc>,https://www.marketbeat.com/instant-alerts/filing-nebius-group-nv-nbis-shares-sold-by-independent-advisor-alliance-2026-05-15/,2026-09-30 12:16:46.053555,https://data.commoncrawl.org/crawl-data/CC-NEWS/2026/05/CC-NEWS-20260515102823-07918.warc.gz,2026-05-15T10:28:27Z
2726,2635,,<urn:uuid:28e12ac9-1be1-462b-b055-8920e1ff8e40>,https://www.tmj4.com/videos/world-news/trump-and-xi-find-common-ground-but-taiwan-and-iran-still-threaten-clashes,2026-09-30 12:16:48.350182,https://data.commoncrawl.org/crawl-data/CC-NEWS/2026/05/CC-NEWS-20260515132505-07920.warc.gz,2026-05-15T13:25:08Z
2731,80,1960,<urn:uuid:f75dc089-cb4d-4eac-8082-1f9da7a3ce51>,https://www.aljazeera.com/sports/2026/5/15/govt-building-set-ablaze-and-several-injured-in-libya-football-violence?traffic_source=rss,2026-09-30 12:16:48.358043,https://data.commoncrawl.org/crawl-data/CC-NEWS/2026/05/CC-NEWS-20260515162037-07922.warc.gz,2026-05-15T16:20:41Z
2732,170,1961,<urn:uuid:167b8b54-51e2-4663-a3b9-cb238afcce0d>,https://www.cbsnews.com/baltimore/video/star-spangled-stories-samuel-greens-journey-to-freedom-in-maryland/,2026-09-30 12:16:48.358043,https://data.commoncrawl.org/crawl-data/CC-NEWS/2026/05/CC-NEWS-20260515162037-07922.warc.gz,2026-05-15T16:20:41Z
2733,2642,1963,<urn:uuid:d9954a83-2a17-43aa-a741-ca4f15b84db7>,https://kalingatv.com/entertainment/dhurandhar-2-to-stream-on-jiohotstar-in-india-from-june-5/,2026-09-30 12:16:50.060478,https://data.commoncrawl.org/crawl-data/CC-NEWS/2026/05/CC-NEWS-20260515132505-07920.warc.gz,2026-05-15T13:25:08Z
2734,237,670,<urn:uuid:387b9fb8-81f6-43f2-b6cb-3873273704c9>,https://www.marketbeat.com/instant-alerts/abbvie-fy2027-eps-forecast-boosted-by-erste-group-bank-2026-05-15/,2026-09-30 12:16:50.060478,https://data.commoncrawl.org/crawl-data/CC-NEWS/2026/05/CC-NEWS-20260515132505-07920.warc.gz,2026-05-15T13:25:03Z
2737,9,1967,<urn:uuid:49c03671-6a66-4baa-9580-bc387ac18466>,https://www.goal.com/fr/parier-en-ligne/pronostics/pronostic-barcelone-real-betis-la-liga-17-mai/A%3Abltbf84414a2f5e6abe,2026-09-30 12:16:50.065024,https://data.commoncrawl.org/crawl-data/CC-NEWS/2026/05/CC-NEWS-20260515144810-07921.warc.gz,2026-05-15T14:48:13Z
2738,407,1968,<urn:uuid:7b4efd3d-8965-4343-b616-90a85ba0559d>,https://www.mondaq.com/canada/crime/1787758/unreasonable-searches-in-drug-cases,2026-09-30 12:16:50.068558,https://data.commoncrawl.org/crawl-data/CC-NEWS/2026/05/CC-NEWS-20260515162037-07922.warc.gz,2026-05-15T16:20:43Z
2739,92,1969,<urn:uuid:45246808-bb34-4b2a-b1c7-42971fa99147>,https://www.hindustantimes.com/genesis/choosing-an-ideal-air-cooler-for-your-room-and-climate-in-india-101778851225335.html,2026-09-30 12:16:51.825184,https://data.commoncrawl.org/crawl-data/CC-NEWS/2026/05/CC-NEWS-20260515144810-07921.warc.gz,2026-05-15T14:48:13Z
2740,1005,682,<urn:uuid:c0c6c6de-9fc1-4357-8a2d-bd758e08d7a6>,https://www.shafaq.com/ar/%D9%85%D8%AC%D8%AA%D9%80%D9%85%D8%B9/%D9%84%D8%BA%D8%B2-%D8%AA%D8%A7%D8%B1%D9%8A%D8%AE%D9%8A-%D8%A8%D9%8A%D9%86-%D8%A7%D9%84-%D8%B3%D8%B7%D9%88%D8%B1%D8%A9-%D9%88%D8%A7%D9%84%D8%AD%D9%82%D9%8A%D9%82%D8%A9-%D9%82%D8%B5%D8%B1-%D8%A7%D9%84%D8%A8%D9%86%D8%AA-%D9%81%D9%8A-%D8%AA%D9%83%D8%B1%D9%8A%D8%AA-%D9%8A%D8%AB%D9%8A%D8%B1-%D8%A7%D9%84%D8%AC%D8%AF%D9%84,2026-09-30 12:16:51.825184,https://data.commoncrawl.org/crawl-data/CC-NEWS/2026/05/CC-NEWS-20260515144810-07921.warc.gz,2026-05-15T14:48:14Z
2748,15,912,<urn:uuid:5d8528af-690d-4766-8614-50e7882e2812>,https://www.nasdaq.com/articles/what-makes-moog-moga-new-buy-stock,2026-09-30 12:16:53.334991,https://data.commoncrawl.org/crawl-data/CC-NEWS/2026/05/CC-NEWS-20260515175959-07923.warc.gz,2026-05-15T17:59:59Z
2749,8,8,<urn:uuid:5aa4e77a-b675-455b-8514-71f6031560aa>,https://www.westernjournal.com/billionaire-democratic-megadonor-arrested-los-angeles-report/?utm_source=facebook&utm_medium=conservativebyte&utm_campaign=lminetwork&utm_content=2026-05-15,2026-09-30 12:16:53.334991,https://data.commoncrawl.org/crawl-data/CC-NEWS/2026/05/CC-NEWS-20260515175959-07923.warc.gz,2026-05-15T17:59:58Z
2750,2659,1978,<urn:uuid:504b92e8-06a0-4a5b-b670-04b5d02bf1b3>,https://hiphopwired.com/3054297/will-smith-supermax-prime-video-plot-details/,2026-09-30 12:16:53.34008,https://data.commoncrawl.org/crawl-data/CC-NEWS/2026/05/CC-NEWS-20260515195612-07924.warc.gz,2026-05-15T19:56:16Z
2751,1157,1979,<urn:uuid:c191b5cc-0534-48d2-acb8-ed1ebca0257b>,https://okmagazine.com/p/emotional-jackie-tohn-heart-pounding-reveals-double-mastectomy/,2026-09-30 12:16:53.34008,https://data.commoncrawl.org/crawl-data/CC-NEWS/2026/05/CC-NEWS-20260515195612-07924.warc.gz,2026-05-15T19:56:17Z
2752,594,1977,<urn:uuid:4e1daf84-a482-4564-8135-9b931bd9a7a7>,https://www.on3.com/news/colin-cowherd-blasts-sec-coaches-for-infighting-calls-league-the-real-housewives-of-the-sec/,2026-09-30 12:16:53.34008,https://data.commoncrawl.org/crawl-data/CC-NEWS/2026/05/CC-NEWS-20260515195612-07924.warc.gz,2026-05-15T19:56:18Z
2756,487,1983,<urn:uuid:545fd12e-1797-4fd5-8419-90657c5dd410>,https://fr.headtopics.com/news/design-et-performances-des-lunettes-oakley-meta-hstn-83402406,2026-09-30 12:16:54.922347,https://data.commoncrawl.org/crawl-data/CC-NEWS/2026/05/CC-NEWS-20260515175959-07923.warc.gz,2026-05-15T18:00:00Z
2759,2668,,<urn:uuid:56afd1b6-627f-43c8-bbf8-445ec6b695c8>,https://www.kasu.org/education-and-community-culture/2026-05-15/how-a-nurse-helped-a-mom-through-open-heart-surgery,2026-09-30 12:16:54.934151,https://data.commoncrawl.org/crawl-data/CC-NEWS/2026/05/CC-NEWS-20260515221606-07925.warc.gz,2026-05-15T22:16:08Z
2763,15,670,<urn:uuid:c794ac9d-fb63-4650-a805-bd4bfae3b3c7>,https://www.nasdaq.com/articles/forgent-power-solutions-q3-earnings-call-highlights,2026-09-30 12:16:56.590049,https://data.commoncrawl.org/crawl-data/CC-NEWS/2026/05/CC-NEWS-20260515221606-07925.warc.gz,2026-05-15T22:16:08Z
2764,2672,1988,<urn:uuid:212ef648-7098-4d26-8a4c-3ea520b2910c>,https://www.bostonsportsjournal.com/2026/05/15/haggerty-changes-are-afoot-for-the-bruins-front-office-,2026-09-30 12:16:56.590049,https://data.commoncrawl.org/crawl-data/CC-NEWS/2026/05/CC-NEWS-20260515221606-07925.warc.gz,2026-05-15T22:16:10Z
2771,2682,1995,<urn:uuid:dd63fe3b-57fd-4d8a-a185-cc854e36e144>,https://www.militarytimes.com/global/asia-pacific/2026/05/15/us-marines-practice-seizing-remote-islands-in-philippine-exercise/,2026-09-30 12:16:59.338103,https://data.commoncrawl.org/crawl-data/CC-NEWS/2026/05/CC-NEWS-20260516013851-07926.warc.gz,2026-05-16T01:38:59Z
2772,1,3,<urn:uuid:a9018a6c-3d79-4cdd-9ba9-c998811c34be>,https://menafn.com/1111113324/Nilkamal-Indias-Leading-Furniture-Brand-Launches-60-Nilkamal-Homes-Stores-Nationwide,2026-09-30 12:16:59.338103,https://data.commoncrawl.org/crawl-data/CC-NEWS/2026/05/CC-NEWS-20260516013851-07926.warc.gz,2026-05-16T01:39:01Z
2773,92,1989,<urn:uuid:276ce90a-8b6c-4624-ace5-84490bccd0f5>,https://www.hindustantimes.com/cities/mumbai-news/essel-group-s-lower-parel-corporate-office-up-for-auction-with-650-crore-reserve-price-101778870705547.html,2026-09-30 12:16:59.338103,https://data.commoncrawl.org/crawl-data/CC-NEWS/2026/05/CC-NEWS-20260516013851-07926.warc.gz,2026-05-16T01:39:02Z
2779,8,2000,<urn:uuid:77ac21a3-6336-4547-a11e-14ef273db598>,https://www.westernjournal.com/pro-life-leaders-call-major-trump-admin-misstep-treats-children-like-products-discarded/?utm_source=facebook&utm_medium=jeffersonnewsletter&utm_campaign=lminetwork&utm_content=2026-05-16,2026-09-30 12:16:59.354325,https://data.commoncrawl.org/crawl-data/CC-NEWS/2026/05/CC-NEWS-20260516074653-07928.warc.gz,2026-05-16T07:46:59Z
2780,136,1789,<urn:uuid:994a8b47-820f-4481-9987-1d6e5ad17453>,https://www.telegraphindia.com/opinion/letters-to-the-editor-instead-of-calling-for-national-sacrifice-govt-must-present-a-credible-economic-roadmap-prnt/cid/2160791,2026-09-30 12:17:15.956124,https://data.commoncrawl.org/crawl-data/CC-NEWS/2026/05/CC-NEWS-20260516045320-07927.warc.gz,2026-05-16T04:53:26Z
2781,410,,<urn:uuid:8f68d7ab-2c5e-4d03-8f6d-df4144abbd3b>,https://www.brighteon.com/channels/arizsmith26/home,2026-09-30 12:17:15.956124,https://data.commoncrawl.org/crawl-data/CC-NEWS/2026/05/CC-NEWS-20260516045320-07927.warc.gz,2026-05-16T04:53:29Z
2782,608,1561,<urn:uuid:b5465f2a-c822-4955-bef1-a54192496bf0>,https://m.rediff.com/news/commentary/2026/may/16/fouryearold-boy-falls-into-borewell-in-punjab-rescue-operation-underway/d2a02335853f0d019c0d8581ffed6ea0,2026-09-30 12:17:15.956124,https://data.commoncrawl.org/crawl-data/CC-NEWS/2026/05/CC-NEWS-20260516045320-07927.warc.gz,2026-05-16T04:53:30Z
2783,58,43,<urn:uuid:90b7045a-5537-4349-bbf1-c0c3ad1f5b77>,https://www.zeffy.com/en-US/ticketing/leadership-retreat--372026,2026-09-30 12:17:15.960918,https://data.commoncrawl.org/crawl-data/CC-NEWS/2026/05/CC-NEWS-20260516074653-07928.warc.gz,2026-05-16T07:47:04Z
2784,8,227,<urn:uuid:da05c355-a90c-48d1-be08-327cb1b6452b>,https://www.westernjournal.com/red-state-governor-cancels-special-redistricting-session-congressional-seats/?utm_source=facebook&utm_medium=jeffersonnewsletter&utm_campaign=lminetwork&utm_content=2026-05-16,2026-09-30 12:17:15.960918,https://data.commoncrawl.org/crawl-data/CC-NEWS/2026/05/CC-NEWS-20260516074653-07928.warc.gz,2026-05-16T07:47:06Z
2788,2698,2012,<urn:uuid:8a9a3d21-61c4-4bd8-8b5a-ab680c6fd8fd>,https://www.trend.az/azerbaijan/society/4186674.html,2026-09-30 12:17:17.435699,https://data.commoncrawl.org/crawl-data/CC-NEWS/2026/05/CC-NEWS-20260516101442-07929.warc.gz,2026-05-16T10:14:45Z
2789,787,536,<urn:uuid:408caee6-8df9-448c-9e31-70a502dfac54>,https://radiogeneration.co.ke/news/89872/ipoa-pushes-for-sh100-million-confidential-fund-as-election-season-approaches,2026-09-30 12:17:17.435699,https://data.commoncrawl.org/crawl-data/CC-NEWS/2026/05/CC-NEWS-20260516101442-07929.warc.gz,2026-05-16T10:14:46Z
2790,121,2010,<urn:uuid:f39146b6-b13d-41c9-bff5-14621b6db010>,https://www.si.com/nfl/ravens/onsi/ravens-center-trade-target-that-should-be-on-the-radar-as-otas-approach-01krqc221phf,2026-09-30 12:17:17.435699,https://data.commoncrawl.org/crawl-data/CC-NEWS/2026/05/CC-NEWS-20260516101442-07929.warc.gz,2026-05-16T10:14:47Z
2799,2707,2018,<urn:uuid:3022d57c-21b6-410d-ae09-67946677f048>,https://www.senenews.com/premium/amadou-lamine-dia-avoue-tout-ces-personnes-en-danger-apres-larrestation-de-ndiaga-seck_586556.html?premium=1,2026-09-30 12:17:19.529102,https://data.commoncrawl.org/crawl-data/CC-NEWS/2026/05/CC-NEWS-20260516121811-07930.warc.gz,2026-05-16T12:18:14Z
2806,333,2024,<urn:uuid:9c5f3574-09b8-4da7-9073-861385637db7>,https://www.essentiallysports.com/wnba-nba-active-basketball-news-connecticut-sun-pays-emotional-tribute-following-the-deaths-of-jason-collins-and-brandon-clarke-during-wnba-game/,2026-09-30 12:17:21.446703,https://data.commoncrawl.org/crawl-data/CC-NEWS/2026/05/CC-NEWS-20260516121811-07930.warc.gz,2026-05-16T12:18:15Z
2807,1751,1266,<urn:uuid:e448762d-8c2e-4af2-a8a8-f6dd20199892>,https://felesteen.news/post/180796/%D9%82%D8%A7%D9%81%D9%84%D8%A9-%D8%A7%D9%84%D8%B5%D9%85%D9%88%D8%AF-%D8%AA%D8%B3%D8%AA%D8%A3%D9%86%D9%81-%D8%B7%D8%B1%D9%8A%D9%82%D9%87%D8%A7-%D9%86%D8%AD%D9%88-%D8%BA%D8%B2%D8%A9,2026-09-30 12:17:21.446703,https://data.commoncrawl.org/crawl-data/CC-NEWS/2026/05/CC-NEWS-20260516121811-07930.warc.gz,2026-05-16T12:18:16Z
2808,28,1129,<urn:uuid:6fa5dba7-0c31-4fa3-a309-d1b3826d6198>,https://timesofindia.indiatimes.com/city/mangaluru/udupi-district-minister-reviews-emergency-healthcare-services/articleshow/131139577.cms,2026-09-30 12:17:21.451637,https://data.commoncrawl.org/crawl-data/CC-NEWS/2026/05/CC-NEWS-20260516143339-07931.warc.gz,2026-05-16T14:33:46Z
2809,626,430,<urn:uuid:064a36f3-0a13-438b-ba58-be832db51e76>,https://dotalkhalij.com/alymn-news/29999896/%D8%A3%D8%AE%D8%A8%D8%A7%D8%B1-%D8%A7%D9%84%D9%8A%D9%85%D9%86--%D8%A7%D8%B1%D8%AA%D9%81%D8%A7%D8%B9-%D8%B9%D8%AF%D8%AF-%D8%B4%D9%87%D8%AF%D8%A7%D8%A1-%D8%BA%D8%B2%D8%A9-%D8%A5%D9%84%D9%89-72757.html,2026-09-30 12:17:21.451637,https://data.commoncrawl.org/crawl-data/CC-NEWS/2026/05/CC-NEWS-20260516143339-07931.warc.gz,2026-05-16T14:33:48Z
2810,98,,<urn:uuid:f2df6c38-d6cc-44c7-bbc8-7a46f46f4058>,https://www.wionews.com/world/why-90-of-humans-are-right-handed-may-be-linked-to-walking-upright-new-study-finds-1778937682866,2026-09-30 12:17:21.451637,https://data.commoncrawl.org/crawl-data/CC-NEWS/2026/05/CC-NEWS-20260516143339-07931.warc.gz,2026-05-16T14:33:49Z
2812,92,2028,<urn:uuid:906be8ef-6e74-4847-9f4e-fd877493655f>,https://www.hindustantimes.com/entertainment/bollywood/amjad-khans-son-shadaab-khan-shares-how-he-reacted-when-he-was-told-of-his-fathers-death-i-hit-the-doctor-101778945329030.html,2026-09-30 12:17:21.456457,https://data.commoncrawl.org/crawl-data/CC-NEWS/2026/05/CC-NEWS-20260516165401-07932.warc.gz,2026-05-16T16:54:05Z
2813,663,2030,<urn:uuid:7d1e9a48-8d9f-4d6f-ab75-d5a71e662ffd>,https://www.golfmonthly.com/news/watch-the-terrifying-moment-wyndham-clark-almost-hits-spectator-at-the-pga-championship,2026-09-30 12:17:21.456457,https://data.commoncrawl.org/crawl-data/CC-NEWS/2026/05/CC-NEWS-20260516165401-07932.warc.gz,2026-05-16T16:54:05Z
2814,2721,2031,<urn:uuid:89e97451-31a0-4c71-bdbd-603760717c22>,https://www.space.com/space-exploration/asteroid-comet-missions/nasas-psyche-spacecraft-is-flying-to-a-metal-asteroid-so-why-did-it-just-visit-mars,2026-09-30 12:17:22.888823,https://data.commoncrawl.org/crawl-data/CC-NEWS/2026/05/CC-NEWS-20260516165401-07932.warc.gz,2026-05-16T16:54:05Z
2820,636,,<urn:uuid:f7dbebb1-2170-4cb1-845c-2be025b47441>,https://www.latimes.com/world-nation/story/2026-05-16/rwandan-genocide-suspect-felicien-kabuga-dies-in-custody,2026-09-30 12:17:22.901397,https://data.commoncrawl.org/crawl-data/CC-NEWS/2026/05/CC-NEWS-20260516224821-07934.warc.gz,2026-05-16T22:48:32Z
2822,2727,2035,<urn:uuid:f371a842-12c5-497e-a183-486cdc3450f1>,https://www.ma-grande-taille.com/en/people/actress-emilia-clarke-returns-to-a-trial-that-makes-people-believe-her-life-is-over-441878,2026-09-30 12:17:25.000758,https://data.commoncrawl.org/crawl-data/CC-NEWS/2026/05/CC-NEWS-20260516192755-07933.warc.gz,2026-05-16T19:27:58Z
2823,612,,<urn:uuid:5214cbed-9975-4331-b880-50c9ebe215f3>,https://www.perthnow.com.au/news/conflict/israel-kills-hamas-military-leader-haddad-in-air-strike-c-22294545,2026-09-30 12:17:25.000758,https://data.commoncrawl.org/crawl-data/CC-NEWS/2026/05/CC-NEWS-20260516192755-07933.warc.gz,2026-05-16T19:28:03Z
2824,2730,1215,<urn:uuid:ccce53b7-fa3b-47b5-af15-153c3184c2f3>,https://www.enbeauce.com/actualites/gens-de-chez-nous/665792/partons-la-mer-est-belle-un-premier-opus-pour-lensemble-renouveau,2026-09-30 12:17:25.005232,https://data.commoncrawl.org/crawl-data/CC-NEWS/2026/05/CC-NEWS-20260516224821-07934.warc.gz,2026-05-16T22:48:44Z
2825,2731,2037,<urn:uuid:3fc0de20-0807-4503-ba14-fb4f94917473>,https://www.smdp.com/california-will-make-less-money-from-greenhouse-gas-emission-auctions/,2026-09-30 12:17:25.005232,https://data.commoncrawl.org/crawl-data/CC-NEWS/2026/05/CC-NEWS-20260516224821-07934.warc.gz,2026-05-16T22:48:46Z
2829,632,,<urn:uuid:7703f698-d734-490a-ae58-f69eb64c9543>,https://www.khaberni.com/news/810384-%D9%88%D8%B2%D9%8A%D8%B1-%D8%A7%D9%84%D8%AF%D8%A7%D8%AE%D9%84%D9%8A%D8%A9-%D8%A7%D9%84%D8%A8%D8%A7%D9%83%D8%B3%D8%AA%D8%A7%D9%86%D9%8A-%D9%81%D9%8A-%D8%B7%D9%87%D8%B1%D8%A7%D9%86-%D9%84%D8%AA%D8%B3%D9%87%D9%8A%D9%84-%D8%A7%D9%84%D9%85%D8%AD%D8%A7%D8%AF%D8%AB%D8%A7%D8%AA-%D8%A7%D9%84%D9%85%D8%AA%D8%B9%D8%AB%D8%B1%D8%A9-%D9%85%D8%B9-%D9%88%D8%A7%D8%B4%D9%86%D8%B7%D9%86,2026-09-30 12:17:27.673778,https://data.commoncrawl.org/crawl-data/CC-NEWS/2026/05/CC-NEWS-20260516192755-07933.warc.gz,2026-05-16T19:28:03Z
2832,63,2043,<urn:uuid:0a8b805d-3830-4ada-8152-db19c430137f>,https://indianexpress.com/article/cities/chandigarh/where-wheat-failed-shrimp-thrived-punjab-woman-turns-saline-fields-success-story-10693593/,2026-09-30 12:17:27.67824,https://data.commoncrawl.org/crawl-data/CC-NEWS/2026/05/CC-NEWS-20260517032025-07935.warc.gz,2026-05-17T03:20:31Z
2834,2536,1886,<urn:uuid:12beac8d-4127-4f4e-8120-b4f7e3d3fb05>,https://www.boredpanda.com/nyt-pips-hints-and-answers-17-may-2026/,2026-09-30 12:17:27.682187,https://data.commoncrawl.org/crawl-data/CC-NEWS/2026/05/CC-NEWS-20260517063555-07936.warc.gz,2026-05-17T06:36:00Z
2835,168,,<urn:uuid:729116d7-2349-4dcc-8dc7-a8389385d5b2>,https://realting.com/fr/azerbaijan/villas/terrace,2026-09-30 12:17:27.682187,https://data.commoncrawl.org/crawl-data/CC-NEWS/2026/05/CC-NEWS-20260517063555-07936.warc.gz,2026-05-17T06:36:04Z
2836,51,181,<urn:uuid:e5255d2b-eb37-4700-99dd-b79041ac25ad>,https://www.newindianexpress.com/cities/bengaluru/2026/May/17/helper-from-rajasthan-flees-with-rs-27-lakh-cash-from-employers-house-in-bengaluru,2026-09-30 12:17:29.415171,https://data.commoncrawl.org/crawl-data/CC-NEWS/2026/05/CC-NEWS-20260517032025-07935.warc.gz,2026-05-17T03:20:31Z
2837,641,2039,<urn:uuid:7b4adf51-9212-42f9-b1bc-086fa8486d1d>,https://imazpress.com/toute-l-actu/-la-une-de-ce-dimanche-1-2-3-4-5-et-meteo-r-f-rencement-26,2026-09-30 12:17:29.415171,https://data.commoncrawl.org/crawl-data/CC-NEWS/2026/05/CC-NEWS-20260517032025-07935.warc.gz,2026-05-17T03:20:31Z
2838,2536,1886,<urn:uuid:1037c52b-a78c-4a27-9a14-f0efbcaa4b97>,https://www.boredpanda.com/nyt-strands-hints-and-answers-17-may-2026/,2026-09-30 12:17:29.420742,https://data.commoncrawl.org/crawl-data/CC-NEWS/2026/05/CC-NEWS-20260517063555-07936.warc.gz,2026-05-17T06:36:07Z
2843,52,350,<urn:uuid:1e17cc2f-fe6e-4999-94ea-d27e1adcae1e>,https://www.footmercato.net/a5855153020782182703-man-city-pep-guardiola-repond-sechement-aux-rumeurs,2026-09-30 12:17:31.896968,https://data.commoncrawl.org/crawl-data/CC-NEWS/2026/05/CC-NEWS-20260517092409-07937.warc.gz,2026-05-17T09:24:14Z
2844,309,1446,<urn:uuid:8d67e517-4831-4cb9-8e05-f6f7679de2f0>,https://www.dnaindia.com/education/video-cbse-big-update-cbse-makes-three-languages-mandatory-for-class-9-and-10-from-july-2026-3210572,2026-09-30 12:17:31.896968,https://data.commoncrawl.org/crawl-data/CC-NEWS/2026/05/CC-NEWS-20260517092409-07937.warc.gz,2026-05-17T09:24:15Z
2847,2751,,<urn:uuid:9ab42519-37c9-4aaf-b33c-64eb354884c7>,https://www.sofoot.com/breves/le-but-le-plus-improbable-de-lannee-inscrit-en-moldavie,2026-09-30 12:17:31.903349,https://data.commoncrawl.org/crawl-data/CC-NEWS/2026/05/CC-NEWS-20260517114504-07938.warc.gz,2026-05-17T11:45:08Z
2851,349,705,<urn:uuid:fda5cbd0-1c5c-4c9b-abdc-e7c2438a7c13>,https://www.wsls.com/sports/2026/05/17/chelsea-hires-xabi-alonso-as-coach-on-four-year-deal/,2026-09-30 12:17:33.797591,https://data.commoncrawl.org/crawl-data/CC-NEWS/2026/05/CC-NEWS-20260517092409-07937.warc.gz,2026-05-17T09:24:15Z
2852,2757,2059,<urn:uuid:e44994b5-2249-4ddc-b0b9-5ba1b08d1e0f>,https://604now.com/canada-online-passport-renew-requirements/,2026-09-30 12:17:33.806639,https://data.commoncrawl.org/crawl-data/CC-NEWS/2026/05/CC-NEWS-20260517114504-07938.warc.gz,2026-05-17T11:45:08Z
2853,608,1561,<urn:uuid:547f8209-d827-4339-a8d7-739d0091134b>,https://m.rediff.com/news/commentary/2026/may/17/kerala-braces-for-heavy-rainfall-as-imd-issues-orange-alert/146ac58625e8a4554d7d1f442012d9a6,2026-09-30 12:17:33.806639,https://data.commoncrawl.org/crawl-data/CC-NEWS/2026/05/CC-NEWS-20260517114504-07938.warc.gz,2026-05-17T11:45:08Z
2855,74,,<urn:uuid:e1d1e8a9-78a1-4b3a-8dfe-3e17875f94a7>,https://www.newsbytesapp.com/news/science/tsinghua-simulates-false-vacuum-decay-experiment-in-physical-review-letters/tldr,2026-09-30 12:17:33.816277,https://data.commoncrawl.org/crawl-data/CC-NEWS/2026/05/CC-NEWS-20260517140307-07939.warc.gz,2026-05-17T14:03:15Z
2856,651,649,<urn:uuid:600e2765-1d65-4fa2-8b17-e624aa785d34>,https://lusakastar.com/news/government-dismisses-viral-video-claiming-vps-arrest,2026-09-30 12:17:33.816277,https://data.commoncrawl.org/crawl-data/CC-NEWS/2026/05/CC-NEWS-20260517140307-07939.warc.gz,2026-05-17T14:03:17Z
2857,176,118,<urn:uuid:8a6dd694-c828-47c0-ae4d-4e768c9fc7ae>,https://www.brusselstimes.com/belgium/2136379/old-belgian-man-with-alzheimers-goes-missing-in-france/,2026-09-30 12:17:35.155222,https://data.commoncrawl.org/crawl-data/CC-NEWS/2026/05/CC-NEWS-20260517140307-07939.warc.gz,2026-05-17T14:03:19Z
2869,2772,2072,<urn:uuid:c60415f7-3cf7-41c1-ab81-c452a975bfd3>,https://www.fox5dc.com/news/federal-safety-surge-deploy-dc-ahead-america250-events,2026-09-30 12:17:41.865593,https://data.commoncrawl.org/crawl-data/CC-NEWS/2026/05/CC-NEWS-20260517184633-07941.warc.gz,2026-05-17T18:46:38Z
2872,92,2075,<urn:uuid:fb38b5b7-ea1e-4443-b83b-93dc1baea0c2>,https://www.hindustantimes.com/sports/us-sports/aaron-rodgers-deal-will-fail-pittsburgh-steelers-accused-of-ignoring-much-better-qb-option-nfl-101779053475119-amp.html,2026-09-30 12:17:41.871073,https://data.commoncrawl.org/crawl-data/CC-NEWS/2026/05/CC-NEWS-20260517220101-07942.warc.gz,2026-05-17T22:01:13Z
2873,803,2077,<urn:uuid:3d31e028-10f8-42f1-aeff-e36782e1dc77>,https://www.ibtimes.co.uk/ronda-rousey-mma-comeback-travis-browne-1797263,2026-09-30 12:17:44.896967,https://data.commoncrawl.org/crawl-data/CC-NEWS/2026/05/CC-NEWS-20260517161139-07940.warc.gz,2026-05-17T16:11:45Z
2874,270,184,<urn:uuid:2dd376fc-9ff6-4e23-877e-fc848b7c28dc>,https://gulf365.net/saudi-arabia-news/13211791/%D8%AA%D8%AD%D8%AA-%D8%B1%D8%B9%D8%A7%D9%8A%D8%A9-%D8%A7%D9%84%D8%A3%D9%85%D9%8A%D8%B1-%D8%B9%D8%A8%D8%AF%D8%A7%D9%84%D8%B9%D8%B2%D9%8A%D8%B2-%D8%A8%D9%86-%D8%B3%D8%B9%D9%88%D8%AF-%D8%A7%D9%86%D8%B7%D9%84%D8%A7%D9%82-%D8%A3%D8%B9%D9%85%D8%A7%D9%84-%D9%85%D9%86%D8%AA%D8%AF%D9%89-%D8%A7%D9%84%D8%B5%D8%AD%D8%A9-%D9%88%D8%A7%D9%84%D8%A3%D9%85%D9%86-%D9%81%D9%8A-%D8%A7%D9%84%D8%AD%D8%AC-%D8%A8%D9%86%D8%B3%D8%AE%D8%AA%D9%87-%D8%A7%D9%84%D8%AB%D8%A7%D9%84%D8%AB%D8%A9.html,2026-09-30 12:17:44.896967,https://data.commoncrawl.org/crawl-data/CC-NEWS/2026/05/CC-NEWS-20260517161139-07940.warc.gz,2026-05-17T16:11:46Z
2875,390,451,<urn:uuid:6aa7f30e-9626-42b1-9ad8-a995087dcadb>,https://www.globenewswire.com/news-release/2026/05/17/3296249/9788/en/Bronstein-Gewirtz-Grossman-LLC-Urges-POET-Technologies-Inc-Investors-to-Act-Class-Action-Filed-Alleging-Investor-Harm.html,2026-09-30 12:17:44.896967,https://data.commoncrawl.org/crawl-data/CC-NEWS/2026/05/CC-NEWS-20260517161139-07940.warc.gz,2026-05-17T16:11:46Z
2876,121,2079,<urn:uuid:291aa2d5-aa68-454f-b05b-fd1aab3490ec>,https://www.si.com/soccer/usmnt-star-hits-huge-premier-league-milestone-weeks-before-world-cup,2026-09-30 12:17:44.901802,https://data.commoncrawl.org/crawl-data/CC-NEWS/2026/05/CC-NEWS-20260517184633-07941.warc.gz,2026-05-17T18:46:41Z
2877,664,456,<urn:uuid:5ff9f689-8587-4e44-9811-8829c2d9e780>,https://energy.economictimes.indiatimes.com/news/renewable/solar-firms-raise-over-11-billion-in-corporate-funding-in-q1-2026-mercom/130896793,2026-09-30 12:17:44.901802,https://data.commoncrawl.org/crawl-data/CC-NEWS/2026/05/CC-NEWS-20260517184633-07941.warc.gz,2026-05-17T18:46:41Z
2878,636,2082,<urn:uuid:ecf4a7c7-e48c-4544-a848-5c07dbb0f3ca>,https://www.latimes.com/california/story/2026-05-17/long-beach-pride-joyful-parade-meets-outrage-over-canceled-festival,2026-09-30 12:17:44.905604,https://data.commoncrawl.org/crawl-data/CC-NEWS/2026/05/CC-NEWS-20260517220101-07942.warc.gz,2026-05-17T22:01:19Z
2879,92,2075,<urn:uuid:9e28f241-0a32-4cbd-940a-8530c20f0b88>,https://www.hindustantimes.com/sports/us-sports/aaron-rodgers-deal-will-fail-pittsburgh-steelers-accused-of-ignoring-much-better-qb-option-nfl-101779053475119.html,2026-09-30 12:17:44.905604,https://data.commoncrawl.org/crawl-data/CC-NEWS/2026/05/CC-NEWS-20260517220101-07942.warc.gz,2026-05-17T22:01:19Z
2882,1,3,<urn:uuid:adaadb65-6981-4e0c-aede-08a0863a129e>,https://menafn.com/1111124022/Moph-Advises-Safe-Dining-And-Food-Preparation-For-Celiac-Patients,2026-09-30 12:17:48.250094,https://data.commoncrawl.org/crawl-data/CC-NEWS/2026/05/CC-NEWS-20260518020001-07943.warc.gz,2026-05-18T02:00:04Z
2884,410,,<urn:uuid:25cdd11b-928b-44d8-98b8-df2c84049df6>,https://www.brighteon.com/9fe18e31-f105-4794-88cd-b5de7f1f494a,2026-09-30 12:17:48.254716,https://data.commoncrawl.org/crawl-data/CC-NEWS/2026/05/CC-NEWS-20260518050630-07944.warc.gz,2026-05-18T05:06:38Z
2885,410,,<urn:uuid:838e74b8-4fea-4add-8497-f04903546fa2>,https://www.brighteon.com/a1e7bc08-31df-4789-8884-5bc190e03242,2026-09-30 12:17:48.254716,https://data.commoncrawl.org/crawl-data/CC-NEWS/2026/05/CC-NEWS-20260518050630-07944.warc.gz,2026-05-18T05:06:45Z
2888,219,1,<urn:uuid:a16eabbf-041d-43e0-ab42-ec9796194622>,https://www.dtnext.in/entertainment/cinema/rashmika-mandanna-praises-kriti-sanon-requests-comment-to-be-censored-later,2026-09-30 12:17:48.258402,https://data.commoncrawl.org/crawl-data/CC-NEWS/2026/05/CC-NEWS-20260518073145-07945.warc.gz,2026-05-18T07:31:50Z
2889,136,2083,<urn:uuid:f0ae74ff-1bbb-4078-b7f3-3f163bd8386b>,https://www.telegraphindia.com/west-bengal/kolkata/kmc-engineers-officials-probe-properties-owned-by-abhishek-banerjee-and-his-family-prnt/cid/2161058,2026-09-30 12:17:50.022927,https://data.commoncrawl.org/crawl-data/CC-NEWS/2026/05/CC-NEWS-20260518020001-07943.warc.gz,2026-05-18T02:00:08Z
2890,23,2089,<urn:uuid:9b9baf00-8e8c-4bd0-be65-2021c0d57e66>,https://africa.espn.com/rugby/story/_/id/48771125/france-england-women-six-nations-live-latest-updates-rugby,2026-09-30 12:17:50.022927,https://data.commoncrawl.org/crawl-data/CC-NEWS/2026/05/CC-NEWS-20260518020001-07943.warc.gz,2026-05-18T02:00:09Z
2891,2187,1605,<urn:uuid:82891d26-c47e-4c2d-934c-e8a3339a55b0>,https://www.pleinevie.fr/bien-etre-forme/beaute/adieu-les-rides-et-les-taches-brunes-ce-soin-spf-50-a-ete-sacre-meilleur-produit-pharma-2026-en-pharmacie-206474.html,2026-09-30 12:17:50.030691,https://data.commoncrawl.org/crawl-data/CC-NEWS/2026/05/CC-NEWS-20260518050630-07944.warc.gz,2026-05-18T05:06:51Z
2892,8,2000,<urn:uuid:8bb3ca50-02f1-4ceb-942d-a8aa2d4bc78b>,https://www.westernjournal.com/view-considered-news-abc-fcc-go-battle-embattled-show/?utm_source=facebook&utm_medium=rebirthoffreedom&utm_campaign=lminetwork&utm_content=2026-05-18,2026-09-30 12:17:50.041457,https://data.commoncrawl.org/crawl-data/CC-NEWS/2026/05/CC-NEWS-20260518073145-07945.warc.gz,2026-05-18T07:31:51Z
2893,669,2092,<urn:uuid:d98bd705-2bcc-4574-ab6a-8a7632764658>,https://beninwebtv.com/benin-examens-du-cep-2026-les-centres-de-composition-et-les-numeros-de-table-deja-disponibles/,2026-09-30 12:17:50.041457,https://data.commoncrawl.org/crawl-data/CC-NEWS/2026/05/CC-NEWS-20260518073145-07945.warc.gz,2026-05-18T07:31:52Z
2896,2572,,<urn:uuid:3c7c31df-2a2b-4501-a03d-3111c27561fe>,https://vietnamnews.vn/Sci-Tech/1781562/vietnam-news-agency-debuts-monthly-technology-publication.html,2026-09-30 12:17:52.003093,https://data.commoncrawl.org/crawl-data/CC-NEWS/2026/05/CC-NEWS-20260518091857-07946.warc.gz,2026-05-18T09:18:59Z
2902,418,2098,<urn:uuid:859ce63e-9284-48bc-bb82-7a73f2af945c>,https://www.football365.com/news/moyes-sack-obvious-everton-stupid-clamour-iraola-glasner,2026-09-30 12:17:52.020103,https://data.commoncrawl.org/crawl-data/CC-NEWS/2026/05/CC-NEWS-20260518120851-07948.warc.gz,2026-05-18T12:08:54Z
2903,11,10,<urn:uuid:f9f88e8c-4319-4ce9-bd86-59db2f015a44>,https://www.ypradio.org/2026-05-18/ufc-ceo-dana-white-on-the-growth-of-the-sport-and-the-upcoming-white-house-bout,2026-09-30 12:17:53.712848,https://data.commoncrawl.org/crawl-data/CC-NEWS/2026/05/CC-NEWS-20260518091857-07946.warc.gz,2026-05-18T09:19:00Z
2904,53,36,<urn:uuid:3c1817ab-a766-4dae-bbfa-65ca21aae20c>,https://www.swissinfo.ch/fre/les-eaux-souterraines-impact%C3%A9es-par-les-guerres%2C-selon-une-%C3%A9tude/91430178,2026-09-30 12:17:53.712848,https://data.commoncrawl.org/crawl-data/CC-NEWS/2026/05/CC-NEWS-20260518091857-07946.warc.gz,2026-05-18T09:19:00Z
2906,2808,732,<urn:uuid:02913633-41c2-4f6a-9fe4-8d76e4a2635a>,https://www.tribuneindia.com/news/business/ishan-technologies-boosts-service-agility-and-customer-experiences-with-oracle/,2026-09-30 12:17:53.725003,https://data.commoncrawl.org/crawl-data/CC-NEWS/2026/05/CC-NEWS-20260518104944-07947.warc.gz,2026-05-18T10:49:46Z
2907,2806,,<urn:uuid:e20646a1-deeb-453d-85fa-9e8124db24f7>,https://www.gamesasylum.com/2026/05/18/out-this-week-forza-horizon-6-lego-batman-yoshi-and-the-mysterious-book-bubsy-4d-starbites-more/,2026-09-30 12:17:53.725003,https://data.commoncrawl.org/crawl-data/CC-NEWS/2026/05/CC-NEWS-20260518104944-07947.warc.gz,2026-05-18T10:49:46Z
2908,195,,<urn:uuid:6899b539-027a-4bfd-a59a-3c7020f825bc>,https://fr.allafrica.com/stories/202605180446.html,2026-09-30 12:17:53.733778,https://data.commoncrawl.org/crawl-data/CC-NEWS/2026/05/CC-NEWS-20260518120851-07948.warc.gz,2026-05-18T12:08:55Z
2909,237,670,<urn:uuid:0aa1b991-8c8d-4f2f-baed-fbc80d7d03ac>,https://www.marketbeat.com/instant-alerts/filing-ubs-group-ag-has-811-million-stock-position-in-arbor-realty-trust-abr-2026-05-18/,2026-09-30 12:17:53.733778,https://data.commoncrawl.org/crawl-data/CC-NEWS/2026/05/CC-NEWS-20260518120851-07948.warc.gz,2026-05-18T12:08:55Z
2910,74,,<urn:uuid:9a08c8a3-8fdc-4df5-bf8a-3dead463ab37>,https://www.newsbytesapp.com/news/india/delhi-starts-monday-with-temperatures-mostly-close-to-normal/tldr,2026-09-30 12:17:55.26176,https://data.commoncrawl.org/crawl-data/CC-NEWS/2026/05/CC-NEWS-20260518104944-07947.warc.gz,2026-05-18T10:49:46Z
2917,487,2111,<urn:uuid:00a5a7b2-4124-40c5-883e-67484036521a>,https://fr.headtopics.com/news/apple-ne-peut-pas-adopter-les-nouvelles-batteries-83485424,2026-09-30 12:17:57.195779,https://data.commoncrawl.org/crawl-data/CC-NEWS/2026/05/CC-NEWS-20260518132754-07949.warc.gz,2026-05-18T13:27:57Z
2918,420,2109,<urn:uuid:a2f1c894-f24d-48e1-9a0a-b41c758e222b>,https://www.prnewswire.com/news-releases/aurzen-makes-the-moments-even-bigger-this-summer-with-smart-projectors-for-big-game-viewing-302774523.html,2026-09-30 12:17:57.195779,https://data.commoncrawl.org/crawl-data/CC-NEWS/2026/05/CC-NEWS-20260518132754-07949.warc.gz,2026-05-18T13:27:58Z
2919,420,2110,<urn:uuid:27dafa2d-076d-471e-bac9-ee9c5a6da63d>,https://www.prnewswire.com/news-releases/bambusa-therapeutics-presents-positive-preliminary-phase-1-bbt002-data-at-american-thoracic-society-2026-ats-2026-international-conference-and-announces-first-patient-dosed-in-phase-1b2a-crswnp-trial-302774195.html,2026-09-30 12:17:57.195779,https://data.commoncrawl.org/crawl-data/CC-NEWS/2026/05/CC-NEWS-20260518132754-07949.warc.gz,2026-05-18T13:27:58Z
2921,2820,1064,<urn:uuid:bfff576b-fdd3-4da9-925b-ac2d0d23e1c4>,https://www.geo.tv/latest/665007-govt-rules-out-raising-voting-age-to-25-after-pm-aides-remarks-trigger-debate,2026-09-30 12:17:57.20234,https://data.commoncrawl.org/crawl-data/CC-NEWS/2026/05/CC-NEWS-20260518144917-07950.warc.gz,2026-05-18T14:49:20Z
2922,1746,2112,<urn:uuid:2cea3689-1ee9-48f7-b902-43ead63da91f>,https://www.cronista.com/mexico/actualidad-mx/extrema-alerta-de-la-nasa-un-fenomeno-geomagnetico-regresa-tras-70-anos-y-amenazaria-con-mantener-incomunicado-a-este-pais-de-america-latina/,2026-09-30 12:17:57.20234,https://data.commoncrawl.org/crawl-data/CC-NEWS/2026/05/CC-NEWS-20260518144917-07950.warc.gz,2026-05-18T14:49:20Z
2925,2823,2114,<urn:uuid:c9071878-8faa-4c42-ab1a-d72e06600ea7>,https://finalgirlconfessions.substack.com/p/the-scarestack-societys-spring-of,2026-09-30 12:17:57.215692,https://data.commoncrawl.org/crawl-data/CC-NEWS/2026/05/CC-NEWS-20260518161403-07951.warc.gz,2026-05-18T16:14:06Z
2926,420,2116,<urn:uuid:536bbd7f-2b77-4019-aee4-d97974348bf0>,https://www.prnewswire.com/news-releases/kumho-tire-usa-announces-road-venture-ht-highway-terrain-tire-302774344.html,2026-09-30 12:17:58.97697,https://data.commoncrawl.org/crawl-data/CC-NEWS/2026/05/CC-NEWS-20260518144917-07950.warc.gz,2026-05-18T14:49:21Z
2927,9,1131,<urn:uuid:37fc67d9-d13f-4494-adca-0dc58bd6156b>,https://www.goal.com/en/lists/harry-maguire-arsenal-better-team-man-city-man-utd-premier-league-title-prediction/bltc44f4e4f7c8b3087,2026-09-30 12:17:58.984979,https://data.commoncrawl.org/crawl-data/CC-NEWS/2026/05/CC-NEWS-20260518161403-07951.warc.gz,2026-05-18T16:14:07Z
2928,409,2117,<urn:uuid:948652ee-570b-49e4-b863-5a5a7f07facd>,https://uk.headtopics.com/news/survivor-greece-contestant-stavros-floros-suffers-leg-83450707,2026-09-30 12:17:58.984979,https://data.commoncrawl.org/crawl-data/CC-NEWS/2026/05/CC-NEWS-20260518161403-07951.warc.gz,2026-05-18T16:14:07Z
2933,121,2123,<urn:uuid:d98e31e2-d5dd-4a4b-bde2-d51f7994447b>,https://www.si.com/nhl/rangers/onsi/news/sharks-defenseman-could-be-solid-fit-for-ny-rangers-in-free-agency,2026-09-30 12:18:00.816644,https://data.commoncrawl.org/crawl-data/CC-NEWS/2026/05/CC-NEWS-20260518174314-07952.warc.gz,2026-05-18T17:43:19Z
2934,81,,<urn:uuid:1f1aa6b9-c612-4078-af28-784f5f58be6f>,https://unidivers.fr/event/atelier-tissage-rives-en-seine-seine-maritime-2026-07-18/,2026-09-30 12:18:00.816644,https://data.commoncrawl.org/crawl-data/CC-NEWS/2026/05/CC-NEWS-20260518174314-07952.warc.gz,2026-05-18T17:43:20Z
2941,397,677,<urn:uuid:646afc85-2361-49f6-bcf5-8f07bdded65a>,https://exclusivepress.net/archives/165842,2026-09-30 12:18:02.099263,https://data.commoncrawl.org/crawl-data/CC-NEWS/2026/05/CC-NEWS-20260518174314-07952.warc.gz,2026-05-18T17:43:22Z
2943,81,,<urn:uuid:c439bfea-755e-4547-9186-86538e648559>,https://unidivers.fr/event/vide-greniers-a-villiers-sur-yonne-villiers-sur-yonne-nievre-2026-06-07/,2026-09-30 12:18:02.105031,https://data.commoncrawl.org/crawl-data/CC-NEWS/2026/05/CC-NEWS-20260518192451-07953.warc.gz,2026-05-18T19:24:56Z
2944,155,1154,<urn:uuid:25c0f243-0426-4593-8ee1-938f06b7988f>,https://www.wsbtv.com/news/trending/dennis-rush-man-thousand-faces-andy-griffith-show-child-actor-dies-74/YLCD7PQW3ZF7DK5FC3JS65DW24/,2026-09-30 12:18:02.105031,https://data.commoncrawl.org/crawl-data/CC-NEWS/2026/05/CC-NEWS-20260518192451-07953.warc.gz,2026-05-18T19:24:56Z
2948,170,1961,<urn:uuid:b7828310-2379-4f96-a3f0-615275b411da>,https://www.cbsnews.com/baltimore/video/president-trumps-approval-rating-down-in-new-cbs-poll/,2026-09-30 12:18:03.629335,https://data.commoncrawl.org/crawl-data/CC-NEWS/2026/05/CC-NEWS-20260518192451-07953.warc.gz,2026-05-18T19:24:57Z
2950,2848,2135,<urn:uuid:a19bd458-7bdf-49da-81bc-829774d5a5b6>,https://www.fox5atlanta.com/news/former-fulton-deputy-accused-attacking-handcuffed-detainee,2026-09-30 12:18:03.639583,https://data.commoncrawl.org/crawl-data/CC-NEWS/2026/05/CC-NEWS-20260518212604-07954.warc.gz,2026-05-18T21:26:09Z
2951,2107,1548,<urn:uuid:49b56486-2437-4cb8-9a44-2883450de033>,https://www.kuaf.com/2026-05-18/is-kennedy-heir-jack-schlossberg-ready-to-lead,2026-09-30 12:18:03.639583,https://data.commoncrawl.org/crawl-data/CC-NEWS/2026/05/CC-NEWS-20260518212604-07954.warc.gz,2026-05-18T21:26:09Z
2955,2853,2141,<urn:uuid:20d3d825-bc63-4a90-b15c-58527c62bd01>,https://no01.substack.com/p/length-not-temperature,2026-09-30 12:18:05.249168,https://data.commoncrawl.org/crawl-data/CC-NEWS/2026/05/CC-NEWS-20260518212604-07954.warc.gz,2026-05-18T21:26:09Z
2962,1596,2148,<urn:uuid:4da89ccb-a512-4586-a048-6da9769d9614>,https://www.wamc.org/2026-05-18/the-all-american-rejects-release-first-full-length-album-since-2012,2026-09-30 12:18:07.090306,https://data.commoncrawl.org/crawl-data/CC-NEWS/2026/05/CC-NEWS-20260518234226-07955.warc.gz,2026-05-18T23:42:29Z
2963,2055,2147,<urn:uuid:d1dd581f-31ad-4f1f-b24d-dc0e1e484ef1>,https://www.ksfr.org/npr-news/2026-05-18/snl-just-wrapped-its-51st-season-its-time-to-cruelly-rank-its-musical-guests,2026-09-30 12:18:07.090306,https://data.commoncrawl.org/crawl-data/CC-NEWS/2026/05/CC-NEWS-20260518234226-07955.warc.gz,2026-05-18T23:42:29Z
2964,2860,335,<urn:uuid:1d0cfb9f-8781-4350-9dc0-1e79b35b8fa1>,https://www.heraldnet.com/2026/05/18/mariners-call-up-former-frog-colt-emerson/,2026-09-30 12:18:07.090306,https://data.commoncrawl.org/crawl-data/CC-NEWS/2026/05/CC-NEWS-20260518234226-07955.warc.gz,2026-05-18T23:42:29Z
2970,2867,2153,<urn:uuid:9e8fb89e-6508-4eba-a4f4-61541690a9f9>,https://www.ndtvprofit.com/business/inside-meta-s-latest-layoffs-job-cuts-team-transfers-and-open-role-closures-explained-11515000,2026-09-30 12:18:07.101481,https://data.commoncrawl.org/crawl-data/CC-NEWS/2026/05/CC-NEWS-20260519054507-07957.warc.gz,2026-05-19T05:45:10Z
2972,18,489,<urn:uuid:64a2e2ba-d071-40aa-bd12-223569653c2d>,https://www.benzinga.com/trading-ideas/long-ideas/26/05/52652027/nvidia-stock-up-over-500000-since-ipo-heres-what-that-means-in-dollars,2026-09-30 12:18:09.138985,https://data.commoncrawl.org/crawl-data/CC-NEWS/2026/05/CC-NEWS-20260519030758-07956.warc.gz,2026-05-19T03:08:05Z
2973,2869,,<urn:uuid:609bd6d8-006e-4944-8642-7f2901373741>,https://www.autodesk.com/fr/solutions/aec/electrical-drawing,2026-09-30 12:18:09.138985,https://data.commoncrawl.org/crawl-data/CC-NEWS/2026/05/CC-NEWS-20260519030758-07956.warc.gz,2026-05-19T03:08:05Z
2974,2872,2158,<urn:uuid:cc018cdd-58a3-481a-b181-df8ea1ef0d5a>,https://monocle.com/culture/billionaire-media-mogul-vincent-bollore-canal-cannes-film-festival/,2026-09-30 12:18:09.150499,https://data.commoncrawl.org/crawl-data/CC-NEWS/2026/05/CC-NEWS-20260519054507-07957.warc.gz,2026-05-19T05:45:10Z
2975,2873,2159,<urn:uuid:9441ea88-8c44-40eb-9b9f-98cde0ddfeb9>,https://mwebantu.news/senegal-reforms-its-electoral-code/,2026-09-30 12:18:09.150499,https://data.commoncrawl.org/crawl-data/CC-NEWS/2026/05/CC-NEWS-20260519054507-07957.warc.gz,2026-05-19T05:45:10Z
2979,2877,2162,<urn:uuid:73cfd2b7-48e7-4318-bb00-82b52797e386>,https://simulationcommander.substack.com/p/articles-need-headlines,2026-09-30 12:18:11.321424,https://data.commoncrawl.org/crawl-data/CC-NEWS/2026/05/CC-NEWS-20260519030758-07956.warc.gz,2026-05-19T03:08:08Z
2981,8,2165,<urn:uuid:9bc00c56-d1bb-4e0b-b605-76d37919eb6c>,https://www.westernjournal.com/marco-rubio-reveals-message-delivered-pope-leo-important-meeting-vatican/?utm_source=facebook&utm_medium=conservative50plus&utm_campaign=lminetwork&utm_content=2026-05-19,2026-09-30 12:18:11.327174,https://data.commoncrawl.org/crawl-data/CC-NEWS/2026/05/CC-NEWS-20260519074338-07958.warc.gz,2026-05-19T07:43:41Z
2982,234,1240,<urn:uuid:2dc91a8d-69b5-4996-ab06-a73faf3e3aa0>,https://www.zawya.com/en/business/healthcare/dubai-advances-global-innovation-with-plekhanov-rd-centre-launch-poeqm0n0,2026-09-30 12:18:11.327174,https://data.commoncrawl.org/crawl-data/CC-NEWS/2026/05/CC-NEWS-20260519074338-07958.warc.gz,2026-05-19T07:43:43Z
2984,1509,2168,<urn:uuid:5a0b4966-2b55-48b4-9629-9887b513dbd1>,https://www.iowapublicradio.org/news-from-npr/2026-05-19/ntsb-hearing-will-probe-cause-of-fiery-ups-jet-crash-that-killed-15-in-louisville,2026-09-30 12:18:11.33169,https://data.commoncrawl.org/crawl-data/CC-NEWS/2026/05/CC-NEWS-20260519091824-07959.warc.gz,2026-05-19T09:18:27Z
2985,58,43,<urn:uuid:a25609c4-c477-48a1-8b33-040aa6f4f64c>,https://www.zeffy.com/en-CA/ticketing/watercolour-paint-and-sip-2,2026-09-30 12:18:11.33169,https://data.commoncrawl.org/crawl-data/CC-NEWS/2026/05/CC-NEWS-20260519091824-07959.warc.gz,2026-05-19T09:18:27Z
2986,2884,2169,<urn:uuid:81120a7c-dc0e-4c13-98c2-2b8a67220568>,https://nation.cymru/news/starmer-will-not-set-timetable-to-leave-no-10-if-burnham-wins-by-election/,2026-09-30 12:18:13.221949,https://data.commoncrawl.org/crawl-data/CC-NEWS/2026/05/CC-NEWS-20260519074338-07958.warc.gz,2026-05-19T07:43:43Z
2987,58,43,<urn:uuid:b741a90f-0ba9-4eb0-ad35-7a07962531d5>,https://www.zeffy.com/en-CA/ticketing/young-adults-movie-night-the-prince-of-egypt,2026-09-30 12:18:13.229734,https://data.commoncrawl.org/crawl-data/CC-NEWS/2026/05/CC-NEWS-20260519091824-07959.warc.gz,2026-05-19T09:18:28Z
2990,166,,<urn:uuid:8a4869a6-ad15-4761-acde-d00984821bfb>,https://www.indiainfoline.com/company/apl-apollo-tubes-ltd/options/30-06-2026-pe-1800,2026-09-30 12:18:13.235983,https://data.commoncrawl.org/crawl-data/CC-NEWS/2026/05/CC-NEWS-20260519103818-07960.warc.gz,2026-05-19T10:38:20Z
2991,687,2173,<urn:uuid:be2de88f-2850-4de5-94b8-8e4872b19de4>,https://www.deccanherald.com/india/uttar-pradesh/sp-congress-alliance-will-continue-focus-will-be-on-victory-not-seats-akhilesh-yadav-4008453,2026-09-30 12:18:14.987039,https://data.commoncrawl.org/crawl-data/CC-NEWS/2026/05/CC-NEWS-20260519103818-07960.warc.gz,2026-05-19T10:38:22Z
2992,656,452,<urn:uuid:5743678a-e283-4d8c-9535-2833931dd6a9>,https://vietnam.vnanet.vn/french/tin-van/le-president-de-lan-tran-thanh-man-appelle-a-rompre-avec-les-anciennes-methodes-de-travail-446655.html,2026-09-30 12:18:14.987039,https://data.commoncrawl.org/crawl-data/CC-NEWS/2026/05/CC-NEWS-20260519103818-07960.warc.gz,2026-05-19T10:38:21Z
3000,12,681,<urn:uuid:85c2a3e0-36e1-47fb-aa8b-bbce280c95f3>,https://www.rotowire.com/soccer/headlines/gideon-mensah-news-sets-up-goal-on-sunday-517058,2026-09-30 12:18:16.830414,https://data.commoncrawl.org/crawl-data/CC-NEWS/2026/05/CC-NEWS-20260519115305-07961.warc.gz,2026-05-19T11:53:08Z
3001,1,3,<urn:uuid:b56c5362-043a-47cd-8b48-6b9a4a5efbdf>,https://menafn.com/1111116272/Attention-Long-Term-Shareholders-Of-Hercules-Capital-Inc-NYSE-HTGC-New-Era-Energy-Digital-Inc-NASDAQ-NUAI-Medpace-Holdings-Inc-NASDAQ-MEDP-And-Mongodb-Inc-NASDAQ-MDB-Grabar-Law-Office-Investigates-Claims-On-Your-Behalf,2026-09-30 12:18:16.830414,https://data.commoncrawl.org/crawl-data/CC-NEWS/2026/05/CC-NEWS-20260519115305-07961.warc.gz,2026-05-19T11:53:09Z
3004,2901,,<urn:uuid:8ceffe11-ddd9-483c-a792-d09ae12c1259>,https://www.ijpr.org/community-calendar/event/th-pistol-river-concert-association-presents-apple-barner-acoustic-12-05-2026-14-51-16,2026-09-30 12:18:16.836136,https://data.commoncrawl.org/crawl-data/CC-NEWS/2026/05/CC-NEWS-20260519131110-07962.warc.gz,2026-05-19T13:11:15Z
3008,98,,<urn:uuid:ca115da0-b595-4ffa-96a7-26fb67450cbd>,https://www.wionews.com/world/why-america-s-republican-primaries-are-drawing-national-attention-ahead-of-the-2026-midterms-wion-decodes-1779182928403,2026-09-30 12:18:18.910282,https://data.commoncrawl.org/crawl-data/CC-NEWS/2026/05/CC-NEWS-20260519115305-07961.warc.gz,2026-05-19T11:53:10Z
3009,390,2185,<urn:uuid:abf066e1-cda8-4987-9c2e-5294380f9d01>,https://www.globenewswire.com/news-release/2026/05/19/3297554/0/en/Fisher-Space-Pen-Honors-250-Years-of-American-Ingenuity-with-Limited-Edition-Space-Pens.html,2026-09-30 12:18:18.916605,https://data.commoncrawl.org/crawl-data/CC-NEWS/2026/05/CC-NEWS-20260519131110-07962.warc.gz,2026-05-19T13:11:16Z
3010,195,,<urn:uuid:cd1ee37e-90c6-4cb9-b7ef-aeb665c3ed5c>,https://fr.allafrica.com/stories/202605190519.html,2026-09-30 12:18:18.916605,https://data.commoncrawl.org/crawl-data/CC-NEWS/2026/05/CC-NEWS-20260519131110-07962.warc.gz,2026-05-19T13:11:16Z
3011,14,681,<urn:uuid:b23055b2-f7b1-4aaf-b8a8-76035c74e7a5>,https://www.cbssports.com/fantasy/baseball/news/nationals-james-wood-three-hits-in-loss-monday/,2026-09-30 12:18:18.924686,https://data.commoncrawl.org/crawl-data/CC-NEWS/2026/05/CC-NEWS-20260519142935-07963.warc.gz,2026-05-19T14:29:36Z
3012,162,,<urn:uuid:d8231d9c-faca-430a-af6f-22677699c2f5>,https://www.lebanon24.com/news/breaking-news/1527356/%D8%B1%D9%88%D8%B3%D9%8A%D8%A7-%D9%86%D8%B9%D8%AA%D8%B2%D9%85-%D8%A5%D8%B9%D8%A7%D8%AF%D8%A9-%D8%B7%D9%88%D8%A7%D9%82%D9%85%D9%86%D8%A7-%D8%A5%D9%84%D9%89-%D9%85%D8%AD%D8%B7%D8%A9-%D8%A8%D9%88%D8%B4%D9%87%D8%B1-%D9%81%D9%8A-%D8%A5%D9%8A%D8%B1%D8%A7%D9%86-%D8%AE%D9%84%D8%A7%D9%84-%D8%A3%D8%B3%D8%A7%D8%A8%D9%8A%D8%B9-%D9%82%D9%84%D9%8A%D9%84%D8%A9,2026-09-30 12:18:18.924686,https://data.commoncrawl.org/crawl-data/CC-NEWS/2026/05/CC-NEWS-20260519142935-07963.warc.gz,2026-05-19T14:29:37Z
3013,632,,<urn:uuid:41b137a1-27c1-4df6-b5b7-338663ee3823>,https://www.khaberni.com/news/811396-%D9%85%D8%AC%D9%85%D9%88%D8%B9%D8%A9-%D8%A7%D9%84%D8%B3%D8%A8%D8%B9-%D8%AA%D8%AC%D8%AF%D8%AF-%D8%A7%D9%84%D8%AF%D8%B9%D9%88%D8%A9-%D9%84%D8%A7%D8%B9%D8%A7%D8%AF%D8%A9-%D9%81%D8%AA%D8%AD-%D9%85%D8%B6%D9%8A%D9%82-%D9%87%D8%B1%D9%85%D8%B2,2026-09-30 12:18:18.924686,https://data.commoncrawl.org/crawl-data/CC-NEWS/2026/05/CC-NEWS-20260519142935-07963.warc.gz,2026-05-19T14:29:38Z
3019,162,,<urn:uuid:aef578ce-3098-4bff-96cf-648ad5f55a7d>,https://www.lebanon24.com/news/breaking-news/1527412/%D8%A7%D9%84%D8%AE%D8%B2%D8%A7%D9%86%D8%A9-%D8%A7%D9%84%D8%A3%D9%85%D9%8A%D8%B1%D9%83%D9%8A%D8%A9-%D8%AA%D8%B5%D8%AF%D8%B1-%D8%B9%D9%82%D9%88%D8%A8%D8%A7%D8%AA-%D8%AC%D8%AF%D9%8A%D8%AF%D8%A9-%D8%B9%D9%84%D9%89-%D8%B5%D9%84%D8%A9-%D8%A8%D8%A5%D9%8A%D8%B1%D8%A7%D9%86,2026-09-30 12:18:20.960543,https://data.commoncrawl.org/crawl-data/CC-NEWS/2026/05/CC-NEWS-20260519171315-07965.warc.gz,2026-05-19T17:13:17Z
3022,597,1154,<urn:uuid:a51083ba-5890-41b4-b389-141d25a97bb1>,https://www.wpxi.com/news/trending/patriotic-kenny-navy-vet-social-media-sensation-with-4-million-followers-dies-84/BKS6G4EPLFC3DE3CDXSBKGAPW4/,2026-09-30 12:18:20.965547,https://data.commoncrawl.org/crawl-data/CC-NEWS/2026/05/CC-NEWS-20260519184622-07966.warc.gz,2026-05-19T18:46:24Z
3025,47,2193,<urn:uuid:d465c4c2-9388-47d9-86ea-02c76dc2bb2a>,https://www.ctpublic.org/show/the-colin-mcenroe-show/2026-05-19/why-does-like-bother-us-so-much,2026-09-30 12:18:22.707481,https://data.commoncrawl.org/crawl-data/CC-NEWS/2026/05/CC-NEWS-20260519154800-07964.warc.gz,2026-05-19T15:48:04Z
3026,316,685,<urn:uuid:492fcdd0-0f1d-4c59-a1b3-6d74ec3d89d8>,https://www.finanzen.at/nachrichten/aktien/telus-invests-more-than-$66-bln-for-five-year-network-expansion-1036175684,2026-09-30 12:18:22.715708,https://data.commoncrawl.org/crawl-data/CC-NEWS/2026/05/CC-NEWS-20260519171315-07965.warc.gz,2026-05-19T17:13:18Z
3027,2820,2195,<urn:uuid:1a30eb0b-2a5a-48fd-b1a9-f7670817cc6d>,https://www.geo.tv/latest/665193-princess-dianans-brother-shares-delightful-news,2026-09-30 12:18:22.715708,https://data.commoncrawl.org/crawl-data/CC-NEWS/2026/05/CC-NEWS-20260519171315-07965.warc.gz,2026-05-19T17:13:19Z
3028,180,,<urn:uuid:aaa32891-2013-47e4-9b5c-a0436b124be9>,https://www.knkx.org/calendar/event/crazy-dinner-a-new-musical-by-nightmayor-07-05-2026-20-30-42,2026-09-30 12:18:22.720257,https://data.commoncrawl.org/crawl-data/CC-NEWS/2026/05/CC-NEWS-20260519184622-07966.warc.gz,2026-05-19T18:46:24Z
3029,2926,245,<urn:uuid:27809f41-874a-45be-98f0-908e67a65437>,https://bitterrootstar.com/2026/05/ravalli-co-commissioners-rfb-trailside/?utm_source=rss&utm_medium=rss&utm_campaign=ravalli-co-commissioners-rfb-trailside,2026-09-30 12:18:22.720257,https://data.commoncrawl.org/crawl-data/CC-NEWS/2026/05/CC-NEWS-20260519184622-07966.warc.gz,2026-05-19T18:46:24Z
3030,9,1072,<urn:uuid:3c23beb8-f309-46c4-9a1c-885a413377ba>,https://www.goal.com/en-in/betting/tips/freiburg-vs-aston-villa-predictions-21-05-2026/A%3Abltfdc4bdab4ea693bf,2026-09-30 12:18:24.3266,https://data.commoncrawl.org/crawl-data/CC-NEWS/2026/05/CC-NEWS-20260519154800-07964.warc.gz,2026-05-19T15:48:04Z
3031,409,2199,<urn:uuid:6beb5178-7da9-4bd8-9402-2fb1e6e9616b>,https://uk.headtopics.com/news/jacob-elordi-and-kendall-jenner-spark-romance-rumors-amidst-83507345,2026-09-30 12:18:24.3266,https://data.commoncrawl.org/crawl-data/CC-NEWS/2026/05/CC-NEWS-20260519154800-07964.warc.gz,2026-05-19T15:48:05Z
3039,2936,2203,<urn:uuid:5e0bf3dc-0a39-48bc-9d07-678b7faf053b>,https://www.detroitlions.com/news/o-hara-s-week-11-checklist-lions-vs-panthers,2026-09-30 12:18:26.29564,https://data.commoncrawl.org/crawl-data/CC-NEWS/2026/05/CC-NEWS-20260519203425-07967.warc.gz,2026-05-19T20:34:28Z
3040,2938,2204,<urn:uuid:bb396926-94db-4923-8dc9-d66065af2642>,https://www.wdiy.org/2026-05-19/can-burying-power-lines-help-prevent-more-power-outages,2026-09-30 12:18:26.29564,https://data.commoncrawl.org/crawl-data/CC-NEWS/2026/05/CC-NEWS-20260519203425-07967.warc.gz,2026-05-19T20:34:28Z
3043,2941,2206,<urn:uuid:a486035f-a135-4112-a898-f03a2d5d09f5>,https://www.wxyz.com/news/region/detroit/historic-detroit-building-reopens-as-citys-first-all-affordable-smart-apartments,2026-09-30 12:18:26.301699,https://data.commoncrawl.org/crawl-data/CC-NEWS/2026/05/CC-NEWS-20260519224805-07968.warc.gz,2026-05-19T22:48:08Z
3046,751,2208,<urn:uuid:50cb3adc-743c-4c96-8d94-e37379e97545>,https://journalauto.com/journal-des-flottes/fraikin-mis-en-vente-pour-trois-milliards-deuros/,2026-09-30 12:18:26.306272,https://data.commoncrawl.org/crawl-data/CC-NEWS/2026/05/CC-NEWS-20260520015302-07969.warc.gz,2026-05-20T01:53:10Z
3047,90,732,<urn:uuid:af6b6094-1a01-48ec-bf81-f11a62487d08>,https://www.latestly.com/agency-news/business-news-leading-entrepreneurs-businesses-and-thought-leaders-of-india-2026-7437377.html,2026-09-30 12:18:27.91163,https://data.commoncrawl.org/crawl-data/CC-NEWS/2026/05/CC-NEWS-20260519203425-07967.warc.gz,2026-05-19T20:34:30Z
3048,2945,2211,<urn:uuid:40f0eb75-1d64-42f6-bdb0-566d55c97b5d>,https://realrawnews.substack.com/p/staged-us-attack-against-cuba-imminent,2026-09-30 12:18:27.918053,https://data.commoncrawl.org/crawl-data/CC-NEWS/2026/05/CC-NEWS-20260519224805-07968.warc.gz,2026-05-19T22:48:08Z
3049,2946,2212,<urn:uuid:0f28ca2e-3b8c-449f-a12a-48eac44815c2>,https://www.zerotackle.com/rabbitohs-confirm-return-timeline-for-campbell-graham-233942/,2026-09-30 12:18:27.918053,https://data.commoncrawl.org/crawl-data/CC-NEWS/2026/05/CC-NEWS-20260519224805-07968.warc.gz,2026-05-19T22:48:08Z
3050,170,2207,<urn:uuid:aea4c0cc-b355-472c-8ad4-adb3e0872bce>,https://www.cbsnews.com/losangeles/video/mother-reportedly-detained-by-federal-agents-near-north-hollywood-elementary-school/,2026-09-30 12:18:27.923426,https://data.commoncrawl.org/crawl-data/CC-NEWS/2026/05/CC-NEWS-20260520015302-07969.warc.gz,2026-05-20T01:53:12Z
3051,688,1128,<urn:uuid:3ef07e79-35b5-4fb8-99d9-46498c28015c>,https://www.vice.com/en/article/pokemon-winds-and-waves-price-revealed-and-its-expensive/,2026-09-30 12:18:27.923426,https://data.commoncrawl.org/crawl-data/CC-NEWS/2026/05/CC-NEWS-20260520015302-07969.warc.gz,2026-05-20T01:53:12Z
3055,2952,2219,<urn:uuid:ef569537-18cc-43f1-ab2e-0d381d6aae98>,https://www.apartmenttherapy.com/nate-berkus-candlesticks-tip-37554664,2026-09-30 12:18:30.933988,https://data.commoncrawl.org/crawl-data/CC-NEWS/2026/05/CC-NEWS-20260520063600-07971.warc.gz,2026-05-20T06:36:09Z
3056,2953,2218,<urn:uuid:51a494e7-229a-49f1-9af3-028526db5b5a>,https://www.corrieredicomo.it/quickwin-casino-des-gains-lightningfast-vous-atten/,2026-09-30 12:18:30.933988,https://data.commoncrawl.org/crawl-data/CC-NEWS/2026/05/CC-NEWS-20260520063600-07971.warc.gz,2026-05-20T06:36:09Z
3057,58,43,<urn:uuid:89d4182d-939d-4516-92c4-8e2dee5ac23e>,https://www.zeffy.com/en-GB/organizations/ribaiw,2026-09-30 12:18:30.933988,https://data.commoncrawl.org/crawl-data/CC-NEWS/2026/05/CC-NEWS-20260520063600-07971.warc.gz,2026-05-20T06:36:10Z
3062,101,2224,<urn:uuid:4d952c41-dce7-42de-93eb-a0dfb9922f4a>,https://www.kanw.org/npr-news/2026-05-18/heres-how-tuesdays-primary-elections-played-out,2026-09-30 12:18:32.930244,https://data.commoncrawl.org/crawl-data/CC-NEWS/2026/05/CC-NEWS-20260520042716-07970.warc.gz,2026-05-20T04:27:21Z
3063,96,67,<urn:uuid:b8e1c924-29be-4a40-a3b5-3d3f1239ed7b>,https://www.business-standard.com/amp/markets/capital-market-news/escorp-asset-management-standalone-net-profit-declines-93-30-in-the-march-2026-quarter-126052000164_1.html,2026-09-30 12:18:32.930244,https://data.commoncrawl.org/crawl-data/CC-NEWS/2026/05/CC-NEWS-20260520042716-07970.warc.gz,2026-05-20T04:27:21Z
3065,162,,<urn:uuid:dc7a5b37-4f8a-46be-86b1-ac72f5d5da1b>,https://www.lebanon24.com/news/breaking-news/1527656/%D8%B1%D8%A6%D9%8A%D8%B3%D8%A9-%D8%A7%D9%84%D9%85%D9%81%D9%88%D8%B6%D9%8A%D8%A9-%D8%A7%D9%84%D8%A3%D9%88%D8%B1%D9%88%D8%A8%D9%8A%D8%A9-%D8%A7%D8%AA%D9%81%D8%A7%D9%82-%D8%A7%D9%84%D8%A8%D8%B1%D9%84%D9%85%D8%A7%D9%86-%D9%88%D8%A7%D9%84%D9%85%D8%AC%D9%84%D8%B3-%D8%A7%D9%84%D8%A3%D9%88%D8%B1%D9%88%D8%A8%D9%8A-%D8%A8%D8%B4%D8%A3%D9%86-%D8%A7%D9%84%D8%A7%D8%AA%D9%81%D8%A7%D9%82,2026-09-30 12:18:32.938846,https://data.commoncrawl.org/crawl-data/CC-NEWS/2026/05/CC-NEWS-20260520081711-07972.warc.gz,2026-05-20T08:17:14Z
3066,890,,<urn:uuid:c38e119d-7e5a-4601-8e3f-dd14d3a10a0a>,https://lajmi.net/ne-peje-dhe-banje-te-istogut-gjate-patrullimeve-policia-gjen-dhe-sekuestron-arme-arrestohen-dy-persona/,2026-09-30 12:18:32.938846,https://data.commoncrawl.org/crawl-data/CC-NEWS/2026/05/CC-NEWS-20260520081711-07972.warc.gz,2026-05-20T08:17:15Z
3070,2966,2230,<urn:uuid:fbe73a4c-33f6-4774-b55a-5791c66dc46b>,https://egyptianstreets.com/2026/05/19/egypt-wants-fewer-stray-dogs-in-the-streets-with-rabies-free-plan/,2026-09-30 12:18:34.509387,https://data.commoncrawl.org/crawl-data/CC-NEWS/2026/05/CC-NEWS-20260520042716-07970.warc.gz,2026-05-20T04:27:21Z
3071,8,1039,<urn:uuid:b2e74c6b-a99c-4993-a06b-2bd253b3753f>,https://www.westernjournal.com/developing-virginia-dems-plotting-overthrow-entire-state-supreme-court-save-redistricting-scheme/?utm_source=facebook&utm_medium=rightalertspolls&utm_campaign=lminetwork&utm_content=2026-05-20,2026-09-30 12:18:34.513512,https://data.commoncrawl.org/crawl-data/CC-NEWS/2026/05/CC-NEWS-20260520081711-07972.warc.gz,2026-05-20T08:17:14Z
3075,28,2235,<urn:uuid:3a0fed85-6da4-4ed3-a976-5138a415852d>,https://timesofindia.indiatimes.com/india/nmc-icmr-plan-to-make-clinical-research-part-of-medical-training/articleshow/131222476.cms,2026-09-30 12:18:36.931945,https://data.commoncrawl.org/crawl-data/CC-NEWS/2026/05/CC-NEWS-20260520094458-07973.warc.gz,2026-05-20T09:45:03Z
3076,80,2234,<urn:uuid:d2cd98aa-4534-4426-84ea-24cbde5f51d9>,https://www.aljazeera.com/news/2026/5/20/at-least-87-gaza-aid-flotilla-activists-abducted-by-israel-on-hunger-strike,2026-09-30 12:18:36.931945,https://data.commoncrawl.org/crawl-data/CC-NEWS/2026/05/CC-NEWS-20260520094458-07973.warc.gz,2026-05-20T09:45:05Z
3077,397,677,<urn:uuid:d0a3a3a5-98ce-4a95-a6e2-361e4392c662>,https://exclusivepress.net/archives/167458,2026-09-30 12:18:36.931945,https://data.commoncrawl.org/crawl-data/CC-NEWS/2026/05/CC-NEWS-20260520094458-07973.warc.gz,2026-05-20T09:45:06Z
3080,190,705,<urn:uuid:6b3343f9-573d-4d4e-a97b-ab47a08eacb2>,https://www.dailysabah.com/arts/taiwan-travelogue-wins-international-booker-prize/news,2026-09-30 12:18:36.937011,https://data.commoncrawl.org/crawl-data/CC-NEWS/2026/05/CC-NEWS-20260520110350-07974.warc.gz,2026-05-20T11:03:55Z
3084,237,670,<urn:uuid:166c9c96-f44a-4004-ae08-f481e8241e44>,https://www.marketbeat.com/instant-alerts/filing-proshare-advisors-llc-grows-position-in-workday-inc-wday-2026-05-20/,2026-09-30 12:18:38.999167,https://data.commoncrawl.org/crawl-data/CC-NEWS/2026/05/CC-NEWS-20260520110350-07974.warc.gz,2026-05-20T11:03:55Z
3085,878,,<urn:uuid:f4ea241a-8619-40d3-87ba-8ace2d1fd5d6>,https://www.alwakeelnews.com/Section_1/%D8%A3%D8%AE%D8%A8%D8%A7%D8%B1-%D9%85%D8%AD%D9%84%D9%8A%D8%A9/%D8%A7%D9%84%D8%B5%D9%81%D8%AF%D9%8A-%D9%8A%D8%A8%D8%AD%D8%AB-%D8%A7%D9%84%D8%B9%D9%84%D8%A7%D9%82%D8%A7%D8%AA-%D8%A7%D9%84%D8%AB%D9%86%D8%A7%D8%A6%D9%8A%D8%A9-%D9%85%D8%B9-%D8%B1%D8%A6%D9%8A%D8%B3-%D8%A7%D9%84%D9%88%D8%B2%D8%B1%D8%A7%D8%A1-%D8%A7%D9%84%D8%A5%D9%8A%D8%B1%D9%84%D9%86%D8%AF%D9%8A_774737,2026-09-30 12:18:38.999167,https://data.commoncrawl.org/crawl-data/CC-NEWS/2026/05/CC-NEWS-20260520110350-07974.warc.gz,2026-05-20T11:03:56Z
3087,390,2243,<urn:uuid:341d6b17-2e29-430a-8f74-bef8a60d6c48>,https://www.globenewswire.com/news-release/2026/05/20/3298428/0/en/Madrigal-to-Present-New-Data-from-the-Company-s-MASH-Program-at-EASL-2026-Demonstrating-the-Effects-of-Rezdiffra-on-Markers-of-Cardiovascular-and-Portal-Hypertension-Risk.html,2026-09-30 12:18:39.008699,https://data.commoncrawl.org/crawl-data/CC-NEWS/2026/05/CC-NEWS-20260520122234-07975.warc.gz,2026-05-20T12:22:37Z
3088,58,43,<urn:uuid:d3aeb1f9-a7a0-4750-a4a6-73022ed2500d>,https://www.zeffy.com/en-US/organizations/no-thumbs-rescue,2026-09-30 12:18:39.008699,https://data.commoncrawl.org/crawl-data/CC-NEWS/2026/05/CC-NEWS-20260520122234-07975.warc.gz,2026-05-20T12:22:38Z
3092,30,,<urn:uuid:858179d0-3252-4267-a21c-8edaa2bf73b7>,https://www.elbalad.news/6977967,2026-09-30 12:18:40.797259,https://data.commoncrawl.org/crawl-data/CC-NEWS/2026/05/CC-NEWS-20260520122234-07975.warc.gz,2026-05-20T12:22:39Z
3094,775,2249,<urn:uuid:e0569af9-60f1-41f3-97a2-a567f87d65e8>,https://www.zonebourse.com/actualite-bourse/avio-remonte-la-pente-ce7f5ad8d08cff27,2026-09-30 12:18:40.802636,https://data.commoncrawl.org/crawl-data/CC-NEWS/2026/05/CC-NEWS-20260520133953-07976.warc.gz,2026-05-20T13:39:53Z
3095,776,2251,<urn:uuid:8ef37dae-aad4-45fe-9227-ded7fddd83cb>,https://www.gadgets360.com/audio/news/lenovo-legion-y960-price-launch-availability-specifications-features-11522639,2026-09-30 12:18:40.802636,https://data.commoncrawl.org/crawl-data/CC-NEWS/2026/05/CC-NEWS-20260520133953-07976.warc.gz,2026-05-20T13:39:53Z
3099,775,2253,<urn:uuid:521fb6db-fb53-44d8-a331-918363117af8>,https://www.zonebourse.com/actualite-bourse/bayer-peut-il-encore-guerir--ce7f5ad8d08df120,2026-09-30 12:18:42.566755,https://data.commoncrawl.org/crawl-data/CC-NEWS/2026/05/CC-NEWS-20260520133953-07976.warc.gz,2026-05-20T13:39:56Z
3101,19,2255,<urn:uuid:c63bfe09-cf0e-49ab-b012-19bf0948ab3f>,https://www.echoroukonline.com/%D8%BA%D9%88%D8%A7%D8%B1%D8%AF%D9%8A%D9%88%D9%84%D8%A7-%D9%8A%D8%AB%D9%8A%D8%B1-%D8%A7%D9%84%D8%BA%D9%85%D9%88%D8%B6-%D8%A8%D8%AE%D8%B5%D9%88%D8%B5-%D9%85%D8%B3%D8%AA%D9%82%D8%A8%D9%84%D9%87-%D9%85,2026-09-30 12:18:42.574125,https://data.commoncrawl.org/crawl-data/CC-NEWS/2026/05/CC-NEWS-20260520145940-07977.warc.gz,2026-05-20T14:59:43Z
3102,1500,1074,<urn:uuid:ec5a0a5b-e724-4057-b307-56b69583eb4f>,https://magicbaltimore.com/5418905/ketanji-brown-jackson-voting-rights-ruling/,2026-09-30 12:18:42.574125,https://data.commoncrawl.org/crawl-data/CC-NEWS/2026/05/CC-NEWS-20260520145940-07977.warc.gz,2026-05-20T14:59:44Z
3106,714,2259,<urn:uuid:7b6b26ce-2776-4306-a911-09adb9afca29>,https://www.ndtv.com/india-news/congress-to-join-vijay-cabinet-share-power-in-tamil-nadu-after-59-years-11523779,2026-09-30 12:18:44.337016,https://data.commoncrawl.org/crawl-data/CC-NEWS/2026/05/CC-NEWS-20260520145940-07977.warc.gz,2026-05-20T14:59:44Z
3107,23,2260,<urn:uuid:faf2dcf3-d5a0-4ed9-97fd-6d9350d92eb0>,https://africa.espn.com/rugby/story/_/id/48824271/waratahs-refuse-risk-joseph-aukuso-suaalii-win-super-rugby-pacific-clash,2026-09-30 12:18:44.341585,https://data.commoncrawl.org/crawl-data/CC-NEWS/2026/05/CC-NEWS-20260520161148-07978.warc.gz,2026-05-20T16:11:52Z
3108,9,2262,<urn:uuid:daa262b8-9586-4dd1-a2ad-4489648ee7c3>,https://www.goal.com/en-za/news/brazil-vs-morocco-world-cup-tickets/blt5e73fc2919c81f44,2026-09-30 12:18:44.341585,https://data.commoncrawl.org/crawl-data/CC-NEWS/2026/05/CC-NEWS-20260520161148-07978.warc.gz,2026-05-20T16:11:55Z
3109,782,2261,<urn:uuid:8968866f-a7ee-496a-a3d6-3a237fdd9888>,https://theequity.ca/quyon-notes-13/,2026-09-30 12:18:44.341585,https://data.commoncrawl.org/crawl-data/CC-NEWS/2026/05/CC-NEWS-20260520161148-07978.warc.gz,2026-05-20T16:11:57Z
3112,3007,2264,<urn:uuid:b276e49b-e1c3-4fb4-a251-6d0ead38aef1>,https://www.jns.org/opinion/greg-kosinovsky/the-new-york-times-and-the-revival-of-the-desecration-of-hosts-libel,2026-09-30 12:18:44.346807,https://data.commoncrawl.org/crawl-data/CC-NEWS/2026/05/CC-NEWS-20260520173249-07979.warc.gz,2026-05-20T17:32:51Z
3113,58,43,<urn:uuid:133f0618-df26-410c-9254-f9a03005ed7d>,https://www.zeffy.com/fr-CA/ticketing/la-fabrique-jeunesse,2026-09-30 12:18:46.142573,https://data.commoncrawl.org/crawl-data/CC-NEWS/2026/05/CC-NEWS-20260520173249-07979.warc.gz,2026-05-20T17:32:51Z
3114,1470,1045,<urn:uuid:46c9badf-e13e-493f-a58c-ea95736f0d90>,https://www.la-croix.com/a-vif/la-methode-notre-dame-risque-d-aggraver-le-desequilibre-entre-les-citoyens-et-letat-20260520,2026-09-30 12:18:46.142573,https://data.commoncrawl.org/crawl-data/CC-NEWS/2026/05/CC-NEWS-20260520173249-07979.warc.gz,2026-05-20T17:32:51Z
3123,618,1236,<urn:uuid:4f33ae2e-2616-4d84-ac68-b40e81a1f2da>,https://www.livemint.com/companies/openai-aiming-for-speedy-ipo-source-says-as-market-awaits-spacex-filing-11779301812728.html,2026-09-30 12:18:47.897388,https://data.commoncrawl.org/crawl-data/CC-NEWS/2026/05/CC-NEWS-20260520190831-07980.warc.gz,2026-05-20T19:08:37Z
3130,3027,2280,<urn:uuid:cb4e2aa6-d8c9-4a3a-97b2-d155cd5cf365>,https://therepublicofletters.substack.com/p/a-tour-of-the-fantasy-world-of-the,2026-09-30 12:18:49.609004,https://data.commoncrawl.org/crawl-data/CC-NEWS/2026/05/CC-NEWS-20260520190831-07980.warc.gz,2026-05-20T19:08:37Z
3131,204,2279,<urn:uuid:ee3ef237-c59a-42d2-b62f-df79d79605ff>,https://www.einpresswire.com/article/913878025/new-novel-witch-of-the-red-skies-by-megan-edwards-draws-readers-into-epic-fantasy-and-poignant-self-discovery,2026-09-30 12:18:49.609004,https://data.commoncrawl.org/crawl-data/CC-NEWS/2026/05/CC-NEWS-20260520190831-07980.warc.gz,2026-05-20T19:08:38Z
3133,3029,2281,<urn:uuid:3fce609a-a646-4fc3-aafe-e994082ecf0d>,https://www.northernpublicradio.org/2026-05-20/rfk-jr-fires-two-leaders-of-preventive-health-panel,2026-09-30 12:18:49.615211,https://data.commoncrawl.org/crawl-data/CC-NEWS/2026/05/CC-NEWS-20260520210559-07981.warc.gz,2026-05-20T21:06:05Z
3134,242,2282,<urn:uuid:ccb8eeca-6111-4aa3-8ace-e24f1e2e5d82>,https://www.okaz.com.sa/variety/na/2249567,2026-09-30 12:18:49.615211,https://data.commoncrawl.org/crawl-data/CC-NEWS/2026/05/CC-NEWS-20260520210559-07981.warc.gz,2026-05-20T21:06:06Z
3136,798,,<urn:uuid:70d55589-fe90-4767-9616-1e8f01a19ab0>,https://rss.app/pt/rss-feed/truthsocial-rss-feed,2026-09-30 12:18:49.61891,https://data.commoncrawl.org/crawl-data/CC-NEWS/2026/05/CC-NEWS-20260520230706-07982.warc.gz,2026-05-20T23:07:14Z
3137,121,2283,<urn:uuid:17f2d388-f9d1-4f3f-a599-f9d3ec7a4712>,https://www.si.com/mlb/mets/onsi/jonah-tong-getting-new-opportunity-mets-rotation-soon-01ks3gxcepbr,2026-09-30 12:18:49.61891,https://data.commoncrawl.org/crawl-data/CC-NEWS/2026/05/CC-NEWS-20260520230706-07982.warc.gz,2026-05-20T23:07:16Z
3138,47,2284,<urn:uuid:1e8e9073-c693-4171-9811-48f2b6c3b942>,https://www.ctpublic.org/2026-05-20/the-u-s-threatens-to-revoke-the-palestinian-u-n-ambassadors-visa,2026-09-30 12:18:51.125862,https://data.commoncrawl.org/crawl-data/CC-NEWS/2026/05/CC-NEWS-20260520210559-07981.warc.gz,2026-05-20T21:06:12Z
3139,797,2285,<urn:uuid:931086ce-4df2-4739-92f1-ff14e74c06d0>,https://www.afl.com.au/news/1523369/foxtel-to-unveil-pendles-cam-for-milestone-match,2026-09-30 12:18:51.129765,https://data.commoncrawl.org/crawl-data/CC-NEWS/2026/05/CC-NEWS-20260520230706-07982.warc.gz,2026-05-20T23:07:16Z
3144,3039,2288,<urn:uuid:b454329d-17d4-4c6e-9ef3-74c99a3463f3>,https://www.verdict.co.uk/anthropic-adds-sandbox-mcp-tunnel-features-to-claude-platform/,2026-09-30 12:18:54.274527,https://data.commoncrawl.org/crawl-data/CC-NEWS/2026/05/CC-NEWS-20260521015358-07983.warc.gz,2026-05-21T01:54:03Z
3145,8,462,<urn:uuid:1c3bfb1a-beaf-4046-98f0-15df703ee7d9>,https://www.westernjournal.com/americas-neighbor-literally-cannot-tell-red-flag-law-works/?utm_source=facebook&utm_medium=conservativeupdate&utm_campaign=cuwjpost&utm_content=2026-05-20,2026-09-30 12:18:54.274527,https://data.commoncrawl.org/crawl-data/CC-NEWS/2026/05/CC-NEWS-20260521015358-07983.warc.gz,2026-05-21T01:54:02Z
3149,281,821,<urn:uuid:f80a389d-1de4-4995-b6b4-4398c3e07107>,https://www.wbjb.org/2026-05-21/ebola-fears-surge-on-the-ground-in-congo-over-rapid-spread-of-a-rare-type,2026-09-30 12:18:54.282014,https://data.commoncrawl.org/crawl-data/CC-NEWS/2026/05/CC-NEWS-20260521065333-07985.warc.gz,2026-05-21T06:53:42Z
3150,2205,,<urn:uuid:533b3ef9-c153-4cd8-af81-6521da809db9>,https://www.shorelineareanews.com/2026/05/destinations-55th-annual-northwest.html,2026-09-30 12:18:54.282014,https://data.commoncrawl.org/crawl-data/CC-NEWS/2026/05/CC-NEWS-20260521065333-07985.warc.gz,2026-05-21T06:53:42Z
3151,3044,2293,<urn:uuid:a7cce852-4b70-41ad-8b8c-ef32693d8bac>,https://cyprus-mail.com/2026/05/21/975242,2026-09-30 12:18:54.282014,https://data.commoncrawl.org/crawl-data/CC-NEWS/2026/05/CC-NEWS-20260521065333-07985.warc.gz,2026-05-21T06:53:42Z
3152,205,,<urn:uuid:a8aa5405-4370-45e6-acd5-81a3a292ac39>,https://www.wired-gov.net/wg/news.nsf/articles/knife+robberies+down+by+more+than+a+fifth+20052026110500?open,2026-09-30 12:18:56.558291,https://data.commoncrawl.org/crawl-data/CC-NEWS/2026/05/CC-NEWS-20260521015358-07983.warc.gz,2026-05-21T01:54:06Z
3153,1511,2296,<urn:uuid:7d0cde5c-3485-429e-913d-dd6cff70d66e>,https://www.kpcw.org/npr-news/2026-05-20/liberal-u-s-mayors-team-up-with-european-counterparts-to-fight-authoritarianism,2026-09-30 12:18:56.56754,https://data.commoncrawl.org/crawl-data/CC-NEWS/2026/05/CC-NEWS-20260521044517-07984.warc.gz,2026-05-21T04:45:19Z
3154,3049,2297,<urn:uuid:d5e5004f-314a-4a16-96d8-5e3a3bb7dfd3>,https://en.kurdpress.com/news/160601/Ali-al-Zaidi-the-youngest-prime-minister-of-Iraq-was-appointed,2026-09-30 12:18:56.56754,https://data.commoncrawl.org/crawl-data/CC-NEWS/2026/05/CC-NEWS-20260521044517-07984.warc.gz,2026-05-21T04:45:20Z
3155,219,149,<urn:uuid:27c415d6-4d2e-4574-a51e-e68e10405691>,https://www.dtnext.in/news/chennai/cleanliness-workers-put-pressure-on-cm-vijay-to-fulfil-poll-promises,2026-09-30 12:18:56.56754,https://data.commoncrawl.org/crawl-data/CC-NEWS/2026/05/CC-NEWS-20260521044517-07984.warc.gz,2026-05-21T04:45:22Z
3157,74,,<urn:uuid:fb18157f-f21c-42fe-8d4b-dbf571fb2c26>,https://www.newsbytesapp.com/news/india/nta-introduces-major-neet-2026-re-exam-updates-to-restore-trust/tldr,2026-09-30 12:18:56.572246,https://data.commoncrawl.org/crawl-data/CC-NEWS/2026/05/CC-NEWS-20260521083120-07986.warc.gz,2026-05-21T08:31:23Z
3158,8,2299,<urn:uuid:b1636a7a-ae60-4e71-b9e6-ac81e6bd0945>,https://www.westernjournal.com/video-aoc-wheels-political-prop-never-seen-bulletproof-barrier-giant-problem/?utm_source=facebook&utm_medium=jeffersonnewsletter&utm_campaign=lminetwork&utm_content=2026-05-21,2026-09-30 12:18:56.572246,https://data.commoncrawl.org/crawl-data/CC-NEWS/2026/05/CC-NEWS-20260521083120-07986.warc.gz,2026-05-21T08:31:23Z
3159,1,3,<urn:uuid:fbadaab2-9e42-4c1a-a9d3-cea6f8a71a9a>,https://menafn.com/1111130758/GMR-Solutions-Inc-Announces-Ratings-Upgrade-And-Debt-Reduction,2026-09-30 12:18:58.123275,https://data.commoncrawl.org/crawl-data/CC-NEWS/2026/05/CC-NEWS-20260521083120-07986.warc.gz,2026-05-21T08:31:28Z
3168,555,,<urn:uuid:751df993-f22a-4fd5-87dc-e4a762aa7bf7>,https://kz.kinoafisha.info/en/ekibastuz/movies/8377215/2026-05-25/,2026-09-30 12:18:59.935834,https://data.commoncrawl.org/crawl-data/CC-NEWS/2026/05/CC-NEWS-20260521095519-07987.warc.gz,2026-05-21T09:55:21Z
3171,166,,<urn:uuid:8785beb6-1eca-481b-b381-142c6006ac9f>,https://www.indiainfoline.com/company/hindalco-industries-ltd/options/28-07-2026-pe-1040,2026-09-30 12:18:59.942206,https://data.commoncrawl.org/crawl-data/CC-NEWS/2026/05/CC-NEWS-20260521111516-07988.warc.gz,2026-05-21T11:15:17Z
3174,1980,1447,<urn:uuid:dff47e82-fdce-4e1b-9839-8f2a5851620e>,https://women.okezone.com/read/2026/05/21/482/3219893/alasan-who-tetapkan-virus-ebola-sebagai-darurat-kesehatan-global-ini-cara-penularannya,2026-09-30 12:18:59.947781,https://data.commoncrawl.org/crawl-data/CC-NEWS/2026/05/CC-NEWS-20260521123211-07989.warc.gz,2026-05-21T12:32:13Z
3175,3070,2314,<urn:uuid:5cb13808-2b66-43af-b06d-2c50a05ea46b>,https://www.kunm.org/npr-news/2026-05-21/spencer-pratt-is-winning-the-internet-but-can-he-become-mayor-of-los-angeles,2026-09-30 12:19:01.369301,https://data.commoncrawl.org/crawl-data/CC-NEWS/2026/05/CC-NEWS-20260521095519-07987.warc.gz,2026-05-21T09:55:22Z
3176,942,1483,<urn:uuid:ac1c4f98-8136-4206-a09f-586a531743c9>,https://news.prairiepublic.org/2026-05-21/morning-news-brief,2026-09-30 12:19:01.369301,https://data.commoncrawl.org/crawl-data/CC-NEWS/2026/05/CC-NEWS-20260521095519-07987.warc.gz,2026-05-21T09:55:22Z
3177,863,2316,<urn:uuid:de7ac83c-ffe4-487d-8b8f-da0d09a94d35>,https://sa.headtopics.com/news/7311511497101105486-83475204,2026-09-30 12:19:01.376514,https://data.commoncrawl.org/crawl-data/CC-NEWS/2026/05/CC-NEWS-20260521111516-07988.warc.gz,2026-05-21T11:15:18Z
3178,1400,2315,<urn:uuid:3e8c4e13-82f3-4188-9235-f562ffb64947>,https://www.wusf.org/2026-05-21/researchers-say-the-trump-administration-is-finding-new-ways-to-punish-science,2026-09-30 12:19:01.376514,https://data.commoncrawl.org/crawl-data/CC-NEWS/2026/05/CC-NEWS-20260521111516-07988.warc.gz,2026-05-21T11:15:19Z
3182,98,,<urn:uuid:c63701b5-213f-48ff-b7d6-4d3c053108c7>,https://www.wionews.com/india-news/late-may-snowfall-blankets-tulail-drass-and-zojila-as-rain-batters-kashmir-valley-1779363824365,2026-09-30 12:19:03.292679,https://data.commoncrawl.org/crawl-data/CC-NEWS/2026/05/CC-NEWS-20260521123211-07989.warc.gz,2026-05-21T12:32:15Z
3185,1444,2321,<urn:uuid:891e25a5-cc75-48f0-9be8-bbf9a0b828ab>,https://www.businessday.co.za/sport/rugby/2026-05-21-stonehouse-adds-his-voice-to-calls-for-sa-cup-to-be-scrapped/,2026-09-30 12:19:03.300882,https://data.commoncrawl.org/crawl-data/CC-NEWS/2026/05/CC-NEWS-20260521134157-07990.warc.gz,2026-05-21T13:42:01Z
3188,12,681,<urn:uuid:56a5ed9d-6c89-4693-89c6-d96fe7a6e488>,https://www.rotowire.com/football/headlines/nolan-smith-news-arrested-on-speeding-charges-630945,2026-09-30 12:19:03.306461,https://data.commoncrawl.org/crawl-data/CC-NEWS/2026/05/CC-NEWS-20260521150026-07991.warc.gz,2026-05-21T15:00:32Z
3189,3083,2324,<urn:uuid:b102eef8-0d25-4e6a-ae03-45de3e1ff1f6>,https://www.wsbradio.com/news/local/world-cup-crowds-could-bring-temporary-jail-policy-changes-fulton-county/5AGI62RS6ZDI7PUKOKCM6K7D2A/,2026-09-30 12:19:05.537046,https://data.commoncrawl.org/crawl-data/CC-NEWS/2026/05/CC-NEWS-20260521123211-07989.warc.gz,2026-05-21T12:32:15Z
3190,579,2325,<urn:uuid:8f367d24-35af-4c86-9051-e8617d2687c1>,https://www.the-express.com/lifestyle/life/207837/tesla-cybertruck-sinks-texas-lake-during-wade-mode-test,2026-09-30 12:19:05.541939,https://data.commoncrawl.org/crawl-data/CC-NEWS/2026/05/CC-NEWS-20260521134157-07990.warc.gz,2026-05-21T13:42:01Z
3191,3084,,<urn:uuid:724b885f-fe23-4ebf-927e-9b95743ad4c5>,https://www.businessgreen.com/news/4530077/chancellor-announces-kids-free-summer-bus-scheme,2026-09-30 12:19:05.541939,https://data.commoncrawl.org/crawl-data/CC-NEWS/2026/05/CC-NEWS-20260521134157-07990.warc.gz,2026-05-21T13:42:01Z
3192,824,2322,<urn:uuid:d69fed5b-0be2-4c08-a147-62e5abf8adaa>,https://en.abna24.com/news/1811702/Head-of-Global-Union-of-Resistance-Scholars-Trump-has-fallen,2026-09-30 12:19:05.545868,https://data.commoncrawl.org/crawl-data/CC-NEWS/2026/05/CC-NEWS-20260521150026-07991.warc.gz,2026-05-21T15:00:33Z
3193,12,681,<urn:uuid:7530c19c-e2b0-4624-b4bb-f270842fab3c>,https://www.rotowire.com/soccer/headlines/chris-richards-injury-out-for-season-finale-517260,2026-09-30 12:19:05.545868,https://data.commoncrawl.org/crawl-data/CC-NEWS/2026/05/CC-NEWS-20260521150026-07991.warc.gz,2026-05-21T15:00:39Z
3203,828,,<urn:uuid:94a91037-9796-435d-b32f-d8308c026451>,https://www.wsoctv.com/sports/2-time-nascar/U44XMBZ3FQ4ZXKXDUWJPHASBXI/,2026-09-30 12:19:08.887418,https://data.commoncrawl.org/crawl-data/CC-NEWS/2026/05/CC-NEWS-20260521162356-07992.warc.gz,2026-05-21T16:23:59Z
3204,373,2333,<urn:uuid:398d9da3-e622-45d4-80ff-5663f43c4eee>,https://www.wftv.com/sports/berlin-oks-bid/CK7RN2W4BM4BLA6N4JCJ2YNY2Y/,2026-09-30 12:19:08.887418,https://data.commoncrawl.org/crawl-data/CC-NEWS/2026/05/CC-NEWS-20260521162356-07992.warc.gz,2026-05-21T16:23:59Z
3205,3097,2334,<urn:uuid:4d405113-b018-4455-b0f4-e0e240a3121e>,https://theazb.com/dr-essa-lab-organises-marka-e-haq-rally-to-promote-patriotism-and-national-unity/?utm_source=rss&utm_medium=rss&utm_campaign=dr-essa-lab-organises-marka-e-haq-rally-to-promote-patriotism-and-national-unity,2026-09-30 12:19:08.887418,https://data.commoncrawl.org/crawl-data/CC-NEWS/2026/05/CC-NEWS-20260521162356-07992.warc.gz,2026-05-21T16:23:59Z
3207,3102,2336,<urn:uuid:4cc2a64e-139c-4524-ae9c-ae0ce4cdf685>,https://www.unilad.com/film-and-tv/yogurt-shop-murders-hbo-doc-robert-eugene-brashers-daughter-265416-20260521,2026-09-30 12:19:08.892801,https://data.commoncrawl.org/crawl-data/CC-NEWS/2026/05/CC-NEWS-20260521175224-07993.warc.gz,2026-05-21T17:52:27Z
3208,2,660,<urn:uuid:40cbba81-9efa-4ce2-ab6d-683ed4879273>,https://www.bizcommunity.com/article/why-south-african-music-creators-are-losing-money-what-samro-is-doing-about-it-390078a,2026-09-30 12:19:08.892801,https://data.commoncrawl.org/crawl-data/CC-NEWS/2026/05/CC-NEWS-20260521175224-07993.warc.gz,2026-05-21T17:52:27Z
3211,3103,2339,<urn:uuid:bd615c84-f647-4775-bb08-2d6c4d5d39f4>,https://bitcoinist.com/evernorth-rlusd-not-an-xrp-killer/,2026-09-30 12:19:08.8973,https://data.commoncrawl.org/crawl-data/CC-NEWS/2026/05/CC-NEWS-20260521192608-07994.warc.gz,2026-05-21T19:26:10Z
3212,58,43,<urn:uuid:920dd07b-06dc-4989-a535-c2a8c151c115>,https://www.zeffy.com/en-US/ticketing/mindful-well-cdc-annual-raffle--2026,2026-09-30 12:19:10.389791,https://data.commoncrawl.org/crawl-data/CC-NEWS/2026/05/CC-NEWS-20260521175224-07993.warc.gz,2026-05-21T17:52:27Z
3213,705,2342,<urn:uuid:d9a5ca90-8646-49b0-80dd-6343dceb91b2>,https://www.hppr.org/npr-news/2026-05-21/abortion-pills-just-in-case-planned-parenthood-will-offer-them-in-two-states,2026-09-30 12:19:10.393842,https://data.commoncrawl.org/crawl-data/CC-NEWS/2026/05/CC-NEWS-20260521192608-07994.warc.gz,2026-05-21T19:26:11Z
3214,222,,<urn:uuid:69a8d515-7d92-459d-aa69-6eb4c22abbe2>,https://www.boisestatepublicradio.org/2026-05-21/commencement-speakers-are-talking-about-ai-graduating-students-dont-want-to-hear-it,2026-09-30 12:19:10.393842,https://data.commoncrawl.org/crawl-data/CC-NEWS/2026/05/CC-NEWS-20260521192608-07994.warc.gz,2026-05-21T19:26:12Z
3226,3120,,<urn:uuid:49431591-7b66-439f-809c-0057c4ba4c67>,https://www.nnafoundation.org/the-spring-makeover-event,2026-09-30 12:19:12.197231,https://data.commoncrawl.org/crawl-data/CC-NEWS/2026/05/CC-NEWS-20260522024824-07997.warc.gz,2026-05-22T02:48:27Z
3227,307,2352,<urn:uuid:64948c7d-d8f3-4f52-8dcd-a6cafd113bbf>,https://tribune.net.ph/2026/05/21/ltfrb-ends-passenger-discount-program-as-funds-run-dry,2026-09-30 12:19:13.917957,https://data.commoncrawl.org/crawl-data/CC-NEWS/2026/05/CC-NEWS-20260521213147-07995.warc.gz,2026-05-21T21:31:51Z
3228,11,2353,<urn:uuid:0a8ced1b-3a79-418f-9fcb-c96e58d79721>,https://www.ypradio.org/2026-05-21/after-nearly-a-year-at-sea-the-uss-ford-finally-comes-home,2026-09-30 12:19:13.917957,https://data.commoncrawl.org/crawl-data/CC-NEWS/2026/05/CC-NEWS-20260521213147-07995.warc.gz,2026-05-21T21:31:51Z
3229,3121,2351,<urn:uuid:eea2b194-4b3c-4091-b21c-1eec65360e19>,https://www.highereddive.com/news/entry-level-productivity-expectations-increased-ai/820776/,2026-09-30 12:19:13.917957,https://data.commoncrawl.org/crawl-data/CC-NEWS/2026/05/CC-NEWS-20260521213147-07995.warc.gz,2026-05-21T21:31:53Z
3232,155,1154,<urn:uuid:e09594e2-b7f1-4cab-a673-a40abb0045d1>,https://www.wsbtv.com/news/trending/kyle-busch-two-time-nascar-series-champion-dies-41/T3Q3PGZCE5DBLBSKLTC4QTOU4Y/,2026-09-30 12:19:13.92289,https://data.commoncrawl.org/crawl-data/CC-NEWS/2026/05/CC-NEWS-20260522000246-07996.warc.gz,2026-05-22T00:02:49Z
3233,3127,2357,<urn:uuid:2cf1cc03-0ee5-4478-868d-dceaf242b6fd>,https://ar.abna24.com/news/1805367/%D8%A7%D9%84%D8%B9%D8%AA%D8%A8%D8%A9-%D8%A7%D9%84%D8%B9%D9%84%D9%88%D9%8A%D8%A9-%D8%AA%D9%86%D8%B8%D9%85-%D8%AF%D9%88%D8%B1%D8%A9-%D8%AD%D9%88%D9%84-%D9%85%D9%81%D9%87%D9%88%D9%85-%D8%A3%D8%AE%D9%84%D8%A7%D9%82%D9%8A%D8%A7%D8%AA-%D8%A7%D9%84%D9%85%D9%87%D9%86%D8%A9-%D9%88%D8%A3%D8%AB%D8%B1%D9%87%D8%A7-%D9%81%D9%8A,2026-09-30 12:19:13.926868,https://data.commoncrawl.org/crawl-data/CC-NEWS/2026/05/CC-NEWS-20260522024824-07997.warc.gz,2026-05-22T02:48:27Z
3234,1492,1063,<urn:uuid:e045ff36-1115-44d9-b359-4c3414cf3435>,https://www.k991fm.com/news/local/shes-fighter-community-gathers-pray-teen-burned-during-school-science-experiment/6DIO4DDGO5BEZEECAOY2QBIQWE/,2026-09-30 12:19:13.926868,https://data.commoncrawl.org/crawl-data/CC-NEWS/2026/05/CC-NEWS-20260522024824-07997.warc.gz,2026-05-22T02:48:28Z
3235,330,821,<urn:uuid:80b34aeb-3e6f-4af8-83c0-2279b673d552>,https://www.klcc.org/npr-news/2026-05-21/nascar-superstar-kyle-busch-dies-at-41-after-hospitalization-with-severe-illness,2026-09-30 12:19:15.777675,https://data.commoncrawl.org/crawl-data/CC-NEWS/2026/05/CC-NEWS-20260522000246-07996.warc.gz,2026-05-22T00:02:51Z
3236,333,2358,<urn:uuid:2494e4e7-5521-465a-93c7-56ebc41532c6>,https://www.essentiallysports.com/ncaa-college-football-news-ryan-days-ohio-state-spending-leaves-major-sec-powerhouse-behind-in-new-ninty-six-four-m-report-alabama/,2026-09-30 12:19:15.777675,https://data.commoncrawl.org/crawl-data/CC-NEWS/2026/05/CC-NEWS-20260522000246-07996.warc.gz,2026-05-22T00:02:51Z
3243,607,2365,<urn:uuid:79bf647f-22f9-4992-affb-81ef0050b867>,https://www.football365.fr/om-cest-du-vent-riolo-brise-le-mythe-rabiot-10296279.html,2026-09-30 12:19:17.330144,https://data.commoncrawl.org/crawl-data/CC-NEWS/2026/05/CC-NEWS-20260522053214-07998.warc.gz,2026-05-22T05:32:18Z
3244,3138,2366,<urn:uuid:ace2e8ca-ce14-42d1-ae18-cc5853b6465a>,https://www.melty.fr/divers/moustiques-voici-lodeur-quils-detestent-le-plus-au-monde-selon-la-science-et-vous-lavez-chez-vous-2318721.html,2026-09-30 12:19:17.330144,https://data.commoncrawl.org/crawl-data/CC-NEWS/2026/05/CC-NEWS-20260522053214-07998.warc.gz,2026-05-22T05:32:18Z
3245,2015,821,<urn:uuid:fc46c44d-530f-4e8a-aa55-fafbe19a8198>,https://www.wyomingpublicmedia.org/2026-05-21/rubio-doubtful-of-diplomacy-with-cuba-as-trump-raises-new-threat-of-military-action,2026-09-30 12:19:17.330144,https://data.commoncrawl.org/crawl-data/CC-NEWS/2026/05/CC-NEWS-20260522053214-07998.warc.gz,2026-05-22T05:32:19Z
3246,3141,2370,<urn:uuid:a42b3507-4835-4fc1-a6f1-3cd1b74f2fec>,https://cedarnews.net/%D8%A3%D8%B3%D8%B1%D8%A7%D8%B1/925495/%D9%85%D9%82%D8%B9%D8%AF-%D9%86%D9%8A%D8%A7%D8%A8%D9%8A-%D8%B4%D8%A7%D8%BA%D8%B1/,2026-09-30 12:19:17.337977,https://data.commoncrawl.org/crawl-data/CC-NEWS/2026/05/CC-NEWS-20260522072415-07999.warc.gz,2026-05-22T07:24:17Z
3247,149,2368,<urn:uuid:1e15d01d-8622-4337-9d2a-c2589c02b0f1>,https://www.closermag.fr/people/flavie-flament-decue-et-trahie-lecho-tres-particulier-des-mots-de-son-fils-antoine-3637658,2026-09-30 12:19:17.337977,https://data.commoncrawl.org/crawl-data/CC-NEWS/2026/05/CC-NEWS-20260522072415-07999.warc.gz,2026-05-22T07:24:17Z
3248,263,2369,<urn:uuid:3512ecf9-c8b0-460e-929b-2573cb653b2d>,https://arynews.tv/donald-trump-issues-cryptic-warning-to-stephen-colbert-ahead-of-final-late-show-episode,2026-09-30 12:19:17.337977,https://data.commoncrawl.org/crawl-data/CC-NEWS/2026/05/CC-NEWS-20260522072415-07999.warc.gz,2026-05-22T07:24:17Z
3253,180,,<urn:uuid:c0ddeed0-4036-4465-ac92-b07ffd05ef87>,https://www.knkx.org/calendar/event/kiki-valera-y-su-son-cubano-29-04-2026-17-04-51,2026-09-30 12:19:19.193174,https://data.commoncrawl.org/crawl-data/CC-NEWS/2026/05/CC-NEWS-20260522090159-08000.warc.gz,2026-05-22T09:02:02Z
3254,13,,<urn:uuid:7ea61ae9-c586-4ea0-b13b-cedb81428bea>,https://www.finanznachrichten.de/nachrichten-2026-05/68570046-amundi-msci-world-information-technology-ucits-etf-usd-acc-net-asset-value-s-015.htm,2026-09-30 12:19:19.193174,https://data.commoncrawl.org/crawl-data/CC-NEWS/2026/05/CC-NEWS-20260522090159-08000.warc.gz,2026-05-22T09:02:03Z
3257,3151,2376,<urn:uuid:80f667d1-2302-434c-beb4-4246275ba50f>,https://recentlyheard.com/attorney-general-dave-sunday-appeals-decision-overturning-pa-s-ban-on-medicaid-funded-abortion-pennsylvania-capital-star/,2026-09-30 12:19:19.199097,https://data.commoncrawl.org/crawl-data/CC-NEWS/2026/05/CC-NEWS-20260522102707-08001.warc.gz,2026-05-22T10:27:10Z
3261,96,67,<urn:uuid:674aa8c6-4f32-4e97-ab6b-3751f525d9af>,https://www.business-standard.com/markets/capital-market-news/rbl-bank-ltd-up-for-third-straight-session-126052200764_1.html,2026-09-30 12:19:20.632888,https://data.commoncrawl.org/crawl-data/CC-NEWS/2026/05/CC-NEWS-20260522090159-08000.warc.gz,2026-05-22T09:02:04Z
3262,887,2382,<urn:uuid:b2504ffa-4ae1-462c-b09f-ee231f209f08>,https://us.headtopics.com/news/taylor-sheridan-s-tv-universe-continues-to-thrive-despite-83641049,2026-09-30 12:19:20.638656,https://data.commoncrawl.org/crawl-data/CC-NEWS/2026/05/CC-NEWS-20260522102707-08001.warc.gz,2026-05-22T10:27:11Z
3263,3156,2381,<urn:uuid:cf08fa2a-3e9f-4f5a-a01b-2d79746e6e04>,https://www.hawaiipublicradio.org/national-international/2026-05-21/stephen-colberts-late-show-ends-with-a-swan-song-and-a-giant-wormhole,2026-09-30 12:19:20.638656,https://data.commoncrawl.org/crawl-data/CC-NEWS/2026/05/CC-NEWS-20260522102707-08001.warc.gz,2026-05-22T10:27:11Z
3264,306,207,<urn:uuid:794557f4-f587-4477-a707-2849fd5cf054>,https://sixactualites.fr/actualites/gabriel-attal-en-aveyron-une-visite-marquante-relayee-par-totem-radio/119323/,2026-09-30 12:19:20.644242,https://data.commoncrawl.org/crawl-data/CC-NEWS/2026/05/CC-NEWS-20260522114920-08002.warc.gz,2026-05-22T11:49:23Z
3265,863,2385,<urn:uuid:669184be-a052-4c67-8fb8-552099cbd281>,https://sa.headtopics.com/news/15751604158515776769-83586717,2026-09-30 12:19:20.644242,https://data.commoncrawl.org/crawl-data/CC-NEWS/2026/05/CC-NEWS-20260522114920-08002.warc.gz,2026-05-22T11:49:23Z
3266,237,670,<urn:uuid:aca772a2-593e-4b2a-9abb-7d2c9b055485>,https://www.marketbeat.com/instant-alerts/filing-meiji-yasuda-asset-management-co-ltd-sells-1902-shares-of-tesla-inc-tsla-2026-05-22/,2026-09-30 12:19:20.644242,https://data.commoncrawl.org/crawl-data/CC-NEWS/2026/05/CC-NEWS-20260522114920-08002.warc.gz,2026-05-22T11:49:24Z
3269,555,,<urn:uuid:0f937262-e1b6-4e4a-9586-f88044114f6a>,https://kz.kinoafisha.info/en/beyneu/movies/8385344/2026-05-26/,2026-09-30 12:19:22.635218,https://data.commoncrawl.org/crawl-data/CC-NEWS/2026/05/CC-NEWS-20260522130315-08003.warc.gz,2026-05-22T13:03:16Z
3272,129,2387,<urn:uuid:b9bd58f4-6450-4061-b8f3-cc57de03586c>,https://www.wuwm.com/2026-05-20/kansas-city-is-beefing-up-its-transit-system-for-the-world-cup-will-residents-see-lasting-benefits,2026-09-30 12:19:22.638839,https://data.commoncrawl.org/crawl-data/CC-NEWS/2026/05/CC-NEWS-20260522142325-08004.warc.gz,2026-05-22T14:23:29Z
3276,9,2392,<urn:uuid:02b4eb6e-97e8-462f-ac15-6320f2e1471c>,https://www.goal.com/en-us/lists/clara-serrajordi-barcelona-spain-wonderkid-alexia-putellas-patri-guijarro/blt73ece5142a0581da,2026-09-30 12:19:24.958532,https://data.commoncrawl.org/crawl-data/CC-NEWS/2026/05/CC-NEWS-20260522130315-08003.warc.gz,2026-05-22T13:03:18Z
3277,329,1449,<urn:uuid:ef32fbe9-8a24-472a-b1c8-a7369967fabc>,https://sundayworld.co.za/news/from-taxi-driver-to-transnet-boss-rufus-lekala-bags-masters-degree/?utm_source=rss&utm_medium=rss&utm_campaign=from-taxi-driver-to-transnet-boss-rufus-lekala-bags-masters-degree,2026-09-30 12:19:24.958532,https://data.commoncrawl.org/crawl-data/CC-NEWS/2026/05/CC-NEWS-20260522130315-08003.warc.gz,2026-05-22T13:03:20Z
3278,81,,<urn:uuid:a60e4dee-9dd7-48be-8cfa-d35859b1ca4d>,https://unidivers.fr/event/spectacle-de-danse-lia-compagnie-bleu-202-alencon-orne-2026-06-26/,2026-09-30 12:19:24.96314,https://data.commoncrawl.org/crawl-data/CC-NEWS/2026/05/CC-NEWS-20260522142325-08004.warc.gz,2026-05-22T14:23:29Z
3279,227,877,<urn:uuid:853b06b2-a2f9-47ef-ae3e-91990a9ca7f8>,https://www.channelnewsasia.com/world/freed-gaza-flotilla-activists-allege-israeli-abuse-including-rape-6134666?cid=cna_flip_070214,2026-09-30 12:19:24.96314,https://data.commoncrawl.org/crawl-data/CC-NEWS/2026/05/CC-NEWS-20260522142325-08004.warc.gz,2026-05-22T14:23:31Z
3281,3175,2395,<urn:uuid:abbb411f-cf2b-4b5a-a43e-e1545d331603>,https://chipdrewry.substack.com/p/feds-announce-new-fraud-charges-against,2026-09-30 12:19:24.966868,https://data.commoncrawl.org/crawl-data/CC-NEWS/2026/05/CC-NEWS-20260522154501-08005.warc.gz,2026-05-22T15:45:03Z
3282,81,,<urn:uuid:86eff53a-b5d8-4c11-ae9d-a2c6da87fd59>,https://unidivers.fr/event/spectacle-multi-danses-de-lecole-des-1001-danses-musicals-co-pontivy-morbihan-2026-05-23/,2026-09-30 12:19:24.966868,https://data.commoncrawl.org/crawl-data/CC-NEWS/2026/05/CC-NEWS-20260522154501-08005.warc.gz,2026-05-22T15:45:05Z
3283,3177,2397,<urn:uuid:dff66b22-36d5-4707-9b95-2a011e99ab5d>,https://www.denverbroncos.com/news/broncos-2026-home-slate-headlined-by-early-prime-time-games-christmas-day-matchup,2026-09-30 12:19:26.508425,https://data.commoncrawl.org/crawl-data/CC-NEWS/2026/05/CC-NEWS-20260522154501-08005.warc.gz,2026-05-22T15:45:07Z
3291,92,,<urn:uuid:45a2001a-b196-4c42-8d61-c84fc1d4d652>,https://www.hindustantimes.com/world-news/us-immigration-memo-seeks-to-end-temporary-visas-as-easy-path-to-green-cards-what-it-means-to-indians-101779463812198-amp.html,2026-09-30 12:19:28.451175,https://data.commoncrawl.org/crawl-data/CC-NEWS/2026/05/CC-NEWS-20260522171136-08006.warc.gz,2026-05-22T17:11:47Z
3292,874,591,<urn:uuid:16d4089f-6009-4e11-a0ef-e6d3eb994861>,https://www.southernnation.org/p/the-ladies-memorial-association-160th,2026-09-30 12:19:28.451175,https://data.commoncrawl.org/crawl-data/CC-NEWS/2026/05/CC-NEWS-20260522171136-08006.warc.gz,2026-05-22T17:11:47Z
3295,3187,2405,<urn:uuid:89ea7fd1-f80d-4191-9566-e453f42ec955>,https://blabbermouth.net/news/albert-bouchard-releases-second-interactive-imaginos-ii-graphic-novel,2026-09-30 12:19:28.455705,https://data.commoncrawl.org/crawl-data/CC-NEWS/2026/05/CC-NEWS-20260522184906-08007.warc.gz,2026-05-22T18:49:11Z
3299,875,2408,<urn:uuid:c3364c48-1b24-4364-94a3-a26af8f2c37b>,https://my.headtopics.com/news/jpj-to-deploy-drones-at-hotspots-during-hari-raya-aidiladha-83667031,2026-09-30 12:19:30.218533,https://data.commoncrawl.org/crawl-data/CC-NEWS/2026/05/CC-NEWS-20260522171136-08006.warc.gz,2026-05-22T17:11:47Z
3300,3195,2409,<urn:uuid:360cdb50-7cee-4129-888b-2302d63c9686>,https://www.theirishworld.com/seamus-coleman-everton-future-17-years/,2026-09-30 12:19:30.229293,https://data.commoncrawl.org/crawl-data/CC-NEWS/2026/05/CC-NEWS-20260522184906-08007.warc.gz,2026-05-22T18:49:11Z
3301,3194,2410,<urn:uuid:d5c973fe-856b-4ed3-a2b4-dc5a919f2f59>,https://www.coinspeaker.com/polymarket-exploit-pol-sustainability/,2026-09-30 12:19:30.229293,https://data.commoncrawl.org/crawl-data/CC-NEWS/2026/05/CC-NEWS-20260522184906-08007.warc.gz,2026-05-22T18:49:11Z
3303,166,,<urn:uuid:82a5acb8-79e6-41e9-b458-b84ea23a000e>,https://www.indiainfoline.com/company/adani-energy-solutions-ltd/options/30-06-2026-ce-1380,2026-09-30 12:19:30.23297,https://data.commoncrawl.org/crawl-data/CC-NEWS/2026/05/CC-NEWS-20260522205951-08008.warc.gz,2026-05-22T20:59:57Z
3304,170,2406,<urn:uuid:961d4363-3e28-4454-9135-e0de8a4fdea4>,https://www.cbsnews.com/detroit/video/michigan-health-officials-warn-to-avoid-foam-on-lake-shorelines/,2026-09-30 12:19:30.23297,https://data.commoncrawl.org/crawl-data/CC-NEWS/2026/05/CC-NEWS-20260522205951-08008.warc.gz,2026-05-22T20:59:58Z
3305,9,1962,<urn:uuid:3a43bc19-d06b-4b96-bfa0-a8e479f679b5>,https://www.goal.com/en-au/lists/only-way-alisson-leave-liverpool-transfer-john-arne-riise-warning/bltd0a885c37f38dd01,2026-09-30 12:19:31.870922,https://data.commoncrawl.org/crawl-data/CC-NEWS/2026/05/CC-NEWS-20260522205951-08008.warc.gz,2026-05-22T20:59:59Z
3316,1596,821,<urn:uuid:412fa0b9-40dc-4be8-9dc0-5f6a5b788acf>,https://www.wamc.org/2026-05-22/1-person-died-36-injured-after-blast-at-new-york-city-shipyard-officials-say,2026-09-30 12:19:33.68769,https://data.commoncrawl.org/crawl-data/CC-NEWS/2026/05/CC-NEWS-20260523033237-08010.warc.gz,2026-05-23T03:32:41Z
3317,894,601,<urn:uuid:f2f9b4e0-9b23-4c68-bcd5-26aa718a0766>,https://heavy.com/sports/nhl/toronto-maple-leafs/maple-leafs-mistake-trade-carlo/,2026-09-30 12:19:33.68769,https://data.commoncrawl.org/crawl-data/CC-NEWS/2026/05/CC-NEWS-20260523033237-08010.warc.gz,2026-05-23T03:32:43Z
3320,148,895,<urn:uuid:6e5aab57-e2ac-4198-a8f3-ab0531793774>,https://www.bluewin.ch/fr/infos/faits-divers/zurich-deux-bless-s-dans-l-incendie-d-un-immeuble-3245806.html,2026-09-30 12:19:33.694765,https://data.commoncrawl.org/crawl-data/CC-NEWS/2026/05/CC-NEWS-20260523064347-08011.warc.gz,2026-05-23T06:43:51Z
3322,887,2426,<urn:uuid:34fb244d-46d4-4e96-bcc9-ce24056fa253>,https://us.headtopics.com/news/the-boys-creator-says-homelander-would-beat-superman-and-83675837,2026-09-30 12:19:35.337101,https://data.commoncrawl.org/crawl-data/CC-NEWS/2026/05/CC-NEWS-20260522233058-08009.warc.gz,2026-05-22T23:31:06Z
3323,15,670,<urn:uuid:23f6a435-92b7-4c60-85a5-48ec53be96a6>,https://www.nasdaq.com/articles/zoom-communications-q1-earnings-call-highlights,2026-09-30 12:19:35.337101,https://data.commoncrawl.org/crawl-data/CC-NEWS/2026/05/CC-NEWS-20260522233058-08009.warc.gz,2026-05-22T23:31:08Z
3324,102,833,<urn:uuid:be33810b-6c5e-4b02-8a05-c999e84bc367>,https://zeenews.india.com/india/harbhajan-singh-alleges-aap-sold-rajya-sabha-seats-3049705.html,2026-09-30 12:19:35.343463,https://data.commoncrawl.org/crawl-data/CC-NEWS/2026/05/CC-NEWS-20260523033237-08010.warc.gz,2026-05-23T03:32:47Z
3325,5,,<urn:uuid:2a7a153f-50e2-4759-a126-dd35afcf5616>,https://www.dvidshub.net/image/9703712/vp-47-maintenance,2026-09-30 12:19:35.347912,https://data.commoncrawl.org/crawl-data/CC-NEWS/2026/05/CC-NEWS-20260523064347-08011.warc.gz,2026-05-23T06:43:53Z
3326,5,,<urn:uuid:9732d8b2-5e85-49ac-b823-9049988f9b7c>,https://www.dvidshub.net/image/9703713/vp-47-maintenance,2026-09-30 12:19:35.347912,https://data.commoncrawl.org/crawl-data/CC-NEWS/2026/05/CC-NEWS-20260523064347-08011.warc.gz,2026-05-23T06:43:53Z
3327,12,681,<urn:uuid:269eab51-d6e1-4e72-88c9-ec965607e20c>,https://www.rotowire.com/baseball/headlines/yusei-kikuchi-injury-shifts-to-60-day-il-1004699,2026-09-30 12:19:36.740128,https://data.commoncrawl.org/crawl-data/CC-NEWS/2026/05/CC-NEWS-20260522233058-08009.warc.gz,2026-05-22T23:31:11Z
3335,897,,<urn:uuid:4a1fa8a6-bab9-4c47-9470-0a234941d9bd>,https://www.hagerty.com/marketplace/auction/1970-opel-gt/e7f9a67e-a2f6-40f7-bad5-cf08e68a1bd0,2026-09-30 12:19:38.813022,https://data.commoncrawl.org/crawl-data/CC-NEWS/2026/05/CC-NEWS-20260523085305-08012.warc.gz,2026-05-23T08:53:12Z
3336,99,,<urn:uuid:960ff862-5e2f-42d4-80ad-ae4769ce6f5b>,https://auto.hindustantimes.com/new-bikes/ktm/390-adventure-s/on-road-price-tamluk,2026-09-30 12:19:38.813022,https://data.commoncrawl.org/crawl-data/CC-NEWS/2026/05/CC-NEWS-20260523085305-08012.warc.gz,2026-05-23T08:53:14Z
3337,63,2433,<urn:uuid:0173205d-c8a2-48f7-8332-a912fdf434b7>,https://indianexpress.com/article/technology/tech-news-technology/tired-of-ai-heavy-google-search-6-alternative-search-engines-to-try-now-10704248/,2026-09-30 12:19:38.819122,https://data.commoncrawl.org/crawl-data/CC-NEWS/2026/05/CC-NEWS-20260523105602-08013.warc.gz,2026-05-23T10:56:07Z
3338,30,704,<urn:uuid:b3dab6dc-79a5-494d-a506-9678cafcb274>,https://www.elbalad.news/6981016,2026-09-30 12:19:38.819122,https://data.commoncrawl.org/crawl-data/CC-NEWS/2026/05/CC-NEWS-20260523105602-08013.warc.gz,2026-05-23T10:56:08Z
3339,897,,<urn:uuid:1da0d472-a1cc-4a28-b47d-b1a72a29b6ea>,https://www.hagerty.com/marketplace/auction/1966-buick-riviera/4XcSWoJDleNiOXgWWxdgge,2026-09-30 12:19:38.819122,https://data.commoncrawl.org/crawl-data/CC-NEWS/2026/05/CC-NEWS-20260523105602-08013.warc.gz,2026-05-23T10:56:08Z
3343,902,605,<urn:uuid:7e73a850-e821-4bba-9de3-ca6c4fff5ffb>,https://www.pourquoidocteur.fr/Articles/Question-d-actu/54872-Vitamine-D-calcium-complements-efficaces-fractures,2026-09-30 12:19:40.354035,https://data.commoncrawl.org/crawl-data/CC-NEWS/2026/05/CC-NEWS-20260523085305-08012.warc.gz,2026-05-23T08:53:17Z
3350,268,182,<urn:uuid:c7342f97-4f06-4cb3-afc2-aadee80956c8>,https://www.wam.ae/ar/article/c0cvgsw-%D8%A5%D8%B9%D9%81%D8%A7%D8%A1-%D8%A7%D9%84%D8%B4%D8%A7%D8%AD%D9%86%D8%A7%D8%AA-%D8%A7%D9%84%D9%85%D8%B4%D9%85%D9%88%D9%84%D8%A9-%D8%A8%D8%A7%D9%84%D9%85%D9%85%D8%B1-%D8%A7%D9%84%D9%84%D9%88%D8%AC%D8%B3%D8%AA%D9%8A-%D8%A7%D9%84%D9%82%D8%A7%D8%AF%D9%85%D8%A9,2026-09-30 12:19:42.186032,https://data.commoncrawl.org/crawl-data/CC-NEWS/2026/05/CC-NEWS-20260523124948-08014.warc.gz,2026-05-23T12:49:49Z
3351,58,43,<urn:uuid:96cae6fd-e2cf-40de-a290-a1cebdb919a2>,https://www.zeffy.com/en-US/ticketing/annual-titans-and-starwahls-hockey-spaghetti-dinner,2026-09-30 12:19:42.186032,https://data.commoncrawl.org/crawl-data/CC-NEWS/2026/05/CC-NEWS-20260523124948-08014.warc.gz,2026-05-23T12:49:49Z
3352,3243,2444,<urn:uuid:903e3b16-ae73-4091-be00-a905e482ca8c>,https://id.headtopics.com/news/kepala-bank-indonesia-masalah-rendahnya-ihsg-terhadap-two-83678735,2026-09-30 12:19:42.186032,https://data.commoncrawl.org/crawl-data/CC-NEWS/2026/05/CC-NEWS-20260523124948-08014.warc.gz,2026-05-23T12:49:49Z
3354,897,,<urn:uuid:7f9d4ef9-14e2-463d-9fa3-1e796bc0e77e>,https://www.hagerty.com/marketplace/auction/1925-ford-model-t/27l5FozD5aRvVLpPpVZ6fR,2026-09-30 12:19:42.192141,https://data.commoncrawl.org/crawl-data/CC-NEWS/2026/05/CC-NEWS-20260523145148-08015.warc.gz,2026-05-23T14:51:55Z
3355,8,28,<urn:uuid:fa125f39-293b-4c36-8d11-bb25cbed99ff>,https://www.westernjournal.com/netanyahus-hair-fire-clashing-trump-difficult-call-latest-iran-proposal-report/?utm_source=facebook&utm_medium=patriottribune&utm_campaign=lminetwork&utm_content=2026-05-23,2026-09-30 12:19:42.192141,https://data.commoncrawl.org/crawl-data/CC-NEWS/2026/05/CC-NEWS-20260523145148-08015.warc.gz,2026-05-23T14:51:55Z
3359,241,,<urn:uuid:4855b2f9-b298-43c1-8ea6-6c93ea056667>,https://www.shorouknews.com/news/view.aspx?cdate=23052026&id=38f5eca1-caed-4a18-8ef8-a54fad86e2ea,2026-09-30 12:19:43.805227,https://data.commoncrawl.org/crawl-data/CC-NEWS/2026/05/CC-NEWS-20260523145148-08015.warc.gz,2026-05-23T14:51:55Z
3365,2531,,<urn:uuid:3b91020c-3dae-4a71-b90a-a1ce37b87f03>,https://www.kinoafisha.info/en/trailers/b1fd43bde4202845049fe6bc17313740/,2026-09-30 12:19:43.813962,https://data.commoncrawl.org/crawl-data/CC-NEWS/2026/05/CC-NEWS-20260523194744-08017.warc.gz,2026-05-23T19:47:49Z
3367,1,3,<urn:uuid:871f94df-faac-4118-84ce-02f48641ee57>,https://menafn.com/1111156267/Kozhikode-Shock-12-Year-Olds-Walk-Home-Ends-In-Chilling-Jackal-Encounter,2026-09-30 12:19:45.456223,https://data.commoncrawl.org/crawl-data/CC-NEWS/2026/05/CC-NEWS-20260523170323-08016.warc.gz,2026-05-23T17:03:26Z
3368,3259,2455,<urn:uuid:5f7c783e-a84a-47f1-94f4-c63f980f3d07>,https://www.breitbart.com/europe/2026/05/23/tens-of-thousands-protest-in-madrid-demanding-resignation-of-socialist-prime-minister-sanchez/,2026-09-30 12:19:45.456223,https://data.commoncrawl.org/crawl-data/CC-NEWS/2026/05/CC-NEWS-20260523170323-08016.warc.gz,2026-05-23T17:03:26Z
3369,894,2457,<urn:uuid:ded7047c-3665-4ba3-b3f0-1b780488202e>,https://heavy.com/sports/nba/dallas-mavericks/jason-kidd-mentioned-potential-candidate-nba-head-coaching-vacancy/,2026-09-30 12:19:45.461166,https://data.commoncrawl.org/crawl-data/CC-NEWS/2026/05/CC-NEWS-20260523194744-08017.warc.gz,2026-05-23T19:47:52Z
3370,2531,,<urn:uuid:a82e4b19-79e2-474b-aaf8-fef9b84d616b>,https://www.kinoafisha.info/en/trailers/b9275d05eaaa2249e6c0295ac8456393/,2026-09-30 12:19:45.461166,https://data.commoncrawl.org/crawl-data/CC-NEWS/2026/05/CC-NEWS-20260523194744-08017.warc.gz,2026-05-23T19:47:56Z
3374,3267,2461,<urn:uuid:4bc33900-f75e-4691-bfeb-a2e7442bc5a8>,https://www.gamekyo.com/group_article60939.html,2026-09-30 12:19:47.273624,https://data.commoncrawl.org/crawl-data/CC-NEWS/2026/05/CC-NEWS-20260523170323-08016.warc.gz,2026-05-23T17:03:27Z
3377,14,681,<urn:uuid:b69e5e11-27ed-4909-b035-dcc3b32c74c5>,https://www.cbssports.com/fantasy/baseball/news/diamondbacks-lourdes-gurriel-lands-on-injured-list-1004875/,2026-09-30 12:19:47.282468,https://data.commoncrawl.org/crawl-data/CC-NEWS/2026/05/CC-NEWS-20260523225818-08018.warc.gz,2026-05-23T22:58:26Z
3381,92,812,<urn:uuid:ef84adce-128e-42e5-9915-cae0906ab24d>,https://www.hindustantimes.com/cities/noida-news/missing-15-year-old-boy-found-dead-in-greater-noida-village-101779558896675.html,2026-09-30 12:19:53.746085,https://data.commoncrawl.org/crawl-data/CC-NEWS/2026/05/CC-NEWS-20260523225818-08018.warc.gz,2026-05-23T22:58:28Z
3382,1657,2468,<urn:uuid:37d53980-f3c8-417e-bbeb-eeb2a3bcb0b2>,https://thehockeynews.com/nhl/carolina-hurricanes/game-day/carolina-hurricanes-vs-montreal-canadiens-eastern-conference-final-game-2-lineups-game-preview-and-how-to-watch,2026-09-30 12:19:53.746085,https://data.commoncrawl.org/crawl-data/CC-NEWS/2026/05/CC-NEWS-20260523225818-08018.warc.gz,2026-05-23T22:58:31Z
3384,930,623,<urn:uuid:678ee35d-c71d-4cb9-8c80-8428e877ee67>,https://www.peaches.fr/non-classe/monte-ta-lame-tu-es-en-train-de-le-cramer-pelouse-le-reglage-a-8-cm-qui-peut-bruler-votre-gazon-en-ete-225391.html,2026-09-30 12:19:53.750421,https://data.commoncrawl.org/crawl-data/CC-NEWS/2026/05/CC-NEWS-20260524030505-08019.warc.gz,2026-05-24T03:05:12Z
3385,3278,,<urn:uuid:805f937a-4391-4bd4-bf77-18be16786334>,https://sports.ndtv.com/ipl-2026/bcci-selectors-not-convinced-by-suryakumar-yadav-mi-teammate-emerges-as-likely-next-india-captain-report-11538970,2026-09-30 12:19:53.750421,https://data.commoncrawl.org/crawl-data/CC-NEWS/2026/05/CC-NEWS-20260524030505-08019.warc.gz,2026-05-24T03:05:12Z
3386,3279,2471,<urn:uuid:da826e57-8f41-4194-aa79-bf1ae12d371c>,https://www.alo.rs/razonoda/filmovi-i-serije/16766362/sport-na-tv-fudbal-spanska-liga-viljareal---atletiko.html,2026-09-30 12:19:53.754581,https://data.commoncrawl.org/crawl-data/CC-NEWS/2026/05/CC-NEWS-20260524064210-08020.warc.gz,2026-05-24T06:42:24Z
3387,240,1218,<urn:uuid:a9290a62-f654-49d6-9d93-0f20e9bb6ecd>,https://www.planetf1.com/news/fia-lewis-hamilton-verdict-post-qualifying-investigations-canadian-gp,2026-09-30 12:19:53.754581,https://data.commoncrawl.org/crawl-data/CC-NEWS/2026/05/CC-NEWS-20260524064210-08020.warc.gz,2026-05-24T06:42:55Z
3388,504,2473,<urn:uuid:decefed7-afc6-4eb4-beaf-376310643b55>,https://www.watson.ch/fr/blogs/franc-parler/947643841-comment-qoqa-a-appris-la-patience,2026-09-30 12:19:53.754581,https://data.commoncrawl.org/crawl-data/CC-NEWS/2026/05/CC-NEWS-20260524064210-08020.warc.gz,2026-05-24T06:42:55Z
3389,929,,<urn:uuid:ab206661-1480-4ea9-8b33-356abf4cb2d9>,https://www.exxeselection.com/womens-bags,2026-09-30 12:19:56.603507,https://data.commoncrawl.org/crawl-data/CC-NEWS/2026/05/CC-NEWS-20260524030505-08019.warc.gz,2026-05-24T03:05:12Z
3391,119,2474,<urn:uuid:0a94c3b8-68ea-4b0e-b1f1-0062464e200d>,https://gulfnews.com/uae/education/sharjah-to-develop-dh183m-american-school-for-more-than-2400-students-1.500551632,2026-09-30 12:19:56.607429,https://data.commoncrawl.org/crawl-data/CC-NEWS/2026/05/CC-NEWS-20260524092354-08021.warc.gz,2026-05-24T09:23:59Z
3392,714,705,<urn:uuid:7e61ddca-4132-4381-a666-3ad6066043f6>,https://www.ndtv.com/world-news/california-chemical-tank-at-risk-of-exploding-40-000-residents-to-evacuate-11539603,2026-09-30 12:19:56.607429,https://data.commoncrawl.org/crawl-data/CC-NEWS/2026/05/CC-NEWS-20260524092354-08021.warc.gz,2026-05-24T09:24:01Z
3395,626,430,<urn:uuid:e22593dc-65e6-43d8-84cf-32ae7db21d8b>,https://dotalkhalij.com/egypt/30000625/%D8%B1%D8%A6%D9%8A%D8%B3-%D8%A7%D9%84%D9%88%D8%B2%D8%B1%D8%A7%D8%A1-%D9%8A%D9%84%D8%AA%D9%82%D9%89-%D8%A7%D9%84%D8%B1%D8%A6%D9%8A%D8%B3-%D8%A7%D9%84%D8%AA%D9%86%D9%81%D9%8A%D8%B0%D9%8A-%D9%88%D8%A7%D9%84%D8%B9%D8%B6%D9%88-%D8%A7%D9%84%D9%85%D9%86%D8%AA%D8%AF%D8%A8-%D9%84%D8%B4%D8%B1%D9%83%D8%A9-%D8%A7%D9%84%D8%B3%D9%88%D9%8A%D8%AF%D9%8A-%D8%A5%D9%84%D9%83%D8%AA%D8%B1%D9%8A%D9%83-%D9%84%D8%A8%D8%AD%D8%AB-%D8%AE%D8%B7%D8%A9-%D8%B9%D9%85%D9%84-%D9%88%D8%AA%D9%88%D8%B3%D8%B9%D8%A7%D8%AA-%D8%A7%D9%84%D8%B4%D8%B1%D9%83%D8%A9.html,2026-09-30 12:19:56.611567,https://data.commoncrawl.org/crawl-data/CC-NEWS/2026/05/CC-NEWS-20260524114645-08022.warc.gz,2026-05-24T11:46:54Z
3396,119,2479,<urn:uuid:8ceb2ca8-a6b6-436d-80b6-6e778c6ddc57>,https://gulfnews.com/uae/eid-al-adha-2026-uae-road-trips-best-holiday-escapes-from-hatta-to-liwa-1.500550828,2026-09-30 12:19:58.803291,https://data.commoncrawl.org/crawl-data/CC-NEWS/2026/05/CC-NEWS-20260524092354-08021.warc.gz,2026-05-24T09:24:06Z
3397,3290,2481,<urn:uuid:9bf122bf-5f6a-4086-8ebb-4798bb9d6377>,https://mustsharenews.com/pritam-singh-grocery-truck/,2026-09-30 12:19:58.807485,https://data.commoncrawl.org/crawl-data/CC-NEWS/2026/05/CC-NEWS-20260524114645-08022.warc.gz,2026-05-24T11:46:56Z
3398,971,2480,<urn:uuid:8a35b06a-f66c-4b82-bfc6-809c7561b879>,https://www.cnews.fr/france/2026-02-16/mort-de-quentin-lassistant-parlementaire-du-depute-lfi-raphael-arnault-ecarte-de,2026-09-30 12:19:58.807485,https://data.commoncrawl.org/crawl-data/CC-NEWS/2026/05/CC-NEWS-20260524114645-08022.warc.gz,2026-05-24T11:46:57Z
3403,940,,<urn:uuid:17fac1fd-e822-4417-ae06-0971d575ef1f>,https://albiladdaily.com/2026/05/24/16-%D9%81%D8%B1%D8%B5%D8%A9-%D8%B9%D9%82%D8%A7%D8%B1%D9%8A%D8%A9-%D8%A8%D9%85%D8%B2%D8%A7%D8%AF-%D8%B4%D8%B9%D8%A7%D8%B9-%D8%AC%D8%AF%D8%A9/,2026-09-30 12:20:02.40279,https://data.commoncrawl.org/crawl-data/CC-NEWS/2026/05/CC-NEWS-20260524140212-08023.warc.gz,2026-05-24T14:02:21Z
3404,170,2484,<urn:uuid:734bddc8-33c4-4427-b56d-458cb42cadbf>,https://www.cbsnews.com/minnesota/video/next-weather-7-a-m-report-for-minnesota-on-may-24-2026/,2026-09-30 12:20:02.40279,https://data.commoncrawl.org/crawl-data/CC-NEWS/2026/05/CC-NEWS-20260524140212-08023.warc.gz,2026-05-24T14:02:23Z
3405,390,451,<urn:uuid:8e5ef519-5aad-4805-8e0f-10ad432cab28>,https://www.globenewswire.com/news-release/2026/05/24/3300460/9788/en/Bronstein-Gewirtz-Grossman-LLC-Urges-Regencell-Bioscience-Holdings-Ltd-Investors-to-Act-Class-Action-Filed-Alleging-Investor-Harm.html,2026-09-30 12:20:02.407561,https://data.commoncrawl.org/crawl-data/CC-NEWS/2026/05/CC-NEWS-20260524162949-08024.warc.gz,2026-05-24T16:29:55Z
3406,105,2487,<urn:uuid:0fa5b823-f6ba-4481-aa0d-96524b439d89>,https://www.wrvo.org/2026-05-21/the-u-s-education-department-fired-thousands-of-workers-now-its-on-a-hiring-spree,2026-09-30 12:20:02.407561,https://data.commoncrawl.org/crawl-data/CC-NEWS/2026/05/CC-NEWS-20260524162949-08024.warc.gz,2026-05-24T16:29:55Z
3407,22,,<urn:uuid:dc93ecb2-5961-451d-a4f6-3ce15b663a75>,https://www.nbcsports.com/watch/watch/premier-league/issa-diop-heads-in-rebound-from-free-kick-to-open-scoring-for-fulham,2026-09-30 12:20:02.407561,https://data.commoncrawl.org/crawl-data/CC-NEWS/2026/05/CC-NEWS-20260524162949-08024.warc.gz,2026-05-24T16:29:58Z
3409,3301,2488,<urn:uuid:d4dbe525-374c-465b-aa25-51e685e84981>,https://www.nintendolife.com/news/2026/05/rocket-league-announces-new-era-alongside-unreal-engine-6-reveal,2026-09-30 12:20:02.412239,https://data.commoncrawl.org/crawl-data/CC-NEWS/2026/05/CC-NEWS-20260524191803-08025.warc.gz,2026-05-24T19:18:34Z
3410,543,433,<urn:uuid:becc2113-e63b-4092-b27f-ef1e10e3cbef>,https://www.potomaclocal.com/2025/08/18/free-coffee-for-a-year-dunkins-throwing-a-party-in-manassas/,2026-09-30 12:20:02.412239,https://data.commoncrawl.org/crawl-data/CC-NEWS/2026/05/CC-NEWS-20260524191803-08025.warc.gz,2026-05-24T19:18:34Z
3411,1470,1045,<urn:uuid:e1f27c01-80bf-4d61-ba67-5d8c601d929b>,https://www.la-croix.com/des-familles-yemenites-reduites-a-manger-des-feuilles-faute-d-aide-alimentaire-20260524,2026-09-30 12:20:04.223735,https://data.commoncrawl.org/crawl-data/CC-NEWS/2026/05/CC-NEWS-20260524140212-08023.warc.gz,2026-05-24T14:02:23Z
3412,543,433,<urn:uuid:21af36b3-7eb1-4c53-8852-02547256293e>,https://www.potomaclocal.com/2025/08/18/man-shot-in-gainesville-jiffy-lube-live-assault-caustic-substance-used/,2026-09-30 12:20:04.231992,https://data.commoncrawl.org/crawl-data/CC-NEWS/2026/05/CC-NEWS-20260524191803-08025.warc.gz,2026-05-24T19:18:40Z
3418,3310,2497,<urn:uuid:225949e0-7bda-4c0b-95f1-05ea392a7034>,https://lhgrey78.substack.com/p/i-became-the-fucking-forest,2026-09-30 12:20:06.760593,https://data.commoncrawl.org/crawl-data/CC-NEWS/2026/05/CC-NEWS-20260524222137-08026.warc.gz,2026-05-24T22:21:43Z
3420,947,634,<urn:uuid:d7f7f69e-3fb6-4867-9119-a998cfc76aa3>,https://www.zimbabweonlinenews.com/bitget-launches-gold-fast-or-go-home-challenge-for-gold-cfd-trading/,2026-09-30 12:20:06.765498,https://data.commoncrawl.org/crawl-data/CC-NEWS/2026/05/CC-NEWS-20260525024803-08027.warc.gz,2026-05-25T02:48:15Z
3421,594,2500,<urn:uuid:7cfc36fd-3968-4892-acac-f2adb308175a>,https://www.on3.com/college/iowa-hawkeyes/news/anonymous-big-ten-coach-reveals-concern-jeremy-hecklinski-iowa/,2026-09-30 12:20:06.765498,https://data.commoncrawl.org/crawl-data/CC-NEWS/2026/05/CC-NEWS-20260525024803-08027.warc.gz,2026-05-25T02:48:18Z
3423,3278,,<urn:uuid:5a6efa31-6b23-49f2-afaf-714fdc616047>,https://sports.ndtv.com/formula-1/mercedes-teen-star-kimi-antonelli-wins-the-canadian-gp-for-his-4th-straight-f1-victory-11542631,2026-09-30 12:20:06.769862,https://data.commoncrawl.org/crawl-data/CC-NEWS/2026/05/CC-NEWS-20260525055837-08028.warc.gz,2026-05-25T05:58:44Z
3424,204,2501,<urn:uuid:e9233e27-af51-46ec-b891-67ec8388f166>,https://www.einpresswire.com/article/914212711/security-and-precision-in-hazardous-environments-the-expertise-of-china-explosion-proof-servo-motor-manufacturer,2026-09-30 12:20:06.769862,https://data.commoncrawl.org/crawl-data/CC-NEWS/2026/05/CC-NEWS-20260525055837-08028.warc.gz,2026-05-25T05:58:47Z
3425,942,2462,<urn:uuid:fec9699c-a9d6-44fe-9c84-9652a19db6e3>,https://news.prairiepublic.org/2026-05-24/has-the-u-s-lost-the-war-in-iran,2026-09-30 12:20:08.299917,https://data.commoncrawl.org/crawl-data/CC-NEWS/2026/05/CC-NEWS-20260524222137-08026.warc.gz,2026-05-24T22:21:44Z
3426,170,,<urn:uuid:fc00c3ef-ea59-4bbe-91ac-421e330c1270>,https://www.cbsnews.com/philadelphia/news/phillies-guardians-painter-hoskins/,2026-09-30 12:20:08.299917,https://data.commoncrawl.org/crawl-data/CC-NEWS/2026/05/CC-NEWS-20260524222137-08026.warc.gz,2026-05-24T22:21:44Z
3427,256,2503,<urn:uuid:ad7d3348-bba3-412b-89e2-1667414033e4>,https://www.republicworld.com/entertainment/bollywood/chand-mera-dil-box-office-collection-day-3-ananya-panday-lakshya-starrer-sees-growth-surpasses-10-crore-mark-in-opening-weekend-2026-05-25-125561,2026-09-30 12:20:08.30459,https://data.commoncrawl.org/crawl-data/CC-NEWS/2026/05/CC-NEWS-20260525024803-08027.warc.gz,2026-05-25T02:48:18Z
3428,166,,<urn:uuid:e45d81e5-f3b5-49e9-b0ac-552b7454b8a3>,https://www.indiainfoline.com/company/gail-india-ltd/options/30-06-2026-pe-164,2026-09-30 12:20:08.308115,https://data.commoncrawl.org/crawl-data/CC-NEWS/2026/05/CC-NEWS-20260525055837-08028.warc.gz,2026-05-25T05:58:48Z
3434,1864,2508,<urn:uuid:10bcc46d-ed06-492e-887d-3d571d10c047>,https://www.delmarvapublicmedia.org/2026-05-25/spin-to-win-how-this-life-insurance-company-turns-healthy-habits-into-a-game,2026-09-30 12:20:09.867986,https://data.commoncrawl.org/crawl-data/CC-NEWS/2026/05/CC-NEWS-20260525100020-08030.warc.gz,2026-05-25T10:00:23Z
3438,9,1389,<urn:uuid:b6bb3c93-b659-49cd-8a5e-b5f290d57dd1>,https://www.goal.com/en-au/lists/we-can-t-wait-lift-champions-league-arsenal-boss-mikel-arteta-sends-incredible-energy-warning-to-psg-after-premier-league-title-success/bltdbd3a8b14ed01e19,2026-09-30 12:20:11.448676,https://data.commoncrawl.org/crawl-data/CC-NEWS/2026/05/CC-NEWS-20260525081606-08029.warc.gz,2026-05-25T08:16:09Z
3439,1751,1266,<urn:uuid:6109a786-8bf6-43a9-83e6-49583cb914da>,https://felesteen.news/post/181202/%D9%85%D9%86%D8%B0-7-%D8%A3%D8%B4%D9%87%D8%B1-%D8%B7%D9%81%D9%84%D8%A9-%D8%BA%D8%B2%D8%A9-%D8%B9%D8%A7%D9%84%D9%82%D8%A9-%D8%A8%D9%8A%D9%86-%D8%A7%D9%84%D9%85%D8%B1%D8%B6-%D9%88%D8%AC%D9%87%D8%A7%D8%B2-%D9%85%D8%B9%D8%B7%D9%84,2026-09-30 12:20:11.448676,https://data.commoncrawl.org/crawl-data/CC-NEWS/2026/05/CC-NEWS-20260525081606-08029.warc.gz,2026-05-25T08:16:10Z
3440,420,2514,<urn:uuid:d87f0a28-cfe6-46a3-a1d8-0db566779951>,https://www.prnewswire.com/news-releases/isinwheel-lance-sa-campagne-du-8e-anniversaire-en-europe-avec-des-offres-speciales-sur-les-scooters-electriques-302778933.html,2026-09-30 12:20:11.448676,https://data.commoncrawl.org/crawl-data/CC-NEWS/2026/05/CC-NEWS-20260525081606-08029.warc.gz,2026-05-25T08:16:11Z
3441,28,2516,<urn:uuid:9e00f71f-d1b8-45c4-9b7a-81167637b5e6>,https://timesofindia.indiatimes.com/life-style/home-garden/australian-woman-finds-two-giant-pythons-in-ceiling-video-goes-viral/articleshow/131306119.cms,2026-09-30 12:20:11.454757,https://data.commoncrawl.org/crawl-data/CC-NEWS/2026/05/CC-NEWS-20260525100020-08030.warc.gz,2026-05-25T10:00:24Z
3442,225,,<urn:uuid:cdcfb86d-3f13-4697-aacc-9c0f90ab36f8>,https://videobolt.net/author/motionbank21/grid-glitch-square,2026-09-30 12:20:11.454757,https://data.commoncrawl.org/crawl-data/CC-NEWS/2026/05/CC-NEWS-20260525100020-08030.warc.gz,2026-05-25T10:00:25Z
3444,63,2519,<urn:uuid:98f0d305-28b1-4cb2-94c7-6a63da8a2779>,https://indianexpress.com/article/india/nirmala-sitharaman-west-asia-crisis-petrol-diesel-fuel-prices-msme-impact-10707049/,2026-09-30 12:20:11.459858,https://data.commoncrawl.org/crawl-data/CC-NEWS/2026/05/CC-NEWS-20260525113514-08031.warc.gz,2026-05-25T11:35:21Z
3445,954,643,<urn:uuid:f7a852b3-956d-4c98-8200-e3608905b6d6>,https://www.etvbharat.com/en/bharat/lakhs-of-devotees-take-holy-dip-on-ganga-dussehra-enn26052501593,2026-09-30 12:20:11.459858,https://data.commoncrawl.org/crawl-data/CC-NEWS/2026/05/CC-NEWS-20260525113514-08031.warc.gz,2026-05-25T11:35:21Z
3446,49,2511,<urn:uuid:be5bff3a-49a5-4be6-a3cb-253e33ad0b4f>,https://www.shawlocal.com/real-estate/2026/05/25/single-family-home-sells-in-momence-for-250000/,2026-09-30 12:20:13.537696,https://data.commoncrawl.org/crawl-data/CC-NEWS/2026/05/CC-NEWS-20260525113514-08031.warc.gz,2026-05-25T11:35:21Z
3452,96,67,<urn:uuid:5f81c395-7bb0-411c-8db9-0ffbf36fb317>,https://www.business-standard.com/markets/capital-market-news/syschem-india-standalone-net-profit-rises-278-26-in-the-march-2026-quarter-126052501385_1.html,2026-09-30 12:20:13.548422,https://data.commoncrawl.org/crawl-data/CC-NEWS/2026/05/CC-NEWS-20260525142407-08033.warc.gz,2026-05-25T14:24:16Z
3456,170,1362,<urn:uuid:ed94bd4d-cf91-4d25-8d25-0a31eab0c3f9>,https://www.cbsnews.com/video/chemical-leak-in-californias-orange-county-forces-50000-people-to-evacuate/,2026-09-30 12:20:15.547304,https://data.commoncrawl.org/crawl-data/CC-NEWS/2026/05/CC-NEWS-20260525142407-08033.warc.gz,2026-05-25T14:24:20Z
3457,3347,2528,<urn:uuid:d1e82ea0-98b3-4724-9029-21a7e2c8f46d>,https://www.idman.biz/en/news/az-football/138275,2026-09-30 12:20:15.547304,https://data.commoncrawl.org/crawl-data/CC-NEWS/2026/05/CC-NEWS-20260525142407-08033.warc.gz,2026-05-25T14:24:20Z
3459,3138,2531,<urn:uuid:c0d4c37b-cfc6-467b-9563-5ced4531140e>,https://www.melty.fr/sorties/destinations-europeennes-les-moins-cheres-en-ce-moment-ou-partir-sans-exploser-son-budget-2319505.html,2026-09-30 12:20:15.550897,https://data.commoncrawl.org/crawl-data/CC-NEWS/2026/05/CC-NEWS-20260525160627-08034.warc.gz,2026-05-25T16:06:31Z
3460,3348,2529,<urn:uuid:15eb2a38-8f24-4a8e-b542-a0127103bc8f>,https://gaycitynews.com/the-man-i-love-club-kid-queer-cannes-film-festival/,2026-09-30 12:20:15.550897,https://data.commoncrawl.org/crawl-data/CC-NEWS/2026/05/CC-NEWS-20260525160627-08034.warc.gz,2026-05-25T16:06:32Z
3461,74,1940,<urn:uuid:beaa85a3-f1c6-4830-b71a-3476058ea452>,https://www.newsbytesapp.com/news/lifestyle/how-to-grow-veggies-at-home/story,2026-09-30 12:20:17.400286,https://data.commoncrawl.org/crawl-data/CC-NEWS/2026/05/CC-NEWS-20260525130021-08032.warc.gz,2026-05-25T13:00:25Z
3462,3352,2532,<urn:uuid:905154c0-e6fd-4190-a9fb-1e0eaa78663b>,https://www.onmanorama.com/news/kerala/2026/05/25/kerala-hc-rejects-plea-for-cbi-probe-against-ed-officer-says-vigilance-investigation-underway.amp.html,2026-09-30 12:20:17.400286,https://data.commoncrawl.org/crawl-data/CC-NEWS/2026/05/CC-NEWS-20260525130021-08032.warc.gz,2026-05-25T13:00:27Z
3463,121,2533,<urn:uuid:f1c9c678-3346-423e-9927-579ccf747803>,https://www.si.com/mlb/brewers/onsi/105-mph-brewers-jacob-misiorowski-thinks-he-has-another-gear-pat3,2026-09-30 12:20:17.400286,https://data.commoncrawl.org/crawl-data/CC-NEWS/2026/05/CC-NEWS-20260525130021-08032.warc.gz,2026-05-25T13:00:27Z
3464,48,2535,<urn:uuid:464de971-8213-44fe-9cd0-78e65adc6b56>,https://www.masrawy.com/news/news_economy/details/2026/5/25/2993724/223-5-%D9%85%D9%84%D9%8A%D9%88%D9%86-%D8%AF%D9%88%D9%84%D8%A7%D8%B1-%D8%B5%D8%A7%D9%81%D9%8A-%D8%AE%D8%B1%D9%88%D8%AC-%D8%A7%D9%84%D8%A3%D8%AC%D8%A7%D9%86%D8%A8-%D9%85%D9%86-%D8%A3%D8%B0%D9%88%D9%86-%D8%A7%D9%84%D8%AE%D8%B2%D8%A7%D9%86%D8%A9-%D8%A7%D9%84%D9%85%D8%B5%D8%B1%D9%8A%D8%A9-%D9%81%D9%8A-%D8%A3%D8%B3%D8%A8%D9%88%D8%B9,2026-09-30 12:20:17.40762,https://data.commoncrawl.org/crawl-data/CC-NEWS/2026/05/CC-NEWS-20260525160627-08034.warc.gz,2026-05-25T16:06:33Z
3467,9,2407,<urn:uuid:82bfc739-beea-455c-8649-c1508b33bee7>,https://www.goal.com/en-sa/lists/mls-midseason-tiers-inter-miami-nashville-sc-lead-the-way-san-jose-earthquakes-surprise-but-what-is-going-wrong-for-atlanta-united/blt6f9bb7d9edd0b0f9,2026-09-30 12:20:17.412232,https://data.commoncrawl.org/crawl-data/CC-NEWS/2026/05/CC-NEWS-20260525175542-08035.warc.gz,2026-05-25T17:55:47Z
3468,1356,,<urn:uuid:a5a378ef-7f44-4292-80f4-e6c1573da498>,https://express-press-release.net/news/2026/05/25/1754252,2026-09-30 12:20:33.649086,https://data.commoncrawl.org/crawl-data/CC-NEWS/2026/05/CC-NEWS-20260525175542-08035.warc.gz,2026-05-25T17:55:47Z
3469,5,,<urn:uuid:e85b2831-eec1-44bd-ba64-cf9d1259183f>,https://www.dvidshub.net/image/9705044/memorial-day-ceremonies-held-across-vermont-honor-military-sacrifice,2026-09-30 12:20:33.649086,https://data.commoncrawl.org/crawl-data/CC-NEWS/2026/05/CC-NEWS-20260525175542-08035.warc.gz,2026-05-25T17:55:48Z
3471,28,2539,<urn:uuid:6e873c3f-2aa6-4bdb-be4e-ca07efedbe0d>,https://timesofindia.indiatimes.com/city/noida/two-protesters-detained-under-nsa-to-appear-before-advisory-board-in-lucknow-today/articleshow/131316841.cms,2026-09-30 12:20:33.674668,https://data.commoncrawl.org/crawl-data/CC-NEWS/2026/05/CC-NEWS-20260525200335-08036.warc.gz,2026-05-25T20:03:38Z
3472,3361,2540,<urn:uuid:d4e2f37d-9509-44dc-b694-21935b3a0e44>,https://scottmendelson.substack.com/p/obsession-makes-box-office-history,2026-09-30 12:20:33.674668,https://data.commoncrawl.org/crawl-data/CC-NEWS/2026/05/CC-NEWS-20260525200335-08036.warc.gz,2026-05-25T20:03:38Z
3476,395,2544,<urn:uuid:0879ff02-105c-4549-a714-3171cbd94eaf>,https://kpq.com/malware-attack-shutdown-chelan-county/,2026-09-30 12:20:37.395479,https://data.commoncrawl.org/crawl-data/CC-NEWS/2026/05/CC-NEWS-20260525200335-08036.warc.gz,2026-05-25T20:03:40Z
3479,99,,<urn:uuid:cfc8cb4b-8a57-4998-a996-d5539433480c>,https://auto.hindustantimes.com/new-bikes/suzuki/e-access/on-road-price-rajahumundry,2026-09-30 12:20:37.401269,https://data.commoncrawl.org/crawl-data/CC-NEWS/2026/05/CC-NEWS-20260525223238-08037.warc.gz,2026-05-25T22:32:41Z
3480,2305,2547,<urn:uuid:ec282b71-eabe-4b95-90f1-36877ef744e4>,https://www.standardmedia.co.ke/health-science/article/2001548622/more-than-a-skin-condition-the-silent-threat-of-psoriatic-arthritis,2026-09-30 12:20:37.406703,https://data.commoncrawl.org/crawl-data/CC-NEWS/2026/05/CC-NEWS-20260526013829-08038.warc.gz,2026-05-26T01:38:37Z
3481,2305,2548,<urn:uuid:607f553c-fef6-4bac-9186-fd765c6c3480>,https://www.standardmedia.co.ke/health-science/article/2001548626/psoriasis-the-skin-condition-kenyas-health-system-continues-to-ignore,2026-09-30 12:20:37.406703,https://data.commoncrawl.org/crawl-data/CC-NEWS/2026/05/CC-NEWS-20260526013829-08038.warc.gz,2026-05-26T01:38:44Z
3482,268,182,<urn:uuid:3afad74a-39b0-4007-8dfa-97c282a93728>,https://www.wam.ae/ar/article/c08405p-%D8%A7%D9%84%D9%85%D9%88%D8%A7%D8%B1%D8%AF-%D8%A7%D9%84%D8%A8%D8%B4%D8%B1%D9%8A%D8%A9-%D8%A8%D8%B9%D8%AC%D9%85,2026-09-30 12:20:37.406703,https://data.commoncrawl.org/crawl-data/CC-NEWS/2026/05/CC-NEWS-20260526013829-08038.warc.gz,2026-05-26T01:38:48Z
3483,972,654,<urn:uuid:7f18a877-e5c2-4f6a-a2ed-5fd12bd4f9e5>,https://music.mxdwn.com/2026/05/25/news/i-love-boosters-original-motion-picture-score-released-featuring-music-from-tune-yards/,2026-09-30 12:20:39.630809,https://data.commoncrawl.org/crawl-data/CC-NEWS/2026/05/CC-NEWS-20260525223238-08037.warc.gz,2026-05-25T22:32:45Z
3484,166,,<urn:uuid:3e3ce749-c371-4114-ab92-5d6aa745af6c>,https://www.indiainfoline.com/company/samvardhana-motherson-international-ltd/options/30-06-2026-pe-136,2026-09-30 12:20:39.630809,https://data.commoncrawl.org/crawl-data/CC-NEWS/2026/05/CC-NEWS-20260525223238-08037.warc.gz,2026-05-25T22:32:43Z
3488,96,67,<urn:uuid:cefcfd07-58ba-4f25-9ca2-edc023c0d126>,https://www.business-standard.com/industry/aviation/aaib-prepares-interim-report-on-air-india-crash-as-anniversary-nears-126052600487_1.html,2026-09-30 12:20:39.641485,https://data.commoncrawl.org/crawl-data/CC-NEWS/2026/05/CC-NEWS-20260526064852-08040.warc.gz,2026-05-26T06:48:54Z
3489,102,833,<urn:uuid:686ade22-2b2f-457d-a913-a1471a6e6ebf>,https://zeenews.india.com/technology/indias-ai-market-may-cross-500-billion-reshape-office-demand-report-3050556.html,2026-09-30 12:20:39.641485,https://data.commoncrawl.org/crawl-data/CC-NEWS/2026/05/CC-NEWS-20260526064852-08040.warc.gz,2026-05-26T06:48:59Z
3490,96,67,<urn:uuid:7bd2be6b-c179-41e8-8a45-3d811fa6f3fb>,https://www.business-standard.com/markets/capital-market-news/balu-forge-surges-after-securing-maiden-contract-from-aerospace-industry-126052600470_1.html,2026-09-30 12:20:39.641485,https://data.commoncrawl.org/crawl-data/CC-NEWS/2026/05/CC-NEWS-20260526064852-08040.warc.gz,2026-05-26T06:49:00Z
3493,1500,1074,<urn:uuid:34cac256-6401-4167-b3a6-3d63b27f5d18>,https://magicbaltimore.com/5419460/jin-the-mc-launches-record-label/,2026-09-30 12:20:41.376771,https://data.commoncrawl.org/crawl-data/CC-NEWS/2026/05/CC-NEWS-20260526042502-08039.warc.gz,2026-05-26T04:25:05Z
3494,162,,<urn:uuid:b369d4aa-3241-4dd8-abb0-f7dacbf13bd7>,https://www.lebanon24.com/news/breaking-news/1530088/%D9%84%D8%A8%D9%86%D8%A7%D9%86-24-%D8%BA%D8%A7%D8%B1%D8%A9-%D8%A5%D8%B3%D8%B1%D8%A7%D8%A6%D9%8A%D9%84%D9%8A%D8%A9-%D8%A7%D8%B3%D8%AA%D9%87%D8%AF%D9%81%D8%AA-%D9%83%D9%81%D8%B1%D8%A7,2026-09-30 12:20:41.383058,https://data.commoncrawl.org/crawl-data/CC-NEWS/2026/05/CC-NEWS-20260526083726-08041.warc.gz,2026-05-26T08:37:25Z
3495,2531,,<urn:uuid:15879d3d-0445-4ebe-b343-72e4d8abd611>,https://www.kinoafisha.info/en/series/3476/seasons/s1/,2026-09-30 12:20:41.383058,https://data.commoncrawl.org/crawl-data/CC-NEWS/2026/05/CC-NEWS-20260526083726-08041.warc.gz,2026-05-26T08:37:28Z
3496,3382,,<urn:uuid:32f2ed94-9955-4a1e-9bc8-74c3b8dd0fae>,https://hackaday.com/2026/05/26/power-from-gravity/,2026-09-30 12:20:41.383058,https://data.commoncrawl.org/crawl-data/CC-NEWS/2026/05/CC-NEWS-20260526083726-08041.warc.gz,2026-05-26T08:37:30Z
3497,311,,<urn:uuid:a127be8d-59fc-4971-8431-0f0de0a3397f>,https://news.az/tag/political_landscape,2026-09-30 12:20:41.387916,https://data.commoncrawl.org/crawl-data/CC-NEWS/2026/05/CC-NEWS-20260526100556-08042.warc.gz,2026-05-26T10:05:55Z
3498,339,2559,<urn:uuid:d2ac955c-9b89-4155-8a71-085243964afe>,https://www.wvasfm.org/2026-05-26/in-west-texas-an-unlikely-alliance-stands-against-extending-the-border-wall,2026-09-30 12:20:41.387916,https://data.commoncrawl.org/crawl-data/CC-NEWS/2026/05/CC-NEWS-20260526100556-08042.warc.gz,2026-05-26T10:05:56Z
3499,28,2560,<urn:uuid:bcb6b7ae-6263-4508-bc71-a3f50581e379>,https://timesofindia.indiatimes.com/etimes/trending/rejected-apple-usa-life-in-paris-for-bulgaria-indian-man-claims-he-has-zero-regrets-on-choosing-a-happy-life-over-immigrant-flex/articleshow/131326017.cms,2026-09-30 12:20:41.387916,https://data.commoncrawl.org/crawl-data/CC-NEWS/2026/05/CC-NEWS-20260526100556-08042.warc.gz,2026-05-26T10:05:57Z
3500,92,2562,<urn:uuid:cb2417f3-6ad8-468f-aed5-eb8c129c82ad>,https://www.hindustantimes.com/cities/chandigarh-news/where-do-you-live-class-8-boy-s-innocent-query-to-cm-evokes-smiles-101779737338285-amp.html,2026-09-30 12:20:43.11044,https://data.commoncrawl.org/crawl-data/CC-NEWS/2026/05/CC-NEWS-20260526042502-08039.warc.gz,2026-05-26T04:25:06Z
3501,974,656,<urn:uuid:ed5b28cb-5654-49c8-b485-88968a26e751>,https://trashtalk.co/2026/05/24/tactique-les-spurs-font-ils-trop-de-prises-a-deux-sur-shai-gilgeous-alexander/,2026-09-30 12:20:43.11044,https://data.commoncrawl.org/crawl-data/CC-NEWS/2026/05/CC-NEWS-20260526042502-08039.warc.gz,2026-05-26T04:25:10Z
3502,687,278,<urn:uuid:0c71715b-8fb2-4016-9b6e-6e6678f37700>,https://www.deccanherald.com/india/delhi/row-over-du-decision-to-conduct-exams-on-eid-ul-azha-holiday-4016610,2026-09-30 12:20:43.118071,https://data.commoncrawl.org/crawl-data/CC-NEWS/2026/05/CC-NEWS-20260526112850-08043.warc.gz,2026-05-26T11:28:50Z
3503,56,539,<urn:uuid:0eb8c3fc-e29a-484d-ba5b-8729e2a49f06>,https://www.boursorama.com/actualite-economique/actualites/tennis-roland-garros-l-ukrainienne-kostyuk-qualifiee-apres-qu-un-missile-tombe-pres-de-chez-ses-parents-52da8bc330b47f2de050990c2dc4cea6,2026-09-30 12:20:43.118071,https://data.commoncrawl.org/crawl-data/CC-NEWS/2026/05/CC-NEWS-20260526112850-08043.warc.gz,2026-05-26T11:28:50Z
3504,42,2565,<urn:uuid:9f61b156-2da8-4f14-a6b1-eb33337a259e>,https://www.freepressjournal.in/india/pakistan-china-axis-why-sharif-xi-renewed-bonhomie-over-kashmir-is-indias-ultimate-two-front-nightmare,2026-09-30 12:20:43.118071,https://data.commoncrawl.org/crawl-data/CC-NEWS/2026/05/CC-NEWS-20260526112850-08043.warc.gz,2026-05-26T11:28:50Z
3505,390,2566,<urn:uuid:78c0f10e-1d69-4453-8369-bc9414a37d25>,https://www.globenewswire.com/news-release/2026/05/26/3301095/0/en/ASUS-Strengthens-Canada-Leadership-and-Commercial-Momentum-at-ASUS-Business-Summit-2026.html,2026-09-30 12:20:43.125585,https://data.commoncrawl.org/crawl-data/CC-NEWS/2026/05/CC-NEWS-20260526124104-08044.warc.gz,2026-05-26T12:41:03Z
3506,81,,<urn:uuid:94ef5502-6a28-416b-9378-256ada8e532e>,https://unidivers.fr/event/sortie-nature-couleurs-de-libellules-grainville-la-teinturiere-seine-maritime-2026-06-27/,2026-09-30 12:20:43.125585,https://data.commoncrawl.org/crawl-data/CC-NEWS/2026/05/CC-NEWS-20260526124104-08044.warc.gz,2026-05-26T12:41:03Z
3507,12,681,<urn:uuid:e96833ee-186e-4e55-ace5-332ec97e18be>,https://www.rotowire.com/baseball/headlines/logan-allen-news-likely-brief-stay-in-mlb-1005350,2026-09-30 12:20:43.125585,https://data.commoncrawl.org/crawl-data/CC-NEWS/2026/05/CC-NEWS-20260526124104-08044.warc.gz,2026-05-26T12:41:04Z
3508,2432,2568,<urn:uuid:7b1f918a-7639-439c-88a8-4bf788909702>,https://www.businesstoday.in/markets/stocks/story/suzlon-energy-shares-at-rs-55-or-rs-75-targets-by-ubs-centrum-nuvama-others-533271-2026-05-26,2026-09-30 12:20:44.832366,https://data.commoncrawl.org/crawl-data/CC-NEWS/2026/05/CC-NEWS-20260526140022-08045.warc.gz,2026-05-26T14:00:25Z
3509,420,2569,<urn:uuid:e4d93aeb-9e67-44ef-9dc2-b3c11f9ab82d>,https://www.prnewswire.com/news-releases/new-legal-tech-platform-built-by-former-clients-takes-aim-at-the-status-update-problem-302780922.html,2026-09-30 12:20:44.832366,https://data.commoncrawl.org/crawl-data/CC-NEWS/2026/05/CC-NEWS-20260526140022-08045.warc.gz,2026-05-26T14:00:25Z
3510,81,,<urn:uuid:5c3cbb61-5013-4e7b-ba41-b823fcacbf36>,https://unidivers.fr/event/fete-de-printemps-a-fons-fons-lot-2026-05-30/,2026-09-30 12:20:44.832366,https://data.commoncrawl.org/crawl-data/CC-NEWS/2026/05/CC-NEWS-20260526140022-08045.warc.gz,2026-05-26T14:00:25Z
3511,30,704,<urn:uuid:22b3c45c-afc4-4244-ada2-ddac0e43a9d8>,https://www.elbalad.news/6984759,2026-09-30 12:20:44.838485,https://data.commoncrawl.org/crawl-data/CC-NEWS/2026/05/CC-NEWS-20260526152304-08046.warc.gz,2026-05-26T15:23:07Z
3512,166,,<urn:uuid:b32f9d38-85f3-450d-af99-c981ed931824>,https://www.indiainfoline.com/markets/derivatives/option-chain/banknifty/30-06-2026-pe-54200,2026-09-30 12:20:44.838485,https://data.commoncrawl.org/crawl-data/CC-NEWS/2026/05/CC-NEWS-20260526152304-08046.warc.gz,2026-05-26T15:23:08Z
3513,81,,<urn:uuid:e9d53c0a-300b-43bb-b1e3-50e74c6ed090>,https://unidivers.fr/event/tournoi-des-vacances-du-botoret-chauffailles-saone-et-loire-2026-07-04/,2026-09-30 12:20:44.838485,https://data.commoncrawl.org/crawl-data/CC-NEWS/2026/05/CC-NEWS-20260526152304-08046.warc.gz,2026-05-26T15:23:09Z
3514,1009,2571,<urn:uuid:db94bee4-06ec-490f-95e3-8e907e768e6d>,https://www.kbc.co.ke/iebc-condemns-claims-of-plans-to-influence-2027-elections/,2026-09-30 12:20:44.8436,https://data.commoncrawl.org/crawl-data/CC-NEWS/2026/05/CC-NEWS-20260526164836-08047.warc.gz,2026-05-26T16:48:35Z
3515,3402,2573,<urn:uuid:12083528-48dc-4e7d-8fa1-575872bde1f8>,https://www.digitalcameraworld.com/tech/artificial-intelligence/a-new-york-gallery-exhibited-an-ai-version-of-a-famous-photo-without-getting-permission-and-im-not-surprised-people-are-furious,2026-09-30 12:20:44.8436,https://data.commoncrawl.org/crawl-data/CC-NEWS/2026/05/CC-NEWS-20260526164836-08047.warc.gz,2026-05-26T16:48:38Z
3516,726,2572,<urn:uuid:82588f71-aa3e-40a3-af65-c44139310b90>,https://www.outlookindia.com/sports/cricket/rcb-vs-gt-ipl-2026-qualifier-1-virat-kohli-devdutt-padikkal-partnership-dharamsala,2026-09-30 12:20:44.8436,https://data.commoncrawl.org/crawl-data/CC-NEWS/2026/05/CC-NEWS-20260526164836-08047.warc.gz,2026-05-26T16:48:38Z
3517,3407,1605,<urn:uuid:eeb8cefa-0636-4e43-b13b-e050d7f3c844>,https://paroledemamans.com/ma-vie-de-maman/maman-au-quotidien/la-regle-des-2-2-2-la-formule-mathematique-validee-par-les-psys-pour-faire-durer-lamour-dans-votre-couple,2026-09-30 12:20:46.168685,https://data.commoncrawl.org/crawl-data/CC-NEWS/2026/05/CC-NEWS-20260526182045-08048.warc.gz,2026-05-26T18:20:46Z
3518,3406,,<urn:uuid:03cbaa4d-1939-46eb-82d4-8d6b1b843c5e>,https://www.offthekuff.com/wp/?p=123499,2026-09-30 12:20:46.168685,https://data.commoncrawl.org/crawl-data/CC-NEWS/2026/05/CC-NEWS-20260526182045-08048.warc.gz,2026-05-26T18:20:47Z
3519,3405,2574,<urn:uuid:1d0708e3-7007-49a6-b9d7-b52e9834436b>,https://beninwebtv.bj/benin-aristide-medenou-decline-ses-trois-priorites-en-tant-que-ministre-de-leconimie-et-des-finances/,2026-09-30 12:20:46.168685,https://data.commoncrawl.org/crawl-data/CC-NEWS/2026/05/CC-NEWS-20260526182045-08048.warc.gz,2026-05-26T18:20:47Z
3520,423,2576,<urn:uuid:5b60bff1-c82a-4d81-96eb-6e11d036945c>,https://www.myjoyonline.com/first-batch-of-ghanaian-health-workers-set-for-jamaica-deployment-in-june/,2026-09-30 12:20:46.17723,https://data.commoncrawl.org/crawl-data/CC-NEWS/2026/05/CC-NEWS-20260526201008-08049.warc.gz,2026-05-26T20:10:08Z
3521,93,2577,<urn:uuid:fe11cf8a-79f9-4f2f-ba55-ad670d2ca87b>,https://www.timesnownews.com/technology-science/spacex-ipo-raises-red-flags-over-elon-musks-extraordinary-control-article-154404292,2026-09-30 12:20:46.17723,https://data.commoncrawl.org/crawl-data/CC-NEWS/2026/05/CC-NEWS-20260526201008-08049.warc.gz,2026-05-26T20:10:08Z
3522,3408,2578,<urn:uuid:ed0317ea-88f0-4ade-9751-e77d427db2a3>,https://www.kunr.org/2026-05-26/movie-audiences-are-obsessed-with-obsession,2026-09-30 12:20:46.17723,https://data.commoncrawl.org/crawl-data/CC-NEWS/2026/05/CC-NEWS-20260526201008-08049.warc.gz,2026-05-26T20:10:08Z
3523,3413,2579,<urn:uuid:f7bba837-6ca5-4d7e-b640-6af53f93d354>,https://www.wvxu.org/2026-05-26/texas-republicans-will-choose-a-candidate-for-general-election-senate-contest-tuesday,2026-09-30 12:20:46.183482,https://data.commoncrawl.org/crawl-data/CC-NEWS/2026/05/CC-NEWS-20260526222327-08050.warc.gz,2026-05-26T22:23:26Z
3524,671,463,<urn:uuid:96afb16d-cc3d-40ca-9d78-030d9d833eea>,https://uknip.co.uk/news/uk/uk-news/two-arrested-after-fatal-a31-collision-near-froyle-in-hampshire/,2026-09-30 12:20:46.183482,https://data.commoncrawl.org/crawl-data/CC-NEWS/2026/05/CC-NEWS-20260526222327-08050.warc.gz,2026-05-26T22:23:27Z
3525,170,1961,<urn:uuid:83a7ccb8-a0ac-4f31-8950-f080674a0be4>,https://www.cbsnews.com/baltimore/video/baltimore-county-volunteer-firefighter-released-from-jail-after-sexual-assault-allegations/,2026-09-30 12:20:46.183482,https://data.commoncrawl.org/crawl-data/CC-NEWS/2026/05/CC-NEWS-20260526222327-08050.warc.gz,2026-05-26T22:23:27Z
3526,3415,2584,<urn:uuid:f3ec3d52-d24b-4296-9953-b5df466ce51a>,https://www.montanasports.com/college/montana-grizzlies/montana-track-and-fields-growth-exemplified-by-record-number-of-athletes-headed-to-ncaa-west-regional,2026-09-30 12:20:48.318792,https://data.commoncrawl.org/crawl-data/CC-NEWS/2026/05/CC-NEWS-20260527011059-08051.warc.gz,2026-05-27T01:10:59Z
3527,1864,2583,<urn:uuid:c4100ef6-43f0-43db-9226-bcd245257cc1>,https://www.delmarvapublicmedia.org/2026-05-26/texas-republicans-nominate-ken-paxton-for-senate-seat-ousting-incumbent-john-cornyn,2026-09-30 12:20:48.318792,https://data.commoncrawl.org/crawl-data/CC-NEWS/2026/05/CC-NEWS-20260527011059-08051.warc.gz,2026-05-27T01:11:00Z
3528,3416,1691,<urn:uuid:46a77d14-1490-4768-845b-b00cd4cd0b68>,https://wfirnews.com/news/roanoke-mayor-speaks-on-privacy-concerns-over-new-surveillance-tools,2026-09-30 12:20:48.318792,https://data.commoncrawl.org/crawl-data/CC-NEWS/2026/05/CC-NEWS-20260527011059-08051.warc.gz,2026-05-27T01:11:00Z
3529,12,681,<urn:uuid:1c934327-2b8c-4f9c-ba43-27a53c65fc35>,https://www.rotowire.com/baseball/headlines/garrett-crochet-injury-set-for-another-live-bp-on-sunday-1005486,2026-09-30 12:20:48.32531,https://data.commoncrawl.org/crawl-data/CC-NEWS/2026/05/CC-NEWS-20260527041056-08052.warc.gz,2026-05-27T04:10:57Z
3530,405,2587,<urn:uuid:0a63166b-4b11-48d9-b139-84e35c2d36f4>,https://www.jawapos.com/kuliner/2605270068/10-rekomendasi-kopitiam-legendaris-hingga-modern-di-jakarta-untuk-sarapan-sederhana-yang-lezat-hangat-dan-penuh-kenangan,2026-09-30 12:20:48.32531,https://data.commoncrawl.org/crawl-data/CC-NEWS/2026/05/CC-NEWS-20260527041056-08052.warc.gz,2026-05-27T04:10:52Z
3531,51,705,<urn:uuid:570493b9-3c89-4c8d-8c1c-510e1a7e4cad>,https://www.newindianexpress.com/world/2026/May/27/us-military-strike-on-alleged-drug-boat-in-the-eastern-pacific-kills-one-leaves-two-survivors,2026-09-30 12:20:48.32531,https://data.commoncrawl.org/crawl-data/CC-NEWS/2026/05/CC-NEWS-20260527041056-08052.warc.gz,2026-05-27T04:11:01Z
3532,3421,2588,<urn:uuid:a16da202-7850-4504-83f1-6a43f826620c>,https://www.westcoasttoday.co.uk/news/provost-praises-kildonans-community-hub-and-cafe,2026-09-30 12:20:48.330414,https://data.commoncrawl.org/crawl-data/CC-NEWS/2026/05/CC-NEWS-20260527062309-08053.warc.gz,2026-05-27T06:23:09Z
3533,399,821,<urn:uuid:9d1d7458-0c8c-416b-8d85-a20692f0ae4c>,https://wtop.com/news/2026/05/winning-numbers-drawn-in-tuesdays-virginia-pick-5-evening-14/,2026-09-30 12:20:48.330414,https://data.commoncrawl.org/crawl-data/CC-NEWS/2026/05/CC-NEWS-20260527062309-08053.warc.gz,2026-05-27T06:23:10Z
3534,3420,2590,<urn:uuid:57186240-8288-4783-9754-c2eedb608738>,https://www.tomsguide.com/entertainment/netflix/new-on-netflix-in-june-2026-5-best-movies-and-shows-to-stream-plus-full-release-list,2026-09-30 12:20:48.330414,https://data.commoncrawl.org/crawl-data/CC-NEWS/2026/05/CC-NEWS-20260527062309-08053.warc.gz,2026-05-27T06:23:10Z
3535,2531,,<urn:uuid:5b48e817-ee5c-4353-92b4-cb60ad8a442c>,https://www.kinoafisha.info/en/person/8357513/,2026-09-30 12:20:49.88363,https://data.commoncrawl.org/crawl-data/CC-NEWS/2026/05/CC-NEWS-20260527080748-08054.warc.gz,2026-05-27T08:07:47Z
3536,23,,<urn:uuid:a95117dc-231c-44a9-adac-a6d5b1776d74>,https://africa.espn.com/mlb/story/_/id/48888470/dodgers-enrique-hernandez-strains-oblique-2-days-season-debut-likely-bound-injured-list,2026-09-30 12:20:49.88363,https://data.commoncrawl.org/crawl-data/CC-NEWS/2026/05/CC-NEWS-20260527080748-08054.warc.gz,2026-05-27T08:07:49Z
3537,92,2591,<urn:uuid:f3c553e0-c192-400e-b258-5cbba019d556>,https://www.hindustantimes.com/trending/whattt-doctor-s-priceless-reaction-as-nurse-wife-hands-him-cheque-for-his-student-debt-101779866258931-amp.html,2026-09-30 12:20:49.88363,https://data.commoncrawl.org/crawl-data/CC-NEWS/2026/05/CC-NEWS-20260527080748-08054.warc.gz,2026-05-27T08:07:50Z
3538,887,2592,<urn:uuid:ce591799-3e16-49a7-8ab6-79678dcd577a>,https://us.headtopics.com/news/secrets-of-the-dead-china-s-bronze-kingdom-83817742,2026-09-30 12:20:49.890807,https://data.commoncrawl.org/crawl-data/CC-NEWS/2026/05/CC-NEWS-20260527093518-08055.warc.gz,2026-05-27T09:35:18Z
3539,88,2594,<urn:uuid:ee6f3073-5ff4-4f80-8df0-76ef710bf5fc>,https://www.delawarepublic.org/2026-05-27/a-record-breaking-heat-wave-is-hitting-europe,2026-09-30 12:20:49.890807,https://data.commoncrawl.org/crawl-data/CC-NEWS/2026/05/CC-NEWS-20260527093518-08055.warc.gz,2026-05-27T09:35:18Z
3540,237,670,<urn:uuid:c3664e45-a08e-42e1-889d-746ce1d1b858>,https://www.marketbeat.com/instant-alerts/filing-inscription-capital-llc-grows-holdings-in-apple-inc-aapl-2026-05-27/,2026-09-30 12:20:49.890807,https://data.commoncrawl.org/crawl-data/CC-NEWS/2026/05/CC-NEWS-20260527093518-08055.warc.gz,2026-05-27T09:35:20Z
3541,3431,2595,<urn:uuid:618be973-a3e0-4c2d-abb3-201bc788975f>,https://www.rediff.com/sports/report/randhir-singh-veteran-sports-administrator-dies-3/20260527.htm,2026-09-30 12:20:49.896288,https://data.commoncrawl.org/crawl-data/CC-NEWS/2026/05/CC-NEWS-20260527105438-08056.warc.gz,2026-05-27T10:54:39Z
3542,2531,,<urn:uuid:7a30594a-d278-4006-8293-1f5fe1587d05>,https://www.kinoafisha.info/en/person/8396499/,2026-09-30 12:20:49.896288,https://data.commoncrawl.org/crawl-data/CC-NEWS/2026/05/CC-NEWS-20260527105438-08056.warc.gz,2026-05-27T10:54:38Z
3543,3429,2596,<urn:uuid:92c18bab-cc3d-4a4e-84a2-b6e68e9bf6b6>,https://www.insights.uca.org.au/3am/,2026-09-30 12:20:49.896288,https://data.commoncrawl.org/crawl-data/CC-NEWS/2026/05/CC-NEWS-20260527105438-08056.warc.gz,2026-05-27T10:54:39Z
3544,1,3,<urn:uuid:5e1002e8-7708-4c50-91ea-a64768a448ca>,https://menafn.com/1111167402/Five-Economic-Models-Of-AI-In-Customer-Experience-Research-Report-2026-Cost-Efficiency-Revenue-Acceleration-Risk-Mitigation-CX-Boost-Employee-Stability,2026-09-30 12:20:51.780129,https://data.commoncrawl.org/crawl-data/CC-NEWS/2026/05/CC-NEWS-20260527121136-08057.warc.gz,2026-05-27T12:11:35Z
3545,56,539,<urn:uuid:7b583109-610d-4613-9b33-d2b0e9f42bfe>,https://www.boursorama.com/bourse/actualites/retour-sur-investissement-vous-recherchez-la-securite-certaines-obligations-d-entreprises-americaines-de-premier-ordre-surpassent-les-bons-du-tresor-mcgeever-6d0fbffd6a0dd5c2e445b54c1d1cf518,2026-09-30 12:20:51.780129,https://data.commoncrawl.org/crawl-data/CC-NEWS/2026/05/CC-NEWS-20260527121136-08057.warc.gz,2026-05-27T12:11:38Z
3546,28,1481,<urn:uuid:f53d03d9-ac66-4cdb-8ad1-b640113e3bc8>,https://timesofindia.indiatimes.com/india/tamil-nadu-cm-vijay-meets-pm-modi-expected-to-visit-amit-shah-and-nirmala-sitharaman-next/articleshow/131349807.cms,2026-09-30 12:20:51.780129,https://data.commoncrawl.org/crawl-data/CC-NEWS/2026/05/CC-NEWS-20260527121136-08057.warc.gz,2026-05-27T12:11:38Z
3547,121,2602,<urn:uuid:d1a93423-afeb-439a-8e8e-21d45e20ef99>,https://www.si.com/college/tamu/football/what-lsu-does-better-than-texas-am-and-why-it-matters,2026-09-30 12:20:51.786233,https://data.commoncrawl.org/crawl-data/CC-NEWS/2026/05/CC-NEWS-20260527132604-08058.warc.gz,2026-05-27T13:26:07Z
3548,9,1346,<urn:uuid:d2f3511c-1d14-4d42-a36b-9c2328bbac04>,https://www.goal.com/en-qa/lists/man-utd-mateus-fernandes-summer-transfer-window-west-ham-relegation-sale/blta204d7476368e2b9,2026-09-30 12:20:51.786233,https://data.commoncrawl.org/crawl-data/CC-NEWS/2026/05/CC-NEWS-20260527132604-08058.warc.gz,2026-05-27T13:26:07Z
3549,1,3,<urn:uuid:996ad151-545e-47a6-bffd-d5bfce7ed395>,https://menafn.com/1111165060/Bronstein-Gewirtz-Grossman-LLC-Urges-Championx-Corporation-Investors-To-Act-Class-Action-Filed-Alleging-Investor-Harm,2026-09-30 12:20:51.786233,https://data.commoncrawl.org/crawl-data/CC-NEWS/2026/05/CC-NEWS-20260527132604-08058.warc.gz,2026-05-27T13:26:07Z
3550,3439,2605,<urn:uuid:f6b7ddc5-992b-4ec5-b2d9-9f74f3707f69>,https://www.legit.ng/people/1711864-unilag-graduate-achieves-phd-degree-texas-tech-university-lists-academic-degrees/,2026-09-30 12:20:51.791391,https://data.commoncrawl.org/crawl-data/CC-NEWS/2026/05/CC-NEWS-20260527145014-08059.warc.gz,2026-05-27T14:50:16Z
3551,3438,394,<urn:uuid:3459a725-dac2-4627-9528-e7e54b10c5ea>,https://kesq.com/entertainment/cnn-style/2026/05/27/nothing-behind-me-everything-ahead-of-me-6-essential-stops-along-route-66/,2026-09-30 12:20:51.791391,https://data.commoncrawl.org/crawl-data/CC-NEWS/2026/05/CC-NEWS-20260527145014-08059.warc.gz,2026-05-27T14:50:17Z
3552,41,2604,<urn:uuid:750fd277-124d-4278-ab94-7cd313dc44ea>,https://www.oursportscentral.com/services/releases/explorers-bounce-back-with-convincing-win-10-5/n-6367134,2026-09-30 12:20:51.791391,https://data.commoncrawl.org/crawl-data/CC-NEWS/2026/05/CC-NEWS-20260527145014-08059.warc.gz,2026-05-27T14:50:20Z
3553,3443,,<urn:uuid:1a8232ac-e4ad-44fd-a481-c2d351197e1c>,https://www.reggio2000.it/2026/05/27/una-nuova-stagione-di-ippica-eventi-e-intrattenimento-allippodromo-di-milano/,2026-09-30 12:20:53.286989,https://data.commoncrawl.org/crawl-data/CC-NEWS/2026/05/CC-NEWS-20260527161041-08060.warc.gz,2026-05-27T16:10:41Z
3554,30,704,<urn:uuid:9fab025d-aebd-4c66-871e-1a939d03a87f>,https://www.elbalad.news/6985534,2026-09-30 12:20:53.286989,https://data.commoncrawl.org/crawl-data/CC-NEWS/2026/05/CC-NEWS-20260527161041-08060.warc.gz,2026-05-27T16:10:43Z
3555,3441,2606,<urn:uuid:f8fa412b-c093-41d4-853b-9d3644102d7f>,https://www.crash.net/motogp/news/1096253/1/marc-marquez-proceeding-caution-ahead-motogp-return,2026-09-30 12:20:53.286989,https://data.commoncrawl.org/crawl-data/CC-NEWS/2026/05/CC-NEWS-20260527161041-08060.warc.gz,2026-05-27T16:10:44Z
3556,3444,2608,<urn:uuid:1e3265dc-5da7-4899-873e-3ddc4700a34f>,https://www.butfootballclub.fr/1672645-asse-mercato-kilmer-boucle-une-recrue-davenir-en-plein-barrage/,2026-09-30 12:20:53.293988,https://data.commoncrawl.org/crawl-data/CC-NEWS/2026/05/CC-NEWS-20260527173528-08061.warc.gz,2026-05-27T17:35:28Z
3557,15,912,<urn:uuid:22771be3-2c96-4175-90ae-f282488c09ec>,https://www.nasdaq.com/articles/canadian-imperial-scheduled-report-q2-earnings-whats-store,2026-09-30 12:20:53.293988,https://data.commoncrawl.org/crawl-data/CC-NEWS/2026/05/CC-NEWS-20260527173528-08061.warc.gz,2026-05-27T17:35:28Z
3558,3445,,<urn:uuid:319717af-d14b-445e-a68a-fd7044a72617>,https://www.masstransitmag.com/management/news/55380035/mi-qa-wayne-countys-assad-turfe-on-his-case-for-smart-millage,2026-09-30 12:20:53.293988,https://data.commoncrawl.org/crawl-data/CC-NEWS/2026/05/CC-NEWS-20260527173528-08061.warc.gz,2026-05-27T17:35:30Z
3559,15,912,<urn:uuid:85dfaa2e-edab-49ad-a9d4-88006d6b1d99>,https://www.nasdaq.com/articles/fe-vs-pnw-which-utility-stock-better-investment-pick-2026,2026-09-30 12:20:53.29957,https://data.commoncrawl.org/crawl-data/CC-NEWS/2026/05/CC-NEWS-20260527190750-08062.warc.gz,2026-05-27T19:07:51Z
3560,28,1129,<urn:uuid:0d6afed3-4e88-438c-841c-f7fa5e312763>,https://timesofindia.indiatimes.com/city/ahmedabad/heatwave-like-conditions-to-persist-in-city-relief-likely-from-may-30/articleshow/131358001.cms,2026-09-30 12:20:53.29957,https://data.commoncrawl.org/crawl-data/CC-NEWS/2026/05/CC-NEWS-20260527190750-08062.warc.gz,2026-05-27T19:07:54Z
3561,3447,2610,<urn:uuid:49f7ec49-aae1-4d2d-a439-5b86edba24aa>,https://www.futurity.org/clouds-cycle-hot-jupiter-planet-3336102/?utm_source=rss&utm_medium=rss&utm_campaign=clouds-cycle-hot-jupiter-planet-3336102,2026-09-30 12:20:53.29957,https://data.commoncrawl.org/crawl-data/CC-NEWS/2026/05/CC-NEWS-20260527190750-08062.warc.gz,2026-05-27T19:07:54Z
3562,222,2614,<urn:uuid:b66de177-4bbf-47ed-ba58-53bb9917c855>,https://www.boisestatepublicradio.org/2026-05-27/democrats-look-to-rural-voters-to-grow-their-coalition,2026-09-30 12:20:55.094849,https://data.commoncrawl.org/crawl-data/CC-NEWS/2026/05/CC-NEWS-20260527204442-08063.warc.gz,2026-05-27T20:44:42Z
3563,743,2615,<urn:uuid:563692fe-5c65-48d3-ba50-7debc42b07cf>,https://www.kgou.org/business-and-economy/2026-05-27/more-people-are-going-hungry-now-than-at-the-height-of-the-pandemic,2026-09-30 12:20:55.094849,https://data.commoncrawl.org/crawl-data/CC-NEWS/2026/05/CC-NEWS-20260527204442-08063.warc.gz,2026-05-27T20:44:43Z
3564,8,942,<urn:uuid:35a592ff-b1c9-4485-91c0-b5be2f93e274>,https://www.westernjournal.com/exiled-venezuelan-leader-gifted-trump-nobel-prize-will-return-home-run-president/,2026-09-30 12:20:55.094849,https://data.commoncrawl.org/crawl-data/CC-NEWS/2026/05/CC-NEWS-20260527204442-08063.warc.gz,2026-05-27T20:44:45Z
3565,1748,,<urn:uuid:91bdd24e-de61-4516-9046-458f8476884e>,https://www.kxxv.com/videos/news/national-news/11-presumed-dead-after-washington-paper-mill-tank-rupture,2026-09-30 12:20:55.1024,https://data.commoncrawl.org/crawl-data/CC-NEWS/2026/05/CC-NEWS-20260527223734-08064.warc.gz,2026-05-27T22:37:34Z
3566,121,2616,<urn:uuid:fdb153db-10e2-4f22-8045-4371642a2a05>,https://www.si.com/college/tennessee/baseball/ecu-makes-questionable-decision-ahead-of-game-against-tennessee-baseball-01ksnmsv9tyk,2026-09-30 12:20:55.1024,https://data.commoncrawl.org/crawl-data/CC-NEWS/2026/05/CC-NEWS-20260527223734-08064.warc.gz,2026-05-27T22:37:36Z
3567,3455,2617,<urn:uuid:daa54c3b-6506-4d25-a431-c7bb45baf39f>,https://thehardtackle.com/transfer-news/2026/05/28/tottenham-handed-boost-in-savinho-pursuit/,2026-09-30 12:20:55.1024,https://data.commoncrawl.org/crawl-data/CC-NEWS/2026/05/CC-NEWS-20260527223734-08064.warc.gz,2026-05-27T22:37:35Z
3568,399,821,<urn:uuid:660f942a-a52f-4e2f-a22b-14ba631c116e>,https://wtop.com/sports/2026/05/dodgers-kike-hernandez-sidelined-by-a-significant-tear-in-his-left-oblique/,2026-09-30 12:20:55.107483,https://data.commoncrawl.org/crawl-data/CC-NEWS/2026/05/CC-NEWS-20260528004929-08065.warc.gz,2026-05-28T00:49:30Z
3569,99,,<urn:uuid:5c82f8ff-3201-4c46-ac81-5aac9a158c36>,https://auto.hindustantimes.com/new-cars/marutisuzuki/e-vitara/on-road-price-kunnamkulam,2026-09-30 12:20:55.107483,https://data.commoncrawl.org/crawl-data/CC-NEWS/2026/05/CC-NEWS-20260528004929-08065.warc.gz,2026-05-28T00:49:31Z
3570,3457,2618,<urn:uuid:094b12c1-ed0d-49af-b145-d2e1b152b2af>,https://www.burnham-on-sea.com/news/burnham-utd-u18s-celebrate-superb-league-and-cup-double-after-standout-season/,2026-09-30 12:20:55.107483,https://data.commoncrawl.org/crawl-data/CC-NEWS/2026/05/CC-NEWS-20260528004929-08065.warc.gz,2026-05-28T00:49:33Z
3571,51,181,<urn:uuid:29c94b53-cd8a-4c72-baa8-7738b9367682>,https://www.newindianexpress.com/cities/thiruvananthapuram/2026/May/28/robotic-surgeries-held-at-thiruvananthapuram-govt-medical-college-hospital,2026-09-30 12:20:56.712544,https://data.commoncrawl.org/crawl-data/CC-NEWS/2026/05/CC-NEWS-20260528032617-08066.warc.gz,2026-05-28T03:26:17Z
3572,1444,2620,<urn:uuid:a3e31d3f-a941-4ac9-98ef-8289e5c0e45f>,https://www.businessday.co.za/opinion/2026-05-28-dumisani-jantjies-state-must-be-proactive-in-inflation-battle/,2026-09-30 12:20:56.712544,https://data.commoncrawl.org/crawl-data/CC-NEWS/2026/05/CC-NEWS-20260528032617-08066.warc.gz,2026-05-28T03:26:20Z
3573,12,681,<urn:uuid:c62995dc-7d02-44b9-b663-10a867c85966>,https://www.rotowire.com/baseball/headlines/xavier-edwards-news-swipes-two-bags-in-wednesdays-loss-1005718,2026-09-30 12:20:56.712544,https://data.commoncrawl.org/crawl-data/CC-NEWS/2026/05/CC-NEWS-20260528032617-08066.warc.gz,2026-05-28T03:26:19Z
3574,1766,,<urn:uuid:f0adbe2c-6842-4be1-b0a8-890ef01de943>,https://www.pearson.com/channels/gob/flashcards/topics/benzene-reactions/benzene-reactions-quiz,2026-09-30 12:20:56.718212,https://data.commoncrawl.org/crawl-data/CC-NEWS/2026/05/CC-NEWS-20260528055156-08067.warc.gz,2026-05-28T05:51:57Z
3575,28,1652,<urn:uuid:c6a09ba0-4af6-41d8-b8e5-f63bc7d6ee8a>,https://timesofindia.indiatimes.com/health/every-breath-was-a-struggle-thane-doctors-save-6-month-old-with-complex-bronchial-stenting-surgery/articleshow/131348564.cms,2026-09-30 12:20:56.718212,https://data.commoncrawl.org/crawl-data/CC-NEWS/2026/05/CC-NEWS-20260528055156-08067.warc.gz,2026-05-28T05:52:00Z
3576,3463,2624,<urn:uuid:1d56e10f-724a-4f57-b702-827f435eaa0e>,https://www.seoul.co.kr/news/politics/2026/05/28/20260528500104,2026-09-30 12:20:56.718212,https://data.commoncrawl.org/crawl-data/CC-NEWS/2026/05/CC-NEWS-20260528055156-08067.warc.gz,2026-05-28T05:51:59Z
3577,242,928,<urn:uuid:380febf8-ad97-4af1-9018-a5b5aa7f81b2>,https://www.okaz.com.sa/sport/na/2250433,2026-09-30 12:20:56.723562,https://data.commoncrawl.org/crawl-data/CC-NEWS/2026/05/CC-NEWS-20260528074655-08068.warc.gz,2026-05-28T07:46:55Z
3578,3465,2625,<urn:uuid:c96c34a9-f558-4158-a773-04954eabca4c>,https://www.causeur.fr/les-bobards-des-ecolos-entretien-francois-de-rugy-laurent-lesage-327619,2026-09-30 12:20:56.723562,https://data.commoncrawl.org/crawl-data/CC-NEWS/2026/05/CC-NEWS-20260528074655-08068.warc.gz,2026-05-28T07:46:55Z
3579,3466,2626,<urn:uuid:304c8e61-6349-417e-b8ff-b417d01eaeb4>,https://en.vestikavkaza.ru/news/Armenia-to-remain-in-EAEU-but-proceed-with-reforms-to-achieve-EU-standards-Pashinyan.html,2026-09-30 12:20:56.723562,https://data.commoncrawl.org/crawl-data/CC-NEWS/2026/05/CC-NEWS-20260528074655-08068.warc.gz,2026-05-28T07:46:55Z
3580,3468,,<urn:uuid:703f8d47-8784-49f2-9064-be636f5ae190>,https://www.bdlcm.com/en-lu/team/laurent-chaudeurge,2026-09-30 12:20:58.335333,https://data.commoncrawl.org/crawl-data/CC-NEWS/2026/05/CC-NEWS-20260528092949-08069.warc.gz,2026-05-28T09:29:49Z
3581,3469,2628,<urn:uuid:3fdde5d7-fe98-4368-9d41-4e4732a0c643>,https://www.jewishexponent.com/son-of-saul-director-says-jews-are-shunned-in-cinema/,2026-09-30 12:20:58.335333,https://data.commoncrawl.org/crawl-data/CC-NEWS/2026/05/CC-NEWS-20260528092949-08069.warc.gz,2026-05-28T09:29:48Z
3582,398,,<urn:uuid:67d8095b-d716-4d8e-a6ca-e94773b9b756>,https://www.xtb.com/int/market-analysis/news-and-research/silver-slips-1-5-bank-of-america-sees-rebound-potential,2026-09-30 12:20:58.335333,https://data.commoncrawl.org/crawl-data/CC-NEWS/2026/05/CC-NEWS-20260528092949-08069.warc.gz,2026-05-28T09:29:48Z
3583,3473,,<urn:uuid:f4b66a60-8112-4956-aaf1-65f260d22f4d>,https://www.theijnews.com/articles/3741/view/jerry-west-memorial-fund-golf-tourney-is-sat-june-13th,2026-09-30 12:20:58.34167,https://data.commoncrawl.org/crawl-data/CC-NEWS/2026/05/CC-NEWS-20260528105454-08070.warc.gz,2026-05-28T10:54:54Z
3584,2162,2630,<urn:uuid:fe9a282d-bd14-4bf8-9994-0f1d85d62d63>,https://www.nprillinois.org/2026-05-28/cure-for-paranoia-tiny-desk-concert,2026-09-30 12:20:58.34167,https://data.commoncrawl.org/crawl-data/CC-NEWS/2026/05/CC-NEWS-20260528105454-08070.warc.gz,2026-05-28T10:54:55Z
3585,75,2629,<urn:uuid:058d29c9-9de1-4a79-89a5-21b5be71e6d0>,https://www.kucb.org/2026-05-28/2-dead-9-missing-in-washington-state-paper-mill-disaster,2026-09-30 12:20:58.34167,https://data.commoncrawl.org/crawl-data/CC-NEWS/2026/05/CC-NEWS-20260528105454-08070.warc.gz,2026-05-28T10:54:55Z
3586,5,,<urn:uuid:499ce729-562e-43d1-8126-33e9d60eef53>,https://www.dvidshub.net/image/9711862/hhc-change-command-and-change-responsibility-ceremony,2026-09-30 12:20:58.345489,https://data.commoncrawl.org/crawl-data/CC-NEWS/2026/05/CC-NEWS-20260528121830-08071.warc.gz,2026-05-28T12:18:32Z
3587,82,2631,<urn:uuid:6400cafb-b127-4175-823f-cd866aef426c>,https://www.boston25news.com/news/politics/federal-judge/K2OEN553LY42VMHVTXI44PRMXA/,2026-09-30 12:20:58.345489,https://data.commoncrawl.org/crawl-data/CC-NEWS/2026/05/CC-NEWS-20260528121830-08071.warc.gz,2026-05-28T12:18:33Z
3588,81,,<urn:uuid:3852594d-6123-41af-b243-70e3b33564c5>,https://unidivers.fr/event/journee-forge-plouigneau-finistere-2026-07-29/,2026-09-30 12:20:58.345489,https://data.commoncrawl.org/crawl-data/CC-NEWS/2026/05/CC-NEWS-20260528121830-08071.warc.gz,2026-05-28T12:18:33Z
3589,3479,2633,<urn:uuid:81344132-f260-4a16-97e8-962376810872>,https://www.which.co.uk/news/article/im-a-car-expert-heres-why-id-never-buy-a-plug-in-hybrid-aRXXC3V5StB2,2026-09-30 12:20:59.824875,https://data.commoncrawl.org/crawl-data/CC-NEWS/2026/05/CC-NEWS-20260528133237-08072.warc.gz,2026-05-28T13:32:37Z
3590,390,2634,<urn:uuid:be0c3481-b7fb-488d-8ff6-58d4fae6d5fa>,https://www.globenewswire.com/news-release/2026/05/28/3302946/0/en/No-Gas-No-Noise-No-Compromise-HiKNiGHT-Launches-GTX1-4000W-Electric-Off-Road-Motorcycle-Under-1-000.html,2026-09-30 12:20:59.824875,https://data.commoncrawl.org/crawl-data/CC-NEWS/2026/05/CC-NEWS-20260528133237-08072.warc.gz,2026-05-28T13:32:37Z
3591,3478,2632,<urn:uuid:9c6c697d-7d03-4522-8fb5-cc42330293a1>,https://www.justarsenal.com/arsenal-will-sell-one-of-their-experienced-players-for-only-5m/415922,2026-09-30 12:20:59.824875,https://data.commoncrawl.org/crawl-data/CC-NEWS/2026/05/CC-NEWS-20260528133237-08072.warc.gz,2026-05-28T13:32:37Z
3592,3482,,<urn:uuid:81e52b7c-8c60-4928-82dd-317616148354>,https://www.upday.com/fr/politique/logement-social-contre-relations-sexuelles-un-senateur-lr-perd-son-immunite/kwm9rm5,2026-09-30 12:20:59.830015,https://data.commoncrawl.org/crawl-data/CC-NEWS/2026/05/CC-NEWS-20260528145650-08073.warc.gz,2026-05-28T14:56:50Z
3593,92,2635,<urn:uuid:98a9fc01-1016-4b69-b116-ff3906d288c7>,https://www.hindustantimes.com/opinion/ghost-of-retrospective-amendments-in-tax-law-101779978443651.html,2026-09-30 12:20:59.830015,https://data.commoncrawl.org/crawl-data/CC-NEWS/2026/05/CC-NEWS-20260528145650-08073.warc.gz,2026-05-28T14:56:50Z
3594,391,,<urn:uuid:17a6c50c-e4aa-470c-81d6-e294ecad7c7f>,https://www.ktvh.com/videos/news/national-politics/democrats-introduce-bill-to-block-construction-of-trumps-dc-arch,2026-09-30 12:20:59.830015,https://data.commoncrawl.org/crawl-data/CC-NEWS/2026/05/CC-NEWS-20260528145650-08073.warc.gz,2026-05-28T14:56:50Z
3595,3483,2637,<urn:uuid:15ab806d-a678-4be5-8060-4e5f37f20ad8>,https://www.businesstimes.com.sg/companies-markets/banking-finance/bank-koreas-new-chief-reveals-hawkish-posture-price-fx-risks-grow,2026-09-30 12:20:59.834,https://data.commoncrawl.org/crawl-data/CC-NEWS/2026/05/CC-NEWS-20260528162020-08074.warc.gz,2026-05-28T16:20:21Z
3596,390,2636,<urn:uuid:a1151fa7-5efc-4a06-b5eb-7aa9c5cefd3c>,https://www.globenewswire.com/news-release/2026/05/28/3303107/0/en/BandM8-Announces-Technologist-Serge-Belongie-and-GRAMMY-Award-winning-Guitarist-Vernon-Reid-Living-Colour-Black-Rock-Coalition-founder-as-Members-of-its-Advisory-Board.html,2026-09-30 12:20:59.834,https://data.commoncrawl.org/crawl-data/CC-NEWS/2026/05/CC-NEWS-20260528162020-08074.warc.gz,2026-05-28T16:20:21Z
3597,252,,<urn:uuid:2689c9e0-1345-4fc2-8608-f9da314db959>,https://www.tolerance.ca/ArticleExt.aspx?ID=604253&L=en,2026-09-30 12:20:59.834,https://data.commoncrawl.org/crawl-data/CC-NEWS/2026/05/CC-NEWS-20260528162020-08074.warc.gz,2026-05-28T16:20:21Z
3598,3083,1154,<urn:uuid:ddab763b-6e8f-485c-9567-27e5e34c9282>,https://www.wsbradio.com/news/trending/dodgers-prospect-injures-kneecap-while-trying-avoid-bat-dog/4ICQCHMIWFBFHF5VYQY7BAEI7Y/,2026-09-30 12:21:01.755137,https://data.commoncrawl.org/crawl-data/CC-NEWS/2026/05/CC-NEWS-20260528175542-08075.warc.gz,2026-05-28T17:55:42Z
3599,141,2639,<urn:uuid:87401637-308a-4ad7-8cb6-0075b3229321>,https://www.nhpr.org/nh-news/2026-05-28/young-workers-moving-nh-affordability-concerns-hard-stay-migration-retention-nhfpi,2026-09-30 12:21:01.755137,https://data.commoncrawl.org/crawl-data/CC-NEWS/2026/05/CC-NEWS-20260528175542-08075.warc.gz,2026-05-28T17:55:43Z
3600,3486,,<urn:uuid:7b503c0d-3326-4e65-8574-d570880a3f49>,https://lcnme.com/currentnews/bcs-students-launch-revolutionary-community-collaboration/,2026-09-30 12:21:01.755137,https://data.commoncrawl.org/crawl-data/CC-NEWS/2026/05/CC-NEWS-20260528175542-08075.warc.gz,2026-05-28T17:55:40Z
3601,8,227,<urn:uuid:c2ec7675-27e0-41f3-a352-ef1fb90cca2d>,https://www.westernjournal.com/gold-star-wife-asks-help-getting-picture-husbands-grave-arlington-followed-will-restore-faith-america/?utm_source=facebook&utm_medium=patriotupdate&utm_campaign=lminetwork&utm_content=2026-05-28,2026-09-30 12:21:01.763852,https://data.commoncrawl.org/crawl-data/CC-NEWS/2026/05/CC-NEWS-20260528194104-08076.warc.gz,2026-05-28T19:41:03Z
3602,743,863,<urn:uuid:ae3a1c11-a81f-461a-ac69-fa9788d8832a>,https://www.kgou.org/2026-05-28/what-the-next-generation-of-classical-musicians-sounds-like,2026-09-30 12:21:01.763852,https://data.commoncrawl.org/crawl-data/CC-NEWS/2026/05/CC-NEWS-20260528194104-08076.warc.gz,2026-05-28T19:41:03Z
3603,230,1017,<urn:uuid:2e0fc359-fd35-4285-986c-232edb9851a8>,https://www.99jamzmiami.com/news/trending/dolly-partons-tennessean-travel-stop-sets-grand-opening/TMPDND6FERGR7PAL2HJJCOPKMU/,2026-09-30 12:21:01.763852,https://data.commoncrawl.org/crawl-data/CC-NEWS/2026/05/CC-NEWS-20260528194104-08076.warc.gz,2026-05-28T19:41:03Z
3604,301,,<urn:uuid:cecbc3bd-4b11-40c5-ad0c-e295be7ba303>,https://www.carpages.ca/used-cars/ontario/london/2015-chevrolet-cruze-14177629/,2026-09-30 12:21:01.769503,https://data.commoncrawl.org/crawl-data/CC-NEWS/2026/05/CC-NEWS-20260528214951-08077.warc.gz,2026-05-28T21:49:50Z
3605,500,,<urn:uuid:ded842f8-6250-436f-b2d1-7a326d78d089>,https://www.eib.org/de/projects/all/20160028,2026-09-30 12:21:01.769503,https://data.commoncrawl.org/crawl-data/CC-NEWS/2026/05/CC-NEWS-20260528214951-08077.warc.gz,2026-05-28T21:49:50Z
3606,273,186,<urn:uuid:c6c9a299-f5fc-4133-8d55-b30be5b4869b>,https://www.albayan.ae/news/uae/1332323,2026-09-30 12:21:01.769503,https://data.commoncrawl.org/crawl-data/CC-NEWS/2026/05/CC-NEWS-20260528214951-08077.warc.gz,2026-05-28T21:49:51Z
3607,203,2644,<urn:uuid:3a907488-1163-46b7-ae71-cfb3652776ff>,https://actualitte.com/livres/896495/extraits/glisse-et-decouvre-les-couleurs-aa-vv-giulia-dragone-9788830331310,2026-09-30 12:21:03.953027,https://data.commoncrawl.org/crawl-data/CC-NEWS/2026/05/CC-NEWS-20260529002901-08078.warc.gz,2026-05-29T00:29:01Z
3608,203,2645,<urn:uuid:93bd166b-1f67-4c79-8f4e-1d86975b8cf3>,https://actualitte.com/livres/896497/extraits/meme-les-maitresses-apprennent-susanna-covelli-chiara-ravizza-9788830357686,2026-09-30 12:21:03.953027,https://data.commoncrawl.org/crawl-data/CC-NEWS/2026/05/CC-NEWS-20260529002901-08078.warc.gz,2026-05-29T00:29:08Z
3609,3496,,<urn:uuid:9684cf27-6925-40b4-bf09-d22ecf449563>,https://shelterislandreporter.archive.timesreview.com/2010/07/more-from-the-vault/,2026-09-30 12:21:03.953027,https://data.commoncrawl.org/crawl-data/CC-NEWS/2026/05/CC-NEWS-20260529002901-08078.warc.gz,2026-05-29T00:29:12Z
3610,3498,2646,<urn:uuid:1612ff98-0588-455b-84a1-042bbd267b19>,https://www.nerdwallet.com/mortgages/news/mortgage-rates-today-thursday-may-28-2026,2026-09-30 12:21:03.961512,https://data.commoncrawl.org/crawl-data/CC-NEWS/2026/05/CC-NEWS-20260529032048-08079.warc.gz,2026-05-29T03:20:48Z
3611,3496,,<urn:uuid:79e2be36-d22a-4745-aeff-6d7a4c70c54e>,https://shelterislandreporter.archive.timesreview.com/2011/05/shelter-island-student-earns-teeny-nomination/,2026-09-30 12:21:03.961512,https://data.commoncrawl.org/crawl-data/CC-NEWS/2026/05/CC-NEWS-20260529032048-08079.warc.gz,2026-05-29T03:20:51Z
3612,500,,<urn:uuid:0f2297a9-8ecc-405c-b240-4b12f5dece83>,https://www.eib.org/de/projects/all/20080289,2026-09-30 12:21:03.961512,https://data.commoncrawl.org/crawl-data/CC-NEWS/2026/05/CC-NEWS-20260529032048-08079.warc.gz,2026-05-29T03:20:53Z
3613,786,2647,<urn:uuid:fa7a5b6f-3675-45c0-9f34-69198d7833ce>,https://www.bairdmaritime.com/passenger/cruise/first-steel-cut-for-crystal-cruises-new-650-guest-ship,2026-09-30 12:21:03.967073,https://data.commoncrawl.org/crawl-data/CC-NEWS/2026/05/CC-NEWS-20260529055453-08080.warc.gz,2026-05-29T05:54:55Z
3614,3496,,<urn:uuid:c762fd9b-f1c1-41f2-a29d-eea50c3d0232>,https://shelterislandreporter.archive.timesreview.com/2012/02/viewfinder-in-concert-on-the-island/,2026-09-30 12:21:03.967073,https://data.commoncrawl.org/crawl-data/CC-NEWS/2026/05/CC-NEWS-20260529055453-08080.warc.gz,2026-05-29T05:54:57Z
3615,3496,,<urn:uuid:21d25fa3-1aa3-4b54-94d0-70cb3ec1ac17>,https://shelterislandreporter.archive.timesreview.com/2012/02/viewfinder-island-architecture/,2026-09-30 12:21:03.967073,https://data.commoncrawl.org/crawl-data/CC-NEWS/2026/05/CC-NEWS-20260529055453-08080.warc.gz,2026-05-29T05:54:58Z
3616,92,2649,<urn:uuid:7b03cdbd-8547-4352-918f-544a1d5f1ebf>,https://www.hindustantimes.com/trending/google-maps-said-4-hours-american-traveller-found-a-quicker-way-to-bihars-bhagalpur-101780034979077-amp.html,2026-09-30 12:21:05.897684,https://data.commoncrawl.org/crawl-data/CC-NEWS/2026/05/CC-NEWS-20260529075822-08081.warc.gz,2026-05-29T07:58:22Z
3617,8,227,<urn:uuid:fc622182-7a4a-4d6c-806e-a7c1b2f237a4>,https://www.westernjournal.com/gold-star-wife-asks-help-getting-picture-husbands-grave-arlington-followed-will-restore-faith-america/?utm_source=facebook&utm_medium=TPNN&utm_campaign=lminetwork&utm_content=2026-05-29,2026-09-30 12:21:05.897684,https://data.commoncrawl.org/crawl-data/CC-NEWS/2026/05/CC-NEWS-20260529075822-08081.warc.gz,2026-05-29T07:58:23Z
3618,3496,,<urn:uuid:525cf35c-8570-46f2-845b-61d48bc4b806>,https://shelterislandreporter.archive.timesreview.com/2012/11/l-i-farm-bureau-exec-getting-kidney-from-brother/,2026-09-30 12:21:05.897684,https://data.commoncrawl.org/crawl-data/CC-NEWS/2026/05/CC-NEWS-20260529075822-08081.warc.gz,2026-05-29T07:58:25Z
3619,93,2652,<urn:uuid:91d99263-4c3b-48d7-8692-389a21868da4>,https://www.timesnownews.com/lifestyle/books/7-books-every-graduate-should-read-before-life-gets-complicated-article-154425073,2026-09-30 12:21:05.907019,https://data.commoncrawl.org/crawl-data/CC-NEWS/2026/05/CC-NEWS-20260529093419-08082.warc.gz,2026-05-29T09:34:20Z
3620,3505,2650,<urn:uuid:de303827-6ed9-4bf5-be0d-10265bd36348>,https://guidenetworth.com/russell-brunson-net-worth/,2026-09-30 12:21:05.907019,https://data.commoncrawl.org/crawl-data/CC-NEWS/2026/05/CC-NEWS-20260529093419-08082.warc.gz,2026-05-29T09:34:15Z
3621,74,2651,<urn:uuid:e7704148-4e06-4fbd-82c5-b9b5e46a6385>,https://www.newsbytesapp.com/news/sports/sc-allows-vinesh-phogat-to-participate-in-asian-games-trials/story,2026-09-30 12:21:05.907019,https://data.commoncrawl.org/crawl-data/CC-NEWS/2026/05/CC-NEWS-20260529093419-08082.warc.gz,2026-05-29T09:34:21Z
3622,390,2653,<urn:uuid:eae965b4-5148-41eb-b263-65aaea308561>,https://www.globenewswire.com/news-release/2026/05/29/3303496/31990/en/Agios-Provides-Update-on-Phase-2b-Trial-of-Tebapivat-in-Lower-Risk-Myelodysplastic-Syndromes.html,2026-09-30 12:21:05.915883,https://data.commoncrawl.org/crawl-data/CC-NEWS/2026/05/CC-NEWS-20260529110738-08083.warc.gz,2026-05-29T11:07:39Z
3623,1679,2655,<urn:uuid:160c3e80-92b4-43df-b87b-3d94dfea7dbc>,https://www.sunstar.com.ph/cebu/teen-injured-after-tree-falls-on-home,2026-09-30 12:21:05.915883,https://data.commoncrawl.org/crawl-data/CC-NEWS/2026/05/CC-NEWS-20260529110738-08083.warc.gz,2026-05-29T11:07:39Z
3624,409,2117,<urn:uuid:f6eaec8f-a49f-426e-93f7-8962b24022ab>,https://uk.headtopics.com/news/five-year-old-girl-dies-after-a59-collision-boy-and-adults-83833451,2026-09-30 12:21:05.915883,https://data.commoncrawl.org/crawl-data/CC-NEWS/2026/05/CC-NEWS-20260529110738-08083.warc.gz,2026-05-29T11:07:41Z
3625,3513,,<urn:uuid:c9c2dcbc-0b31-4a4c-9449-b7a5235689ff>,https://www.wncw.org/community-calendar/event/songwriter-sundays-28-05-2026-09-34-19,2026-09-30 12:21:07.930942,https://data.commoncrawl.org/crawl-data/CC-NEWS/2026/05/CC-NEWS-20260529123321-08084.warc.gz,2026-05-29T12:33:21Z
3626,166,,<urn:uuid:bd31540f-c3b9-4e81-9341-6853b2355a11>,https://www.indiainfoline.com/markets/derivatives/option-chain/nifty/13-04-2026-ce-25450,2026-09-30 12:21:07.930942,https://data.commoncrawl.org/crawl-data/CC-NEWS/2026/05/CC-NEWS-20260529123321-08084.warc.gz,2026-05-29T12:33:23Z
3627,92,2656,<urn:uuid:5aefc877-0480-4308-be5b-6d15aedb521d>,https://www.hindustantimes.com/entertainment/tamil-cinema/why-plea-seeking-ban-on-suriya-trisha-krishnan-rj-balaji-karuppu-judiciary-corruption-dismissed-by-madras-hc-explainer-101780048315442-amp.html,2026-09-30 12:21:07.930942,https://data.commoncrawl.org/crawl-data/CC-NEWS/2026/05/CC-NEWS-20260529123321-08084.warc.gz,2026-05-29T12:33:24Z
3628,555,,<urn:uuid:0363b8de-f92c-49fb-9c72-d5ae839776b3>,https://kz.kinoafisha.info/en/almaty/movies/8375909/2026-06-01/,2026-09-30 12:21:07.936908,https://data.commoncrawl.org/crawl-data/CC-NEWS/2026/05/CC-NEWS-20260529135105-08085.warc.gz,2026-05-29T13:51:04Z
3629,9,2658,<urn:uuid:5c0bead3-0748-4d7b-ba12-0898b9dfe640>,https://www.goal.com/en-us/betting/tips/south-africa-vs-nicaragua-predictions-5-29-2026/A%3Ablt7bd7378f4e3e8e79,2026-09-30 12:21:07.936908,https://data.commoncrawl.org/crawl-data/CC-NEWS/2026/05/CC-NEWS-20260529135105-08085.warc.gz,2026-05-29T13:51:05Z
3630,206,138,<urn:uuid:65146790-d418-4e9f-8753-f28ce8b4629e>,https://blackamericaweb.com/2026/05/28/national-hamburger-day-at-home-traditional-vegan-bunless-ideas/,2026-09-30 12:21:07.936908,https://data.commoncrawl.org/crawl-data/CC-NEWS/2026/05/CC-NEWS-20260529135105-08085.warc.gz,2026-05-29T13:51:05Z
3631,3517,2661,<urn:uuid:990fdc95-3471-410e-8c5e-463db12aa9f0>,https://www.kcur.org/politics-elections-and-government/2026-05-29/more-than-10-000-kansas-children-lose-food-assistance-in-wake-of-one-big-beautiful-bill-act,2026-09-30 12:21:07.94209,https://data.commoncrawl.org/crawl-data/CC-NEWS/2026/05/CC-NEWS-20260529151557-08086.warc.gz,2026-05-29T15:15:58Z
3632,2129,2659,<urn:uuid:1cbd0726-1d6f-43de-b0fa-28d8442b3114>,https://www.okehampton-today.co.uk/news/okey-memory-cafe-calls-out-for-more-volunteers-912143,2026-09-30 12:21:07.94209,https://data.commoncrawl.org/crawl-data/CC-NEWS/2026/05/CC-NEWS-20260529151557-08086.warc.gz,2026-05-29T15:15:58Z
3633,423,2660,<urn:uuid:74242910-e6eb-4d87-8505-43947048540f>,https://www.myjoyonline.com/176-teachers-in-prestea-huni-valley-paid-by-parents-amid-staffing-shortages-education-minister/,2026-09-30 12:21:07.94209,https://data.commoncrawl.org/crawl-data/CC-NEWS/2026/05/CC-NEWS-20260529151557-08086.warc.gz,2026-05-29T15:15:58Z
3634,3521,2663,<urn:uuid:e0acd899-7b0c-4027-bdf8-5cd89c1a2bb8>,https://laughingsquid.com/human-baby-helpless/,2026-09-30 12:21:09.525425,https://data.commoncrawl.org/crawl-data/CC-NEWS/2026/05/CC-NEWS-20260529164806-08087.warc.gz,2026-05-29T16:48:06Z
3635,170,2664,<urn:uuid:6fb5e8d5-8c74-4f9c-a990-2abcadf16cb4>,https://www.cbsnews.com/boston/news/citgo-sign-move-boston-letters/,2026-09-30 12:21:09.525425,https://data.commoncrawl.org/crawl-data/CC-NEWS/2026/05/CC-NEWS-20260529164806-08087.warc.gz,2026-05-29T16:48:08Z
3636,3522,2662,<urn:uuid:a688bf7d-eae3-4bbb-8049-f36b6e22731c>,https://www.surinenglish.com/malaga/data-shows-that-rent-prices-malaga-triple-20260529173722-nt.html,2026-09-30 12:21:09.525425,https://data.commoncrawl.org/crawl-data/CC-NEWS/2026/05/CC-NEWS-20260529164806-08087.warc.gz,2026-05-29T16:48:08Z
3637,3525,2667,<urn:uuid:e21792d3-c1c1-47cd-96b4-1265ca5e1a48>,https://www.transformernews.ai/p/the-campaign-to-stop-federal-ai-laws-illinois-sb-315,2026-09-30 12:21:09.533379,https://data.commoncrawl.org/crawl-data/CC-NEWS/2026/05/CC-NEWS-20260529183036-08088.warc.gz,2026-05-29T18:30:36Z
3638,424,295,<urn:uuid:b7b5abed-388a-4458-a9d7-8bf062a69205>,https://www.gamereactor.eu/pikmins-soundtrack-added-to-nintendo-music-1725923/,2026-09-30 12:21:09.533379,https://data.commoncrawl.org/crawl-data/CC-NEWS/2026/05/CC-NEWS-20260529183036-08088.warc.gz,2026-05-29T18:30:36Z
3639,36,715,<urn:uuid:beab99ea-3408-4840-8d68-b4b4f13d2bd5>,https://www.indiatoday.in/world/story/iran-peace-deal-irgc-fars-disputes-donald-trump-claims-strait-of-hormuz-opening-2919323-2026-05-29,2026-09-30 12:21:09.533379,https://data.commoncrawl.org/crawl-data/CC-NEWS/2026/05/CC-NEWS-20260529183036-08088.warc.gz,2026-05-29T18:30:37Z
3640,3528,,<urn:uuid:b53d285c-defd-478a-bb09-c1b8ebfa515b>,https://www.mactech.com/2026/05/29/apple-major-league-soccer-partnership-spurs-grow-of-mls-viewership/?utm_source=rss&utm_medium=rss&utm_campaign=apple-major-league-soccer-partnership-spurs-grow-of-mls-viewership,2026-09-30 12:21:09.54068,https://data.commoncrawl.org/crawl-data/CC-NEWS/2026/05/CC-NEWS-20260529203153-08089.warc.gz,2026-05-29T20:31:52Z
3641,99,,<urn:uuid:39d159f3-d34a-4a97-8d4d-62e9c705c8cd>,https://auto.hindustantimes.com/new-bikes/olaelectric/roadster-x/on-road-price-maler-kotla,2026-09-30 12:21:09.54068,https://data.commoncrawl.org/crawl-data/CC-NEWS/2026/05/CC-NEWS-20260529203153-08089.warc.gz,2026-05-29T20:31:52Z
3642,3527,2668,<urn:uuid:64aea331-d690-40a1-81b1-48ac7f040d57>,https://www.cinemablend.com/television/house-of-the-dragons-boss-compared-battle-lotr-now-i-understand-stakes-helms-deep-gullet,2026-09-30 12:21:09.54068,https://data.commoncrawl.org/crawl-data/CC-NEWS/2026/05/CC-NEWS-20260529203153-08089.warc.gz,2026-05-29T20:31:54Z
3643,3531,,<urn:uuid:c2f84d4c-5d6a-4447-8fab-e34d7ae2dfac>,https://worldtribune.com/memo-biden-harris-regime-sent-taxpayer-funds-to-terror-linked-ngos-anti-israel-protests/,2026-09-30 12:21:11.006094,https://data.commoncrawl.org/crawl-data/CC-NEWS/2026/05/CC-NEWS-20260529224741-08090.warc.gz,2026-05-29T22:47:40Z
3644,2367,2669,<urn:uuid:cc3d1b97-62b1-4013-bd72-098332fd4a42>,https://www.bgr.com/2181570/keira-knightley-andrew-garfield-sci-fi-movie-roger-ebert-never-let-me-go/,2026-09-30 12:21:11.006094,https://data.commoncrawl.org/crawl-data/CC-NEWS/2026/05/CC-NEWS-20260529224741-08090.warc.gz,2026-05-29T22:47:41Z
3645,3529,,<urn:uuid:53a9ccf8-3515-4f4e-8476-cfb130979d29>,https://www.3newsnow.com/videos/news/national-politics/judge-says-kennedy-center-board-broke-law-putting-trumps-name-on-building,2026-09-30 12:21:11.006094,https://data.commoncrawl.org/crawl-data/CC-NEWS/2026/05/CC-NEWS-20260529224741-08090.warc.gz,2026-05-29T22:47:41Z
3646,3532,,<urn:uuid:127e312d-5616-499a-9648-2d6d3cc95f86>,https://www.brut.media/afrique/videos/afrique/politique/sur-l-itineraire-d-un-opposant-devenu-president,2026-09-30 12:21:11.01273,https://data.commoncrawl.org/crawl-data/CC-NEWS/2026/05/CC-NEWS-20260530022214-08091.warc.gz,2026-05-30T02:22:14Z
3647,392,2670,<urn:uuid:32d9143f-97ce-4cb6-8d18-048df60ac375>,https://www.spokesman.com/stories/2026/may/29/geothermal-energy-package-coming-to-house-floor/,2026-09-30 12:21:11.01273,https://data.commoncrawl.org/crawl-data/CC-NEWS/2026/05/CC-NEWS-20260530022214-08091.warc.gz,2026-05-30T02:22:17Z
3648,500,,<urn:uuid:78877d16-363c-4d40-bae1-1c8ad7d95cae>,https://www.eib.org/en/projects/all/20170825,2026-09-30 12:21:11.01273,https://data.commoncrawl.org/crawl-data/CC-NEWS/2026/05/CC-NEWS-20260530022214-08091.warc.gz,2026-05-30T02:22:19Z
3649,3535,2671,<urn:uuid:414eaf4b-1df7-4633-b0c5-d050ebfca226>,https://www.distractify.com/p/bruce-springsteen-trump-protest-festival,2026-09-30 12:21:11.017815,https://data.commoncrawl.org/crawl-data/CC-NEWS/2026/05/CC-NEWS-20260530054510-08092.warc.gz,2026-05-30T05:45:11Z
3650,63,2673,<urn:uuid:2f9e6542-0f36-4adc-a92f-4c0e9f9908fa>,https://indianexpress.com/article/trending/trending-in-india/british-man-cleaning-kasar-devi-uttarakhand-viral-video-10715241/,2026-09-30 12:21:11.017815,https://data.commoncrawl.org/crawl-data/CC-NEWS/2026/05/CC-NEWS-20260530054510-08092.warc.gz,2026-05-30T05:45:11Z
3651,177,119,<urn:uuid:0d1087e7-f8b6-487b-bc8a-8bc3090eb8a2>,https://www.i24news.tv/fr/actu/international/moyen-orient/artc-les-emirats-arabes-unis-ont-mene-des-dizaines-de-frappes-contre-l-iran-pendant-la-guerre,2026-09-30 12:21:11.017815,https://data.commoncrawl.org/crawl-data/CC-NEWS/2026/05/CC-NEWS-20260530054510-08092.warc.gz,2026-05-30T05:45:12Z
3652,310,2675,<urn:uuid:11fb4d7f-6935-4e94-a5fd-d8192597add5>,https://www.aa.com.tr/en/europe/eu-commissioner-slams-netanyahu-s-plans-to-control-70-of-gaza/3951311,2026-09-30 12:21:12.38625,https://data.commoncrawl.org/crawl-data/CC-NEWS/2026/05/CC-NEWS-20260530082225-08093.warc.gz,2026-05-30T08:22:25Z
3653,13,,<urn:uuid:3529e6eb-e3f1-497b-bf86-e96a9004553c>,https://www.finanznachrichten.de/nachrichten-2026-05/68635416-mynd-ai-regains-compliance-with-nyse-american-filing-requirements-following-submission-of-annual-report-on-form-20-f-008.htm,2026-09-30 12:21:12.38625,https://data.commoncrawl.org/crawl-data/CC-NEWS/2026/05/CC-NEWS-20260530082225-08093.warc.gz,2026-05-30T08:22:26Z
3654,96,67,<urn:uuid:58240389-1412-47aa-91de-895d81402b67>,https://www.business-standard.com/india-news/cuet-ug-delayed-at-some-centres-due-to-technical-issue-timing-revised-nta-126053000630_1.html,2026-09-30 12:21:12.38625,https://data.commoncrawl.org/crawl-data/CC-NEWS/2026/05/CC-NEWS-20260530082225-08093.warc.gz,2026-05-30T08:22:27Z
3655,3542,2677,<urn:uuid:3cf3bce5-a494-4b4c-b91d-7340e8d0a71a>,https://mymodernmet.com/bbc-earth-three-hours-sir-david-attenborough/,2026-09-30 12:21:12.393879,https://data.commoncrawl.org/crawl-data/CC-NEWS/2026/05/CC-NEWS-20260530104138-08094.warc.gz,2026-05-30T10:41:39Z
3656,2403,2678,<urn:uuid:cfc2ab5d-07bd-4edd-8279-d245048f7b5e>,https://riverheadnewsreview.timesreview.com/2026/05/134140/letters-to-the-editor-lalota-again/,2026-09-30 12:21:12.393879,https://data.commoncrawl.org/crawl-data/CC-NEWS/2026/05/CC-NEWS-20260530104138-08094.warc.gz,2026-05-30T10:41:39Z
3657,96,67,<urn:uuid:b7aa0111-de86-471d-9c60-34ff339f88bf>,https://www.business-standard.com/markets/capital-market-news/genesys-international-corporation-reports-standalone-net-loss-of-rs-2-06-crore-in-the-march-2026-quarter-126053000851_1.html,2026-09-30 12:21:12.393879,https://data.commoncrawl.org/crawl-data/CC-NEWS/2026/05/CC-NEWS-20260530104138-08094.warc.gz,2026-05-30T10:41:39Z
3658,111,81,<urn:uuid:806b80cc-bf4d-4711-b193-ba6437561835>,https://www.siasat.com/hyderabad-nims-hospital-conducts-mock-fire-drill-3479691/,2026-09-30 12:21:12.399516,https://data.commoncrawl.org/crawl-data/CC-NEWS/2026/05/CC-NEWS-20260530125241-08095.warc.gz,2026-05-30T12:52:41Z
3659,3545,,<urn:uuid:5ed81ed8-b786-4136-9d91-0c9034d98344>,https://www.aljadeed.tv/entertainment/%D8%A3%D8%AE%D8%A8%D8%A7%D8%B1-%D9%81%D9%86%D9%8A%D8%A9/575596/%D8%B1%D9%87%D9%81-%D9%85%D8%AD%D9%85%D8%AF-%D8%AA%D8%B1%D8%AF-%D8%B9%D9%84%D9%89-%D8%B4%D8%A7%D8%A6%D8%B9%D8%A7%D8%AA-%D8%A7%D8%B1%D8%AA%D8%A8%D8%A7%D8%B7%D9%87%D8%A7-%D8%A8%D9%80-%D9%81%D9%87%D8%AF-%D8%A7%D9%84%D8%B5%D8%A7%D9%84%D8%AD-%D9%88%D8%AA%D9%83%D8%B4%D9%81-%D8%A7%D9%84%D8%AA%D9%81%D8%A7%D8%B5%D9%8A%D9%84,2026-09-30 12:21:12.399516,https://data.commoncrawl.org/crawl-data/CC-NEWS/2026/05/CC-NEWS-20260530125241-08095.warc.gz,2026-05-30T12:52:41Z
3660,3544,2680,<urn:uuid:9ed8140b-e24d-4079-bcae-435e6b1cd76b>,https://ae.headtopics.com/news/15831576161032172077-83894604,2026-09-30 12:21:12.399516,https://data.commoncrawl.org/crawl-data/CC-NEWS/2026/05/CC-NEWS-20260530125241-08095.warc.gz,2026-05-30T12:52:42Z
3661,237,670,<urn:uuid:de5d1646-d72e-40a9-9385-3404233c7ce0>,https://www.marketbeat.com/instant-alerts/filing-savant-capital-llc-lowers-position-in-bank-of-america-corporation-bac-2026-05-30/,2026-09-30 12:21:14.118226,https://data.commoncrawl.org/crawl-data/CC-NEWS/2026/05/CC-NEWS-20260530151451-08096.warc.gz,2026-05-30T15:14:52Z
3662,63,2682,<urn:uuid:8c67c544-1005-4926-afce-1005c69c3be1>,https://indianexpress.com/article/sports/football/liverpool-sack-arne-slot-a-year-after-winning-championship-10716086/,2026-09-30 12:21:14.118226,https://data.commoncrawl.org/crawl-data/CC-NEWS/2026/05/CC-NEWS-20260530151451-08096.warc.gz,2026-05-30T15:14:54Z
3663,500,,<urn:uuid:92a46ad3-4179-4d44-b6d6-33f148e65c3d>,https://www.eib.org/en/projects/all/19971323,2026-09-30 12:21:14.118226,https://data.commoncrawl.org/crawl-data/CC-NEWS/2026/05/CC-NEWS-20260530151451-08096.warc.gz,2026-05-30T15:14:53Z
3664,3552,2683,<urn:uuid:7d8fefa3-f19e-4bca-aeed-0862acf70b25>,https://www.windowscentral.com/gaming/xbox/latest-xbox-update-adds-new-custom-colors-smarter-service-alerts-and-more-ways-to-personalize-your-console-experience,2026-09-30 12:21:14.123451,https://data.commoncrawl.org/crawl-data/CC-NEWS/2026/05/CC-NEWS-20260530173608-08097.warc.gz,2026-05-30T17:36:08Z
3665,500,,<urn:uuid:7b4c3575-6b28-4a23-8745-47bf2376d727>,https://www.eib.org/en/projects/all/19920237,2026-09-30 12:21:14.123451,https://data.commoncrawl.org/crawl-data/CC-NEWS/2026/05/CC-NEWS-20260530173608-08097.warc.gz,2026-05-30T17:36:10Z
3666,63,2684,<urn:uuid:4a04c297-1fd7-42c9-afb4-669f26f8f42a>,https://indianexpress.com/article/cities/ahmedabad/gift-city-shootspace-digital-investment-fraud-bhumi-patel-arrested-10716169/,2026-09-30 12:21:14.123451,https://data.commoncrawl.org/crawl-data/CC-NEWS/2026/05/CC-NEWS-20260530173608-08097.warc.gz,2026-05-30T17:36:11Z
3667,3083,2686,<urn:uuid:2c6f9c79-dee0-4269-9a7a-4a153f32f63d>,https://www.wsbradio.com/news/national/4-5-victims-virginia/HJEB6LIDQI2FFOJHL6O35SJDFM/,2026-09-30 12:21:14.127373,https://data.commoncrawl.org/crawl-data/CC-NEWS/2026/05/CC-NEWS-20260530203432-08098.warc.gz,2026-05-30T20:34:32Z
3668,28,2685,<urn:uuid:496110e3-feda-4161-a278-7118bdd6f97f>,https://timesofindia.indiatimes.com/sports/nfl/news/who-is-nolan-teasley-the-vikings-new-gm-who-had-to-beg-31-nfl-teams-for-a-chance/articleshow/131415424.cms,2026-09-30 12:21:14.127373,https://data.commoncrawl.org/crawl-data/CC-NEWS/2026/05/CC-NEWS-20260530203432-08098.warc.gz,2026-05-30T20:34:34Z
3669,162,,<urn:uuid:61aa2549-214f-46d7-b584-322817e286cb>,https://www.lebanon24.com/news/lebanon/1531980/%D8%A8%D8%A7%D9%84%D9%81%D9%8A%D8%AF%D9%8A%D9%88-%D8%BA%D8%A7%D8%B1%D8%A7%D8%AA-%D8%A5%D8%B3%D8%B1%D8%A7%D8%A6%D9%8A%D9%84%D9%8A%D9%91%D8%A9-%D8%AA%D8%B3%D8%AA%D9%87%D8%AF%D9%81-%D8%A8%D9%84%D8%AF%D8%A9-%D9%85%D8%B4%D8%BA%D8%B1%D8%A9,2026-09-30 12:21:14.127373,https://data.commoncrawl.org/crawl-data/CC-NEWS/2026/05/CC-NEWS-20260530203432-08098.warc.gz,2026-05-30T20:34:35Z
3670,3558,,<urn:uuid:8e231b82-6264-4e91-b629-16798f6b6bda>,http://www.tracksideonline.com/2026/05/30/university-of-michigan-football-coach-kyle-wittingham-in-fastest-seat-at-detroit/,2026-09-30 12:21:15.6084,https://data.commoncrawl.org/crawl-data/CC-NEWS/2026/05/CC-NEWS-20260531001731-08099.warc.gz,2026-05-31T00:17:30Z
3671,3557,2687,<urn:uuid:e1dee145-3128-4f87-a20d-98e7ab2d04d5>,https://thegoldreport.substack.com/p/the-gold-report-weekly-wrap-up-876,2026-09-30 12:21:15.6084,https://data.commoncrawl.org/crawl-data/CC-NEWS/2026/05/CC-NEWS-20260531001731-08099.warc.gz,2026-05-31T00:17:32Z
3672,500,,<urn:uuid:72daee4a-4d73-43e1-8d17-e47afbcf7f34>,https://www.eib.org/en/projects/all/19857008,2026-09-30 12:21:15.6084,https://data.commoncrawl.org/crawl-data/CC-NEWS/2026/05/CC-NEWS-20260531001731-08099.warc.gz,2026-05-31T00:17:33Z
3673,500,,<urn:uuid:9625b998-cbe7-49ef-b315-18ffd1824b3e>,https://www.eib.org/fr/projects/all/20200173,2026-09-30 12:21:15.614062,https://data.commoncrawl.org/crawl-data/CC-NEWS/2026/05/CC-NEWS-20260531044204-08100.warc.gz,2026-05-31T04:42:04Z
3674,136,2688,<urn:uuid:52d1066d-12ea-4e75-8cb4-a9b23f9bb440>,https://www.telegraphindia.com/entertainment/shiboprosad-mukherjee-and-nandita-roy-bring-agatha-christies-miss-marple-to-rural-bengal/cid/2163273,2026-09-30 12:21:15.614062,https://data.commoncrawl.org/crawl-data/CC-NEWS/2026/05/CC-NEWS-20260531044204-08100.warc.gz,2026-05-31T04:42:08Z
3675,84,796,<urn:uuid:0afae86c-7cce-46f5-b92b-6b401d03a5b2>,https://www.aljazeera.net/news/2026/5/31/%D9%86%D9%8A%D8%B2%D9%83-%D8%A8%D9%82%D9%88%D8%A9-300-%D8%B7%D9%86-%D9%85%D9%86-%D8%A7%D9%84%D9%85%D8%AA%D9%81%D8%AC%D8%B1%D8%A7%D8%AA-%D9%8A%D9%87%D8%B2,2026-09-30 12:21:15.614062,https://data.commoncrawl.org/crawl-data/CC-NEWS/2026/05/CC-NEWS-20260531044204-08100.warc.gz,2026-05-31T04:42:08Z
3676,162,,<urn:uuid:a6f5bee1-0d3a-41bc-963d-d899867a0709>,https://www.lebanon24.com/news/lebanon/1532158/%D8%AE%D9%85%D8%B3%D8%A9-%D9%85%D9%84%D9%81%D8%A7%D8%AA-%D8%AA%D8%B1%D8%B3%D9%85-%D8%AE%D8%B1%D9%8A%D8%B7%D8%A9-%D8%B7%D8%B1%D9%8A%D9%82-%D8%A7%D9%84%D8%AC%D9%86%D9%88%D8%A8-%D9%84%D9%84%D9%85%D8%B1%D8%AD%D9%84%D8%A9-%D8%A7%D9%84%D9%85%D9%82%D8%A8%D9%84%D8%A9,2026-09-30 12:21:15.618852,https://data.commoncrawl.org/crawl-data/CC-NEWS/2026/05/CC-NEWS-20260531074654-08101.warc.gz,2026-05-31T07:46:54Z
3677,500,,<urn:uuid:2afb7954-47c8-4164-9a33-27dc2dfec2e6>,https://www.eib.org/fr/projects/all/20180391,2026-09-30 12:21:15.618852,https://data.commoncrawl.org/crawl-data/CC-NEWS/2026/05/CC-NEWS-20260531074654-08101.warc.gz,2026-05-31T07:46:54Z
3678,68,2690,<urn:uuid:ff9f013f-6523-4161-914b-972623a1a29d>,https://www.premiumtimesng.com/regional/ssouth-west/884079-oyo-abduction-makinde-meets-victims-families-says-nearly-200-amotekun-killed-in-six-years.html,2026-09-30 12:21:15.618852,https://data.commoncrawl.org/crawl-data/CC-NEWS/2026/05/CC-NEWS-20260531074654-08101.warc.gz,2026-05-31T07:46:55Z
3679,1932,1405,<urn:uuid:8cdb8111-4199-40e6-8101-cd688f7573e2>,https://www.linternaute.com/actualite/guide-vie-quotidienne/1230833-fete-des-meres-2026-cartes-images-et-idees-de-messages-pour-les-mamans/,2026-09-30 12:21:17.516971,https://data.commoncrawl.org/crawl-data/CC-NEWS/2026/05/CC-NEWS-20260531103115-08102.warc.gz,2026-05-31T10:31:15Z
3680,500,,<urn:uuid:4a621fe8-c7dc-4847-879c-0cff38c4ab6a>,https://www.eib.org/fr/projects/all/20150781,2026-09-30 12:21:17.516971,https://data.commoncrawl.org/crawl-data/CC-NEWS/2026/05/CC-NEWS-20260531103115-08102.warc.gz,2026-05-31T10:31:16Z
3681,30,704,<urn:uuid:72993fcb-6681-4c4b-8524-03ad2dced3ae>,https://www.elbalad.news/6988166,2026-09-30 12:21:17.516971,https://data.commoncrawl.org/crawl-data/CC-NEWS/2026/05/CC-NEWS-20260531103115-08102.warc.gz,2026-05-31T10:31:18Z
3682,500,,<urn:uuid:fed39180-b458-46c1-9252-e55654e05271>,https://www.eib.org/fr/projects/all/20120150,2026-09-30 12:21:17.521631,https://data.commoncrawl.org/crawl-data/CC-NEWS/2026/05/CC-NEWS-20260531125710-08103.warc.gz,2026-05-31T12:57:09Z
3683,2820,2195,<urn:uuid:5c9dbae4-56c7-40a5-aa7e-8f67928506c9>,https://www.geo.tv/latest/666728-prince-william-and-kate-splash-out-on-dream-windsor-home,2026-09-30 12:21:17.521631,https://data.commoncrawl.org/crawl-data/CC-NEWS/2026/05/CC-NEWS-20260531125710-08103.warc.gz,2026-05-31T12:57:13Z
3684,2938,,<urn:uuid:f5f000e4-ed75-489a-8b12-ce8eee8443ab>,https://www.wdiy.org/2026-05-31/in-a-new-novel-2-women-in-1930s-new-york-city-face-down-the-mob,2026-09-30 12:21:17.521631,https://data.commoncrawl.org/crawl-data/CC-NEWS/2026/05/CC-NEWS-20260531125710-08103.warc.gz,2026-05-31T12:57:13Z
3685,237,670,<urn:uuid:33f4f0d7-5c1a-47fc-a36f-ba17e4a32a67>,https://www.marketbeat.com/instant-alerts/filing-verity-verity-llc-takes-107-million-position-in-unitedhealth-group-incorporated-unh-2026-05-31/,2026-09-30 12:21:17.525572,https://data.commoncrawl.org/crawl-data/CC-NEWS/2026/05/CC-NEWS-20260531151734-08104.warc.gz,2026-05-31T15:17:34Z
3686,93,2696,<urn:uuid:60c09a42-a041-456a-b902-c0b889691ff6>,https://www.timesnownews.com/sports/pickleball/730-days-no-defeat-anna-leigh-waters-pickleballs-unstoppable-force-at-19-article-154437116,2026-09-30 12:21:17.525572,https://data.commoncrawl.org/crawl-data/CC-NEWS/2026/05/CC-NEWS-20260531151734-08104.warc.gz,2026-05-31T15:17:37Z
3687,36,1011,<urn:uuid:41c41a66-50a9-43bb-a2c4-0b85a6e19c32>,https://www.indiatoday.in/cities/delhi/story/tenant-warned-civic-body-police-months-before-deadly-delhi-building-collapse-aap-2919959-2026-05-31,2026-09-30 12:21:17.525572,https://data.commoncrawl.org/crawl-data/CC-NEWS/2026/05/CC-NEWS-20260531151734-08104.warc.gz,2026-05-31T15:17:39Z
3688,632,,<urn:uuid:aa6ab518-a3b3-49b7-bde0-89f10687be18>,https://www.khaberni.com/news/814605-%D8%A7%D9%84%D9%86%D8%A7%D8%A6%D8%A8-%D8%A7%D9%84%D8%AE%D8%B5%D8%A7%D9%88%D9%86%D8%A9-%D8%B9%D9%86-%D8%AD%D8%A7%D8%AF%D8%AB%D8%A9-%D9%85%D8%B7%D8%B9%D9%85-%D8%A7%D8%B1%D8%A8%D8%AF-%D8%A7%D8%A8%D9%86%D9%8A-%D9%84%D9%85-%D9%8A%D8%B9%D8%AA%D8%AF-%D8%B9%D9%84%D9%89-%D8%A7%D8%AD%D8%AF,2026-09-30 12:21:18.909664,https://data.commoncrawl.org/crawl-data/CC-NEWS/2026/05/CC-NEWS-20260531174211-08105.warc.gz,2026-05-31T17:42:11Z
3689,166,,<urn:uuid:270a14d7-aad7-4547-b190-d810005ca795>,https://www.indiainfoline.com/company/pg-electroplast-ltd/options/30-03-2026-pe-420,2026-09-30 12:21:18.909664,https://data.commoncrawl.org/crawl-data/CC-NEWS/2026/05/CC-NEWS-20260531174211-08105.warc.gz,2026-05-31T17:42:11Z
3690,500,,<urn:uuid:e6f395ac-50a1-49a9-b02a-4a4384bf9000>,https://www.eib.org/fr/projects/all/20030208,2026-09-30 12:21:18.909664,https://data.commoncrawl.org/crawl-data/CC-NEWS/2026/05/CC-NEWS-20260531174211-08105.warc.gz,2026-05-31T17:42:12Z
3691,81,,<urn:uuid:7f20c857-7b5a-4eee-85b1-39c055f349e0>,https://unidivers.fr/event/vieux-chateau-dhomps-jardin-de-jeanne-vieux-chateau-dhomps-jardin-de-jeanne-homps-gers-2026-06-27t1000000200/,2026-09-30 12:21:18.916076,https://data.commoncrawl.org/crawl-data/CC-NEWS/2026/05/CC-NEWS-20260531202510-08106.warc.gz,2026-05-31T20:25:10Z
3692,3578,2697,<urn:uuid:90e22bb9-cb9b-4843-b969-64f89b01f055>,https://lanouvelletribune.info/2026/05/royal-air-maroc-ferme-les-etats-unis-aux-voyageurs-de-trois-pays-africains/,2026-09-30 12:21:18.916076,https://data.commoncrawl.org/crawl-data/CC-NEWS/2026/05/CC-NEWS-20260531202510-08106.warc.gz,2026-05-31T20:25:10Z
3693,500,,<urn:uuid:68de37d3-d858-4225-a03e-293dc151d1a3>,https://www.eib.org/fr/projects/all/19990302,2026-09-30 12:21:18.916076,https://data.commoncrawl.org/crawl-data/CC-NEWS/2026/05/CC-NEWS-20260531202510-08106.warc.gz,2026-05-31T20:25:13Z
3694,500,,<urn:uuid:dd764f8f-2333-44b2-8bc8-798cf01e8370>,https://www.eib.org/fr/projects/all/19942236,2026-09-30 12:21:18.920991,https://data.commoncrawl.org/crawl-data/CC-NEWS/2026/05/CC-NEWS-20260531230753-08107.warc.gz,2026-05-31T23:07:52Z
3695,311,,<urn:uuid:d1e42b7d-469a-45bf-9d8c-cb109b5bf744>,https://news.az/tag/tokyo_market,2026-09-30 12:21:18.920991,https://data.commoncrawl.org/crawl-data/CC-NEWS/2026/05/CC-NEWS-20260531230753-08107.warc.gz,2026-05-31T23:07:52Z
3696,8,462,<urn:uuid:e7790c04-41de-4b64-b4bd-69e221669abb>,https://www.westernjournal.com/tim-walz-gun-control-bill-goes-flames-despite-dems-sit-protest/?utm_source=facebook&utm_medium=conservativeupdate&utm_campaign=cuwjpost&utm_content=2026-05-31,2026-09-30 12:21:18.920991,https://data.commoncrawl.org/crawl-data/CC-NEWS/2026/05/CC-NEWS-20260531230753-08107.warc.gz,2026-05-31T23:07:54Z
